d,unixTs,liveliness
2009-01-09,1231459200,0.0
2009-01-10,1231545600,0.0
2009-01-11,1231632000,0.0
2009-01-12,1231718400,0.0
2009-01-13,1231804800,0.0
2009-01-14,1231891200,0.0
2009-01-15,1231977600,0.0
2009-01-16,1232064000,0.0
2009-01-17,1232150400,0.0
2009-01-18,1232236800,0.0
2009-01-19,1232323200,0.0
2009-01-20,1232409600,0.0
2009-01-21,1232496000,0.0
2009-01-22,1232582400,0.0
2009-01-23,1232668800,0.0
2009-01-24,1232755200,0.0
2009-01-25,1232841600,0.0
2009-01-26,1232928000,0.0
2009-01-27,1233014400,0.0
2009-01-28,1233100800,0.0
2009-01-29,1233187200,0.0
2009-01-30,1233273600,0.0
2009-01-31,1233360000,0.0
2009-02-01,1233446400,0.0
2009-02-02,1233532800,0.0
2009-02-03,1233619200,0.0
2009-02-04,1233705600,0.0
2009-02-05,1233792000,0.0
2009-02-06,1233878400,0.0
2009-02-07,1233964800,0.0
2009-02-08,1234051200,0.0
2009-02-09,1234137600,0.0
2009-02-10,1234224000,0.0
2009-02-11,1234310400,0.0
2009-02-12,1234396800,0.0
2009-02-13,1234483200,0.0
2009-02-14,1234569600,0.0
2009-02-15,1234656000,0.0
2009-02-16,1234742400,0.0
2009-02-17,1234828800,0.0
2009-02-18,1234915200,0.0
2009-02-19,1235001600,0.0
2009-02-20,1235088000,0.0
2009-02-21,1235174400,0.0
2009-02-22,1235260800,0.0
2009-02-23,1235347200,0.0
2009-02-24,1235433600,0.0
2009-02-25,1235520000,0.0
2009-02-26,1235606400,0.0
2009-02-27,1235692800,0.0
2009-02-28,1235779200,0.0
2009-03-01,1235865600,0.0
2009-03-02,1235952000,0.0
2009-03-03,1236038400,0.0
2009-03-04,1236124800,0.0
2009-03-05,1236211200,0.0
2009-03-06,1236297600,0.0
2009-03-07,1236384000,0.0
2009-03-08,1236470400,0.0
2009-03-09,1236556800,0.0
2009-03-10,1236643200,0.0
2009-03-11,1236729600,0.0
2009-03-12,1236816000,0.0
2009-03-13,1236902400,0.0
2009-03-14,1236988800,0.0
2009-03-15,1237075200,0.0
2009-03-16,1237161600,0.0
2009-03-17,1237248000,0.0
2009-03-18,1237334400,0.0
2009-03-19,1237420800,0.0
2009-03-20,1237507200,0.0
2009-03-21,1237593600,0.0
2009-03-22,1237680000,0.0
2009-03-23,1237766400,0.0
2009-03-24,1237852800,0.0
2009-03-25,1237939200,0.0
2009-03-26,1238025600,0.0
2009-03-27,1238112000,0.0
2009-03-28,1238198400,0.0
2009-03-29,1238284800,0.0
2009-03-30,1238371200,0.0
2009-03-31,1238457600,0.0
2009-04-01,1238544000,0.0
2009-04-02,1238630400,0.0
2009-04-03,1238716800,0.0
2009-04-04,1238803200,0.0
2009-04-05,1238889600,0.0
2009-04-06,1238976000,0.0
2009-04-07,1239062400,0.0
2009-04-08,1239148800,0.0
2009-04-09,1239235200,0.0
2009-04-10,1239321600,0.0
2009-04-11,1239408000,0.0
2009-04-12,1239494400,0.0
2009-04-13,1239580800,0.0
2009-04-14,1239667200,0.0
2009-04-15,1239753600,0.0
2009-04-16,1239840000,0.0
2009-04-17,1239926400,0.0
2009-04-18,1240012800,0.0
2009-04-19,1240099200,0.0
2009-04-20,1240185600,0.0
2009-04-21,1240272000,0.0
2009-04-22,1240358400,0.0
2009-04-23,1240444800,0.0
2009-04-24,1240531200,0.0
2009-04-25,1240617600,0.0
2009-04-26,1240704000,0.0
2009-04-27,1240790400,0.0
2009-04-28,1240876800,0.0
2009-04-29,1240963200,0.0
2009-04-30,1241049600,0.0
2009-05-01,1241136000,0.0
2009-05-02,1241222400,0.0
2009-05-03,1241308800,0.0
2009-05-04,1241395200,0.0
2009-05-05,1241481600,0.0
2009-05-06,1241568000,0.0
2009-05-07,1241654400,0.0
2009-05-08,1241740800,0.0
2009-05-09,1241827200,0.0
2009-05-10,1241913600,0.0
2009-05-11,1242000000,0.0
2009-05-12,1242086400,0.0
2009-05-13,1242172800,0.0
2009-05-14,1242259200,0.0
2009-05-15,1242345600,0.0
2009-05-16,1242432000,0.0
2009-05-17,1242518400,0.0
2009-05-18,1242604800,0.0
2009-05-19,1242691200,0.0
2009-05-20,1242777600,0.0
2009-05-21,1242864000,0.0
2009-05-22,1242950400,0.0
2009-05-23,1243036800,0.0
2009-05-24,1243123200,0.0
2009-05-25,1243209600,0.0
2009-05-26,1243296000,0.0
2009-05-27,1243382400,0.0
2009-05-28,1243468800,0.0
2009-05-29,1243555200,0.0
2009-05-30,1243641600,0.0
2009-05-31,1243728000,0.0
2009-06-01,1243814400,0.0
2009-06-02,1243900800,0.0
2009-06-03,1243987200,0.0
2009-06-04,1244073600,0.0
2009-06-05,1244160000,0.0
2009-06-06,1244246400,0.0
2009-06-07,1244332800,0.0
2009-06-08,1244419200,0.0
2009-06-09,1244505600,0.0
2009-06-10,1244592000,0.0
2009-06-11,1244678400,0.0
2009-06-12,1244764800,0.0
2009-06-13,1244851200,0.0
2009-06-14,1244937600,0.0
2009-06-15,1245024000,0.0
2009-06-16,1245110400,0.0
2009-06-17,1245196800,0.0
2009-06-18,1245283200,0.0
2009-06-19,1245369600,0.0
2009-06-20,1245456000,0.0
2009-06-21,1245542400,0.0
2009-06-22,1245628800,0.0
2009-06-23,1245715200,0.0
2009-06-24,1245801600,0.0
2009-06-25,1245888000,0.0
2009-06-26,1245974400,0.0
2009-06-27,1246060800,0.0
2009-06-28,1246147200,0.0
2009-06-29,1246233600,0.0
2009-06-30,1246320000,0.0
2009-07-01,1246406400,0.0
2009-07-02,1246492800,0.0
2009-07-03,1246579200,0.0
2009-07-04,1246665600,0.0
2009-07-05,1246752000,0.0
2009-07-06,1246838400,0.0
2009-07-07,1246924800,0.0
2009-07-08,1247011200,0.0
2009-07-09,1247097600,0.0
2009-07-10,1247184000,0.0
2009-07-11,1247270400,0.0
2009-07-12,1247356800,0.0
2009-07-13,1247443200,0.0
2009-07-14,1247529600,0.0
2009-07-15,1247616000,0.0
2009-07-16,1247702400,0.0
2009-07-17,1247788800,0.0
2009-07-18,1247875200,0.0
2009-07-19,1247961600,0.0
2009-07-20,1248048000,0.0
2009-07-21,1248134400,0.0
2009-07-22,1248220800,0.0
2009-07-23,1248307200,0.0
2009-07-24,1248393600,0.0
2009-07-25,1248480000,0.0
2009-07-26,1248566400,0.0
2009-07-27,1248652800,0.0
2009-07-28,1248739200,0.0
2009-07-29,1248825600,0.0
2009-07-30,1248912000,0.0
2009-07-31,1248998400,0.0
2009-08-01,1249084800,0.0
2009-08-02,1249171200,0.0
2009-08-03,1249257600,0.0
2009-08-04,1249344000,0.0
2009-08-05,1249430400,0.0
2009-08-06,1249516800,0.0
2009-08-07,1249603200,0.0
2009-08-08,1249689600,0.0
2009-08-09,1249776000,0.0
2009-08-10,1249862400,0.0
2009-08-11,1249948800,0.0
2009-08-12,1250035200,0.0
2009-08-13,1250121600,0.0
2009-08-14,1250208000,0.0
2009-08-15,1250294400,0.0
2009-08-16,1250380800,0.0
2009-08-17,1250467200,0.0
2009-08-18,1250553600,0.0
2009-08-19,1250640000,0.0
2009-08-20,1250726400,0.0
2009-08-21,1250812800,0.0
2009-08-22,1250899200,0.0
2009-08-23,1250985600,0.0
2009-08-24,1251072000,0.0
2009-08-25,1251158400,0.0
2009-08-26,1251244800,0.0
2009-08-27,1251331200,0.0
2009-08-28,1251417600,0.0
2009-08-29,1251504000,0.0
2009-08-30,1251590400,0.0
2009-08-31,1251676800,0.0
2009-09-01,1251763200,0.0
2009-09-02,1251849600,0.0
2009-09-03,1251936000,0.0
2009-09-04,1252022400,0.0
2009-09-05,1252108800,0.0
2009-09-06,1252195200,0.0
2009-09-07,1252281600,0.0
2009-09-08,1252368000,0.0
2009-09-09,1252454400,0.0
2009-09-10,1252540800,0.0
2009-09-11,1252627200,0.0
2009-09-12,1252713600,0.0
2009-09-13,1252800000,0.0
2009-09-14,1252886400,0.0
2009-09-15,1252972800,0.0
2009-09-16,1253059200,0.0
2009-09-17,1253145600,0.0
2009-09-18,1253232000,0.0
2009-09-19,1253318400,0.0
2009-09-20,1253404800,0.0
2009-09-21,1253491200,0.0
2009-09-22,1253577600,0.0
2009-09-23,1253664000,0.0
2009-09-24,1253750400,0.0
2009-09-25,1253836800,0.0
2009-09-26,1253923200,0.0
2009-09-27,1254009600,0.0
2009-09-28,1254096000,0.0
2009-09-29,1254182400,0.0
2009-09-30,1254268800,0.0
2009-10-01,1254355200,0.0
2009-10-02,1254441600,0.0
2009-10-03,1254528000,0.0
2009-10-04,1254614400,0.0
2009-10-05,1254700800,0.0
2009-10-06,1254787200,0.0
2009-10-07,1254873600,0.0
2009-10-08,1254960000,0.0
2009-10-09,1255046400,0.0
2009-10-10,1255132800,0.0
2009-10-11,1255219200,0.0
2009-10-12,1255305600,0.0
2009-10-13,1255392000,0.0
2009-10-14,1255478400,0.0
2009-10-15,1255564800,0.0
2009-10-16,1255651200,0.0
2009-10-17,1255737600,0.0
2009-10-18,1255824000,0.0
2009-10-19,1255910400,0.0
2009-10-20,1255996800,0.0
2009-10-21,1256083200,0.0
2009-10-22,1256169600,0.0
2009-10-23,1256256000,0.0
2009-10-24,1256342400,0.0
2009-10-25,1256428800,0.0
2009-10-26,1256515200,0.0
2009-10-27,1256601600,0.0
2009-10-28,1256688000,0.0
2009-10-29,1256774400,0.0
2009-10-30,1256860800,0.0
2009-10-31,1256947200,0.0
2009-11-01,1257033600,0.0
2009-11-02,1257120000,0.0
2009-11-03,1257206400,0.0
2009-11-04,1257292800,0.0
2009-11-05,1257379200,0.0
2009-11-06,1257465600,0.0
2009-11-07,1257552000,0.0
2009-11-08,1257638400,0.0
2009-11-09,1257724800,0.0
2009-11-10,1257811200,0.0
2009-11-11,1257897600,0.0
2009-11-12,1257984000,0.0
2009-11-13,1258070400,0.0
2009-11-14,1258156800,0.0
2009-11-15,1258243200,0.0
2009-11-16,1258329600,0.0
2009-11-17,1258416000,0.0
2009-11-18,1258502400,0.0
2009-11-19,1258588800,0.0
2009-11-20,1258675200,0.0
2009-11-21,1258761600,0.0
2009-11-22,1258848000,0.0
2009-11-23,1258934400,0.0
2009-11-24,1259020800,0.0
2009-11-25,1259107200,0.0
2009-11-26,1259193600,0.0
2009-11-27,1259280000,0.0
2009-11-28,1259366400,0.0
2009-11-29,1259452800,0.0
2009-11-30,1259539200,0.0
2009-12-01,1259625600,0.0
2009-12-02,1259712000,0.0
2009-12-03,1259798400,0.0
2009-12-04,1259884800,0.0
2009-12-05,1259971200,0.0
2009-12-06,1260057600,0.0
2009-12-07,1260144000,0.0
2009-12-08,1260230400,0.0
2009-12-09,1260316800,0.0
2009-12-10,1260403200,0.0
2009-12-11,1260489600,0.0
2009-12-12,1260576000,0.0
2009-12-13,1260662400,0.0
2009-12-14,1260748800,0.0
2009-12-15,1260835200,0.0
2009-12-16,1260921600,0.0
2009-12-17,1261008000,0.0
2009-12-18,1261094400,0.0
2009-12-19,1261180800,0.0
2009-12-20,1261267200,0.0
2009-12-21,1261353600,0.0
2009-12-22,1261440000,0.0
2009-12-23,1261526400,0.0
2009-12-24,1261612800,0.0
2009-12-25,1261699200,0.0
2009-12-26,1261785600,0.0
2009-12-27,1261872000,0.0
2009-12-28,1261958400,0.0
2009-12-29,1262044800,0.0
2009-12-30,1262131200,0.0
2009-12-31,1262217600,0.0
2010-01-01,1262304000,0.0
2010-01-02,1262390400,0.0
2010-01-03,1262476800,0.0
2010-01-04,1262563200,0.0
2010-01-05,1262649600,0.0
2010-01-06,1262736000,0.0
2010-01-07,1262822400,0.0
2010-01-08,1262908800,0.0
2010-01-09,1262995200,0.0
2010-01-10,1263081600,0.0
2010-01-11,1263168000,0.0
2010-01-12,1263254400,0.0
2010-01-13,1263340800,0.0
2010-01-14,1263427200,0.0
2010-01-15,1263513600,0.0
2010-01-16,1263600000,0.0
2010-01-17,1263686400,0.0
2010-01-18,1263772800,0.0
2010-01-19,1263859200,0.0
2010-01-20,1263945600,0.0
2010-01-21,1264032000,0.0
2010-01-22,1264118400,0.0
2010-01-23,1264204800,0.0
2010-01-24,1264291200,0.0
2010-01-25,1264377600,0.0
2010-01-26,1264464000,0.0
2010-01-27,1264550400,0.0
2010-01-28,1264636800,0.0
2010-01-29,1264723200,0.0
2010-01-30,1264809600,0.0
2010-01-31,1264896000,0.0
2010-02-01,1264982400,0.0
2010-02-02,1265068800,0.0
2010-02-03,1265155200,0.0
2010-02-04,1265241600,0.0
2010-02-05,1265328000,0.0
2010-02-06,1265414400,0.0
2010-02-07,1265500800,0.0
2010-02-08,1265587200,0.0
2010-02-09,1265673600,0.0
2010-02-10,1265760000,0.0
2010-02-11,1265846400,0.0
2010-02-12,1265932800,0.0
2010-02-13,1266019200,0.0
2010-02-14,1266105600,0.0
2010-02-15,1266192000,0.0
2010-02-16,1266278400,0.0
2010-02-17,1266364800,0.0
2010-02-18,1266451200,0.0
2010-02-19,1266537600,0.0
2010-02-20,1266624000,0.0
2010-02-21,1266710400,0.0
2010-02-22,1266796800,0.0
2010-02-23,1266883200,0.0
2010-02-24,1266969600,0.0
2010-02-25,1267056000,0.0
2010-02-26,1267142400,0.0
2010-02-27,1267228800,0.0
2010-02-28,1267315200,0.0
2010-03-01,1267401600,0.0
2010-03-02,1267488000,0.0
2010-03-03,1267574400,0.0
2010-03-04,1267660800,0.0
2010-03-05,1267747200,0.0
2010-03-06,1267833600,0.0
2010-03-07,1267920000,0.0
2010-03-08,1268006400,0.0
2010-03-09,1268092800,0.0
2010-03-10,1268179200,0.0
2010-03-11,1268265600,0.0
2010-03-12,1268352000,0.0
2010-03-13,1268438400,0.0
2010-03-14,1268524800,0.0
2010-03-15,1268611200,0.0
2010-03-16,1268697600,0.0
2010-03-17,1268784000,0.0
2010-03-18,1268870400,0.0
2010-03-19,1268956800,0.0
2010-03-20,1269043200,0.0
2010-03-21,1269129600,0.0
2010-03-22,1269216000,0.0
2010-03-23,1269302400,0.0
2010-03-24,1269388800,0.0
2010-03-25,1269475200,0.0
2010-03-26,1269561600,0.0
2010-03-27,1269648000,0.0
2010-03-28,1269734400,0.0
2010-03-29,1269820800,0.0
2010-03-30,1269907200,0.0
2010-03-31,1269993600,0.0
2010-04-01,1270080000,0.0
2010-04-02,1270166400,0.0
2010-04-03,1270252800,0.0
2010-04-04,1270339200,0.0
2010-04-05,1270425600,0.0
2010-04-06,1270512000,0.0
2010-04-07,1270598400,0.0
2010-04-08,1270684800,0.0
2010-04-09,1270771200,0.0
2010-04-10,1270857600,0.0
2010-04-11,1270944000,0.0
2010-04-12,1271030400,0.0
2010-04-13,1271116800,0.0
2010-04-14,1271203200,0.0
2010-04-15,1271289600,0.0
2010-04-16,1271376000,0.0
2010-04-17,1271462400,0.0
2010-04-18,1271548800,0.0
2010-04-19,1271635200,0.0
2010-04-20,1271721600,0.0
2010-04-21,1271808000,0.0
2010-04-22,1271894400,0.0
2010-04-23,1271980800,0.0
2010-04-24,1272067200,0.0
2010-04-25,1272153600,0.0
2010-04-26,1272240000,0.0
2010-04-27,1272326400,0.0
2010-04-28,1272412800,0.0
2010-04-29,1272499200,0.0
2010-04-30,1272585600,0.0
2010-05-01,1272672000,0.0
2010-05-02,1272758400,0.0
2010-05-03,1272844800,0.0
2010-05-04,1272931200,0.0
2010-05-05,1273017600,0.0
2010-05-06,1273104000,0.0
2010-05-07,1273190400,0.0
2010-05-08,1273276800,0.0
2010-05-09,1273363200,0.0
2010-05-10,1273449600,0.0
2010-05-11,1273536000,0.0
2010-05-12,1273622400,0.0
2010-05-13,1273708800,0.0
2010-05-14,1273795200,0.0
2010-05-15,1273881600,0.0
2010-05-16,1273968000,0.0
2010-05-17,1274054400,0.0
2010-05-18,1274140800,0.0
2010-05-19,1274227200,0.0
2010-05-20,1274313600,0.0
2010-05-21,1274400000,0.0
2010-05-22,1274486400,0.0
2010-05-23,1274572800,0.0
2010-05-24,1274659200,0.0
2010-05-25,1274745600,0.0
2010-05-26,1274832000,0.0
2010-05-27,1274918400,0.0
2010-05-28,1275004800,0.0
2010-05-29,1275091200,0.0
2010-05-30,1275177600,0.0
2010-05-31,1275264000,0.0
2010-06-01,1275350400,0.0
2010-06-02,1275436800,0.0
2010-06-03,1275523200,0.0
2010-06-04,1275609600,0.0
2010-06-05,1275696000,0.0
2010-06-06,1275782400,0.0
2010-06-07,1275868800,0.0
2010-06-08,1275955200,0.0
2010-06-09,1276041600,0.0
2010-06-10,1276128000,0.0
2010-06-11,1276214400,0.0
2010-06-12,1276300800,0.0
2010-06-13,1276387200,0.0
2010-06-14,1276473600,0.0
2010-06-15,1276560000,0.0
2010-06-16,1276646400,0.0
2010-06-17,1276732800,0.0
2010-06-18,1276819200,0.0
2010-06-19,1276905600,0.0
2010-06-20,1276992000,0.0
2010-06-21,1277078400,0.0
2010-06-22,1277164800,0.0
2010-06-23,1277251200,0.0
2010-06-24,1277337600,0.0
2010-06-25,1277424000,0.0
2010-06-26,1277510400,0.0
2010-06-27,1277596800,0.0
2010-06-28,1277683200,0.0
2010-06-29,1277769600,0.0
2010-06-30,1277856000,0.0
2010-07-01,1277942400,0.0
2010-07-02,1278028800,0.0
2010-07-03,1278115200,0.0
2010-07-04,1278201600,0.0
2010-07-05,1278288000,0.0
2010-07-06,1278374400,0.0
2010-07-07,1278460800,0.0
2010-07-08,1278547200,0.0
2010-07-09,1278633600,0.0
2010-07-10,1278720000,0.0
2010-07-11,1278806400,0.0
2010-07-12,1278892800,0.0
2010-07-13,1278979200,0.0
2010-07-14,1279065600,0.0
2010-07-15,1279152000,0.0
2010-07-16,1279238400,0.0
2010-07-17,1279324800,0.0
2010-07-18,1279411200,0.0
2010-07-19,1279497600,0.0
2010-07-20,1279584000,0.0
2010-07-21,1279670400,0.0
2010-07-22,1279756800,0.0
2010-07-23,1279843200,0.0
2010-07-24,1279929600,0.0
2010-07-25,1280016000,0.0
2010-07-26,1280102400,0.0
2010-07-27,1280188800,0.0
2010-07-28,1280275200,0.0
2010-07-29,1280361600,0.0
2010-07-30,1280448000,0.0
2010-07-31,1280534400,0.0
2010-08-01,1280620800,0.0
2010-08-02,1280707200,0.0
2010-08-03,1280793600,0.0
2010-08-04,1280880000,0.0
2010-08-05,1280966400,0.0
2010-08-06,1281052800,0.0
2010-08-07,1281139200,0.0
2010-08-08,1281225600,0.0
2010-08-09,1281312000,0.0
2010-08-10,1281398400,0.0
2010-08-11,1281484800,0.0
2010-08-12,1281571200,0.0
2010-08-13,1281657600,0.0
2010-08-14,1281744000,0.0
2010-08-15,1281830400,0.0
2010-08-16,1281916800,0.0
2010-08-17,1282003200,1.7947E-4
2010-08-18,1282089600,7.402E-4
2010-08-19,1282176000,8.4724E-4
2010-08-20,1282262400,9.6674E-4
2010-08-21,1282348800,0.00148362
2010-08-22,1282435200,0.00202604
2010-08-23,1282521600,0.00207115
2010-08-24,1282608000,0.00220824
2010-08-25,1282694400,0.00225092
2010-08-26,1282780800,0.00229526
2010-08-27,1282867200,0.0027824
2010-08-28,1282953600,0.0028398
2010-08-29,1283040000,0.00291981
2010-08-30,1283126400,0.00300663
2010-08-31,1283212800,0.00405287
2010-09-01,1283299200,0.00434418
2010-09-02,1283385600,0.00446865
2010-09-03,1283472000,0.00489433
2010-09-04,1283558400,0.00498998
2010-09-05,1283644800,0.00722882
2010-09-06,1283731200,0.0075817
2010-09-07,1283817600,0.00787947
2010-09-08,1283904000,0.00794664
2010-09-09,1283990400,0.00887424
2010-09-10,1284076800,0.00888167
2010-09-11,1284163200,0.00894153
2010-09-12,1284249600,0.00927087
2010-09-13,1284336000,0.00975277
2010-09-14,1284422400,0.00989644
2010-09-15,1284508800,0.01064189
2010-09-16,1284595200,0.01146586
2010-09-17,1284681600,0.02117843
2010-09-18,1284768000,0.02140404
2010-09-19,1284854400,0.02155614
2010-09-20,1284940800,0.02182495
2010-09-21,1285027200,0.02186518
2010-09-22,1285113600,0.02209241
2010-09-23,1285200000,0.0228876
2010-09-24,1285286400,0.02288938
2010-09-25,1285372800,0.02315375
2010-09-26,1285459200,0.02320048
2010-09-27,1285545600,0.02608544
2010-09-28,1285632000,0.04374585
2010-09-29,1285718400,0.04435324
2010-09-30,1285804800,0.04458218
2010-10-01,1285891200,0.0515628
2010-10-02,1285977600,0.06161414
2010-10-03,1286064000,0.06169068
2010-10-04,1286150400,0.06289955
2010-10-05,1286236800,0.06855619
2010-10-06,1286323200,0.06867627
2010-10-07,1286409600,0.06910536
2010-10-08,1286496000,0.0705803
2010-10-09,1286582400,0.07158079
2010-10-10,1286668800,0.07235488
2010-10-11,1286755200,0.07255445
2010-10-12,1286841600,0.07262517
2010-10-13,1286928000,0.07578234
2010-10-14,1287014400,0.07627959
2010-10-15,1287100800,0.0775817
2010-10-16,1287187200,0.08080137
2010-10-17,1287273600,0.08071431
2010-10-18,1287360000,0.08056656
2010-10-19,1287446400,0.08052906
2010-10-20,1287532800,0.08055149
2010-10-21,1287619200,0.08142137
2010-10-22,1287705600,0.0813532
2010-10-23,1287792000,0.08161683
2010-10-24,1287878400,0.0823887
2010-10-25,1287964800,0.08264221
2010-10-26,1288051200,0.08276774
2010-10-27,1288137600,0.0834126
2010-10-28,1288224000,0.08557224
2010-10-29,1288310400,0.0856577
2010-10-30,1288396800,0.08581984
2010-10-31,1288483200,0.08595504
2010-11-01,1288569600,0.08608253
2010-11-02,1288656000,0.08640419
2010-11-03,1288742400,0.08634503
2010-11-04,1288828800,0.08782169
2010-11-05,1288915200,0.08858549
2010-11-06,1289001600,0.09361923
2010-11-07,1289088000,0.09359631
2010-11-08,1289174400,0.09831945
2010-11-09,1289260800,0.0985959
2010-11-10,1289347200,0.09836409
2010-11-11,1289433600,0.09811898
2010-11-12,1289520000,0.09783291
2010-11-13,1289606400,0.09795383
2010-11-14,1289692800,0.09842366
2010-11-15,1289779200,0.10518882
2010-11-16,1289865600,0.10520186
2010-11-17,1289952000,0.10498851
2010-11-18,1290038400,0.10480531
2010-11-19,1290124800,0.1052018
2010-11-20,1290211200,0.10537789
2010-11-21,1290297600,0.10517152
2010-11-22,1290384000,0.10495655
2010-11-23,1290470400,0.10518415
2010-11-24,1290556800,0.10549051
2010-11-25,1290643200,0.1060753
2010-11-26,1290729600,0.10660667
2010-11-27,1290816000,0.10665467
2010-11-28,1290902400,0.10641626
2010-11-29,1290988800,0.10624485
2010-11-30,1291075200,0.1066851
2010-12-01,1291161600,0.1066757
2010-12-02,1291248000,0.10794161
2010-12-03,1291334400,0.10772425
2010-12-04,1291420800,0.10777422
2010-12-05,1291507200,0.10774205
2010-12-06,1291593600,0.11006726
2010-12-07,1291680000,0.11119385
2010-12-08,1291766400,0.11093022
2010-12-09,1291852800,0.110872
2010-12-10,1291939200,0.11089
2010-12-11,1292025600,0.11106816
2010-12-12,1292112000,0.1108307
2010-12-13,1292198400,0.11160351
2010-12-14,1292284800,0.11131723
2010-12-15,1292371200,0.11151196
2010-12-16,1292457600,0.11128334
2010-12-17,1292544000,0.11098251
2010-12-18,1292630400,0.11100554
2010-12-19,1292716800,0.11113353
2010-12-20,1292803200,0.11290385
2010-12-21,1292889600,0.1179911
2010-12-22,1292976000,0.11772401
2010-12-23,1293062400,0.11748097
2010-12-24,1293148800,0.11722431
2010-12-25,1293235200,0.11713613
2010-12-26,1293321600,0.11699612
2010-12-27,1293408000,0.11747413
2010-12-28,1293494400,0.11731549
2010-12-29,1293580800,0.11792671
2010-12-30,1293667200,0.11785013
2010-12-31,1293753600,0.11784487
2011-01-01,1293840000,0.1175309
2011-01-02,1293926400,0.11810728
2011-01-03,1294012800,0.11806519
2011-01-04,1294099200,0.1177623
2011-01-05,1294185600,0.11760265
2011-01-06,1294272000,0.11756369
2011-01-07,1294358400,0.11757341
2011-01-08,1294444800,0.11775722
2011-01-09,1294531200,0.11761922
2011-01-10,1294617600,0.11855557
2011-01-11,1294704000,0.12397737
2011-01-12,1294790400,0.12374812
2011-01-13,1294876800,0.12475042
2011-01-14,1294963200,0.12523559
2011-01-15,1295049600,0.1249986
2011-01-16,1295136000,0.12570883
2011-01-17,1295222400,0.12575115
2011-01-18,1295308800,0.12585466
2011-01-19,1295395200,0.12779396
2011-01-20,1295481600,0.12776533
2011-01-21,1295568000,0.12773289
2011-01-22,1295654400,0.12776104
2011-01-23,1295740800,0.12872632
2011-01-24,1295827200,0.12926636
2011-01-25,1295913600,0.12911756
2011-01-26,1296000000,0.1305855
2011-01-27,1296086400,0.14813739
2011-01-28,1296172800,0.14866812
2011-01-29,1296259200,0.14998719
2011-01-30,1296345600,0.14978242
2011-01-31,1296432000,0.1505746
2011-02-01,1296518400,0.15107881
2011-02-02,1296604800,0.15172822
2011-02-03,1296691200,0.15163719
2011-02-04,1296777600,0.15174008
2011-02-05,1296864000,0.15163783
2011-02-06,1296950400,0.15225846
2011-02-07,1297036800,0.15460681
2011-02-08,1297123200,0.1543372
2011-02-09,1297209600,0.15504493
2011-02-10,1297296000,0.15512931
2011-02-11,1297382400,0.15614193
2011-02-12,1297468800,0.15598938
2011-02-13,1297555200,0.15581343
2011-02-14,1297641600,0.15979893
2011-02-15,1297728000,0.15962073
2011-02-16,1297814400,0.15936811
2011-02-17,1297900800,0.15902823
2011-02-18,1297987200,0.15912507
2011-02-19,1298073600,0.15897634
2011-02-20,1298160000,0.1589942
2011-02-21,1298246400,0.15881364
2011-02-22,1298332800,0.15886289
2011-02-23,1298419200,0.15859251
2011-02-24,1298505600,0.15890247
2011-02-25,1298592000,0.15878325
2011-02-26,1298678400,0.16067881
2011-02-27,1298764800,0.16153795
2011-02-28,1298851200,0.1619088
2011-03-01,1298937600,0.17236889
2011-03-02,1299024000,0.17227906
2011-03-03,1299110400,0.17190555
2011-03-04,1299196800,0.17188156
2011-03-05,1299283200,0.17209793
2011-03-06,1299369600,0.17170078
2011-03-07,1299456000,0.17134768
2011-03-08,1299542400,0.1713313
2011-03-09,1299628800,0.17088137
2011-03-10,1299715200,0.17055839
2011-03-11,1299801600,0.17039982
2011-03-12,1299888000,0.17086927
2011-03-13,1299974400,0.1708007
2011-03-14,1300060800,0.1720472
2011-03-15,1300147200,0.17226117
2011-03-16,1300233600,0.17465174
2011-03-17,1300320000,0.17478181
2011-03-18,1300406400,0.17445712
2011-03-19,1300492800,0.17413237
2011-03-20,1300579200,0.17371862
2011-03-21,1300665600,0.17377455
2011-03-22,1300752000,0.17364294
2011-03-23,1300838400,0.17388826
2011-03-24,1300924800,0.17522803
2011-03-25,1301011200,0.17492186
2011-03-26,1301097600,0.1759921
2011-03-27,1301184000,0.1762583
2011-03-28,1301270400,0.17609037
2011-03-29,1301356800,0.17577007
2011-03-30,1301443200,0.17542538
2011-03-31,1301529600,0.17517208
2011-04-01,1301616000,0.17490227
2011-04-02,1301702400,0.17452088
2011-04-03,1301788800,0.1741529
2011-04-04,1301875200,0.17518225
2011-04-05,1301961600,0.17576267
2011-04-06,1302048000,0.17569152
2011-04-07,1302134400,0.175496
2011-04-08,1302220800,0.17550539
2011-04-09,1302307200,0.17510466
2011-04-10,1302393600,0.17472126
2011-04-11,1302480000,0.17445545
2011-04-12,1302566400,0.17473789
2011-04-13,1302652800,0.17495704
2011-04-14,1302739200,0.17500208
2011-04-15,1302825600,0.17591116
2011-04-16,1302912000,0.17669942
2011-04-17,1302998400,0.17657493
2011-04-18,1303084800,0.17747969
2011-04-19,1303171200,0.17782092
2011-04-20,1303257600,0.17795573
2011-04-21,1303344000,0.17784294
2011-04-22,1303430400,0.17869239
2011-04-23,1303516800,0.18031969
2011-04-24,1303603200,0.18064991
2011-04-25,1303689600,0.18108057
2011-04-26,1303776000,0.18136004
2011-04-27,1303862400,0.1818428
2011-04-28,1303948800,0.18300833
2011-04-29,1304035200,0.19516088
2011-04-30,1304121600,0.19628257
2011-05-01,1304208000,0.19686008
2011-05-02,1304294400,0.1975232
2011-05-03,1304380800,0.19872879
2011-05-04,1304467200,0.2022916
2011-05-05,1304553600,0.2023393
2011-05-06,1304640000,0.20359895
2011-05-07,1304726400,0.20379773
2011-05-08,1304812800,0.20454346
2011-05-09,1304899200,0.20480668
2011-05-10,1304985600,0.20613768
2011-05-11,1305072000,0.20815658
2011-05-12,1305158400,0.21216555
2011-05-13,1305244800,0.21499618
2011-05-14,1305331200,0.21620438
2011-05-15,1305417600,0.21692599
2011-05-16,1305504000,0.22275531
2011-05-17,1305590400,0.22298015
2011-05-18,1305676800,0.22331806
2011-05-19,1305763200,0.22504852
2011-05-20,1305849600,0.22573111
2011-05-21,1305936000,0.22685295
2011-05-22,1306022400,0.22678522
2011-05-23,1306108800,0.22686018
2011-05-24,1306195200,0.22782638
2011-05-25,1306281600,0.22826823
2011-05-26,1306368000,0.22850738
2011-05-27,1306454400,0.22907846
2011-05-28,1306540800,0.22912232
2011-05-29,1306627200,0.22887136
2011-05-30,1306713600,0.22947822
2011-05-31,1306800000,0.22969844
2011-06-01,1306886400,0.22985324
2011-06-02,1306972800,0.23455551
2011-06-03,1307059200,0.2407436
2011-06-04,1307145600,0.241197
2011-06-05,1307232000,0.24441751
2011-06-06,1307318400,0.24806846
2011-06-07,1307404800,0.24923962
2011-06-08,1307491200,0.25771842
2011-06-09,1307577600,0.26142573
2011-06-10,1307664000,0.26693715
2011-06-11,1307750400,0.27381217
2011-06-12,1307836800,0.27798821
2011-06-13,1307923200,0.28373363
2011-06-14,1308009600,0.30427843
2011-06-15,1308096000,0.3122609
2011-06-16,1308182400,0.31949833
2011-06-17,1308268800,0.32170727
2011-06-18,1308355200,0.32148372
2011-06-19,1308441600,0.32805601
2011-06-20,1308528000,0.32817996
2011-06-21,1308614400,0.32821028
2011-06-22,1308700800,0.32763185
2011-06-23,1308787200,0.32776391
2011-06-24,1308873600,0.32809245
2011-06-25,1308960000,0.32763758
2011-06-26,1309046400,0.32937215
2011-06-27,1309132800,0.33359684
2011-06-28,1309219200,0.33599494
2011-06-29,1309305600,0.33620636
2011-06-30,1309392000,0.33626178
2011-07-01,1309478400,0.33598635
2011-07-02,1309564800,0.33544513
2011-07-03,1309651200,0.33504416
2011-07-04,1309737600,0.33464195
2011-07-05,1309824000,0.33601285
2011-07-06,1309910400,0.33561662
2011-07-07,1309996800,0.33516457
2011-07-08,1310083200,0.33477528
2011-07-09,1310169600,0.33411272
2011-07-10,1310256000,0.3351491
2011-07-11,1310342400,0.33515768
2011-07-12,1310428800,0.33465778
2011-07-13,1310515200,0.33405056
2011-07-14,1310601600,0.33356743
2011-07-15,1310688000,0.332973
2011-07-16,1310774400,0.3323026
2011-07-17,1310860800,0.33188277
2011-07-18,1310947200,0.33596012
2011-07-19,1311033600,0.33575681
2011-07-20,1311120000,0.33664523
2011-07-21,1311206400,0.33591743
2011-07-22,1311292800,0.33528506
2011-07-23,1311379200,0.33459063
2011-07-24,1311465600,0.33403886
2011-07-25,1311552000,0.333544
2011-07-26,1311638400,0.33295121
2011-07-27,1311724800,0.33237527
2011-07-28,1311811200,0.33212112
2011-07-29,1311897600,0.33162543
2011-07-30,1311984000,0.33139118
2011-07-31,1312070400,0.33120228
2011-08-01,1312156800,0.33089557
2011-08-02,1312243200,0.3305989
2011-08-03,1312329600,0.3305491
2011-08-04,1312416000,0.33067223
2011-08-05,1312502400,0.33054861
2011-08-06,1312588800,0.33076527
2011-08-07,1312675200,0.33059567
2011-08-08,1312761600,0.33083459
2011-08-09,1312848000,0.33021412
2011-08-10,1312934400,0.32968963
2011-08-11,1313020800,0.32920076
2011-08-12,1313107200,0.32852287
2011-08-13,1313193600,0.32806676
2011-08-14,1313280000,0.32750375
2011-08-15,1313366400,0.32711022
2011-08-16,1313452800,0.32658177
2011-08-17,1313539200,0.32609802
2011-08-18,1313625600,0.32571742
2011-08-19,1313712000,0.3252145
2011-08-20,1313798400,0.32472898
2011-08-21,1313884800,0.32407736
2011-08-22,1313971200,0.32361633
2011-08-23,1314057600,0.32302466
2011-08-24,1314144000,0.32251215
2011-08-25,1314230400,0.32636946
2011-08-26,1314316800,0.32764824
2011-08-27,1314403200,0.33450721
2011-08-28,1314489600,0.33412634
2011-08-29,1314576000,0.33436323
2011-08-30,1314662400,0.33369379
2011-08-31,1314748800,0.33306839
2011-09-01,1314835200,0.33245631
2011-09-02,1314921600,0.33241455
2011-09-03,1315008000,0.33176974
2011-09-04,1315094400,0.33117323
2011-09-05,1315180800,0.33128596
2011-09-06,1315267200,0.33144273
2011-09-07,1315353600,0.33165041
2011-09-08,1315440000,0.33171984
2011-09-09,1315526400,0.33318736
2011-09-10,1315612800,0.33253539
2011-09-11,1315699200,0.33529089
2011-09-12,1315785600,0.33517474
2011-09-13,1315872000,0.33648475
2011-09-14,1315958400,0.33686484
2011-09-15,1316044800,0.33621831
2011-09-16,1316131200,0.33589674
2011-09-17,1316217600,0.33557942
2011-09-18,1316304000,0.33492494
2011-09-19,1316390400,0.33438378
2011-09-20,1316476800,0.33426789
2011-09-21,1316563200,0.33366319
2011-09-22,1316649600,0.33309616
2011-09-23,1316736000,0.33284281
2011-09-24,1316822400,0.33213721
2011-09-25,1316908800,0.33222766
2011-09-26,1316995200,0.33163528
2011-09-27,1317081600,0.33136411
2011-09-28,1317168000,0.3308154
2011-09-29,1317254400,0.33012527
2011-09-30,1317340800,0.32981302
2011-10-01,1317427200,0.32948708
2011-10-02,1317513600,0.32898119
2011-10-03,1317600000,0.32838036
2011-10-04,1317686400,0.32791547
2011-10-05,1317772800,0.32734642
2011-10-06,1317859200,0.32915549
2011-10-07,1317945600,0.3287755
2011-10-08,1318032000,0.32819044
2011-10-09,1318118400,0.32812961
2011-10-10,1318204800,0.32771344
2011-10-11,1318291200,0.32742813
2011-10-12,1318377600,0.32711949
2011-10-13,1318464000,0.32659648
2011-10-14,1318550400,0.32624766
2011-10-15,1318636800,0.32574977
2011-10-16,1318723200,0.32567644
2011-10-17,1318809600,0.32700662
2011-10-18,1318896000,0.32716702
2011-10-19,1318982400,0.32735827
2011-10-20,1319068800,0.32677416
2011-10-21,1319155200,0.32623064
2011-10-22,1319241600,0.326375
2011-10-23,1319328000,0.32586161
2011-10-24,1319414400,0.32525346
2011-10-25,1319500800,0.32465842
2011-10-26,1319587200,0.32438769
2011-10-27,1319673600,0.32430503
2011-10-28,1319760000,0.32379592
2011-10-29,1319846400,0.32330111
2011-10-30,1319932800,0.323225
2011-10-31,1320019200,0.32262613
2011-11-01,1320105600,0.32255036
2011-11-02,1320192000,0.32193831
2011-11-03,1320278400,0.32228103
2011-11-04,1320364800,0.32232889
2011-11-05,1320451200,0.32173333
2011-11-06,1320537600,0.32110147
2011-11-07,1320624000,0.32062581
2011-11-08,1320710400,0.32024137
2011-11-09,1320796800,0.32421011
2011-11-10,1320883200,0.32484209
2011-11-11,1320969600,0.32440463
2011-11-12,1321056000,0.32484986
2011-11-13,1321142400,0.32430411
2011-11-14,1321228800,0.32485071
2011-11-15,1321315200,0.32532385
2011-11-16,1321401600,0.33924777
2011-11-17,1321488000,0.34016926
2011-11-18,1321574400,0.34035235
2011-11-19,1321660800,0.33980328
2011-11-20,1321747200,0.3400063
2011-11-21,1321833600,0.34017781
2011-11-22,1321920000,0.34091646
2011-11-23,1322006400,0.34043764
2011-11-24,1322092800,0.34146056
2011-11-25,1322179200,0.34124515
2011-11-26,1322265600,0.34151853
2011-11-27,1322352000,0.34103577
2011-11-28,1322438400,0.34249154
2011-11-29,1322524800,0.34319349
2011-11-30,1322611200,0.34367494
2011-12-01,1322697600,0.34376401
2011-12-02,1322784000,0.34322779
2011-12-03,1322870400,0.34270722
2011-12-04,1322956800,0.3431127
2011-12-05,1323043200,0.34311416
2011-12-06,1323129600,0.34266156
2011-12-07,1323216000,0.34286947
2011-12-08,1323302400,0.34351524
2011-12-09,1323388800,0.34295894
2011-12-10,1323475200,0.34246361
2011-12-11,1323561600,0.34339541
2011-12-12,1323648000,0.34294173
2011-12-13,1323734400,0.34244617
2011-12-14,1323820800,0.34215284
2011-12-15,1323907200,0.34177607
2011-12-16,1323993600,0.34181757
2011-12-17,1324080000,0.34129946
2011-12-18,1324166400,0.3407511
2011-12-19,1324252800,0.3418633
2011-12-20,1324339200,0.34278463
2011-12-21,1324425600,0.34237665
2011-12-22,1324512000,0.34195502
2011-12-23,1324598400,0.34150794
2011-12-24,1324684800,0.34121454
2011-12-25,1324771200,0.3409548
2011-12-26,1324857600,0.34081171
2011-12-27,1324944000,0.34030326
2011-12-28,1325030400,0.34027833
2011-12-29,1325116800,0.34004376
2011-12-30,1325203200,0.33966198
2011-12-31,1325289600,0.33924449
2012-01-01,1325376000,0.34038509
2012-01-02,1325462400,0.34055414
2012-01-03,1325548800,0.34037684
2012-01-04,1325635200,0.34014449
2012-01-05,1325721600,0.34048721
2012-01-06,1325808000,0.34044964
2012-01-07,1325894400,0.34028815
2012-01-08,1325980800,0.34026514
2012-01-09,1326067200,0.34031196
2012-01-10,1326153600,0.34068246
2012-01-11,1326240000,0.34033961
2012-01-12,1326326400,0.34218061
2012-01-13,1326412800,0.34211541
2012-01-14,1326499200,0.3418967
2012-01-15,1326585600,0.34177248
2012-01-16,1326672000,0.34156814
2012-01-17,1326758400,0.3417441
2012-01-18,1326844800,0.34160854
2012-01-19,1326931200,0.34164947
2012-01-20,1327017600,0.34135055
2012-01-21,1327104000,0.34093372
2012-01-22,1327190400,0.34048424
2012-01-23,1327276800,0.34007502
2012-01-24,1327363200,0.3397928
2012-01-25,1327449600,0.33959791
2012-01-26,1327536000,0.33973383
2012-01-27,1327622400,0.33946294
2012-01-28,1327708800,0.33927717
2012-01-29,1327795200,0.33899379
2012-01-30,1327881600,0.33862392
2012-01-31,1327968000,0.33838652
2012-02-01,1328054400,0.33822928
2012-02-02,1328140800,0.33794939
2012-02-03,1328227200,0.33759501
2012-02-04,1328313600,0.33738736
2012-02-05,1328400000,0.33698919
2012-02-06,1328486400,0.33676413
2012-02-07,1328572800,0.33649435
2012-02-08,1328659200,0.33611777
2012-02-09,1328745600,0.33564127
2012-02-10,1328832000,0.3355081
2012-02-11,1328918400,0.33799886
2012-02-12,1329004800,0.33766895
2012-02-13,1329091200,0.3399308
2012-02-14,1329177600,0.34356446
2012-02-15,1329264000,0.3432641
2012-02-16,1329350400,0.34316575
2012-02-17,1329436800,0.34275962
2012-02-18,1329523200,0.34268577
2012-02-19,1329609600,0.3422406
2012-02-20,1329696000,0.34187799
2012-02-21,1329782400,0.34149841
2012-02-22,1329868800,0.34123903
2012-02-23,1329955200,0.34096347
2012-02-24,1330041600,0.34101914
2012-02-25,1330128000,0.34069126
2012-02-26,1330214400,0.34027883
2012-02-27,1330300800,0.33993299
2012-02-28,1330387200,0.33964079
2012-02-29,1330473600,0.34040138
2012-03-01,1330560000,0.34026554
2012-03-02,1330646400,0.34014443
2012-03-03,1330732800,0.34015104
2012-03-04,1330819200,0.33996534
2012-03-05,1330905600,0.3396318
2012-03-06,1330992000,0.33927253
2012-03-07,1331078400,0.33891666
2012-03-08,1331164800,0.33868629
2012-03-09,1331251200,0.33841051
2012-03-10,1331337600,0.33818085
2012-03-11,1331424000,0.33798643
2012-03-12,1331510400,0.33761246
2012-03-13,1331596800,0.33742961
2012-03-14,1331683200,0.33738313
2012-03-15,1331769600,0.33704616
2012-03-16,1331856000,0.33736432
2012-03-17,1331942400,0.33705552
2012-03-18,1332028800,0.3373397
2012-03-19,1332115200,0.33711494
2012-03-20,1332201600,0.33692952
2012-03-21,1332288000,0.33696066
2012-03-22,1332374400,0.336666
2012-03-23,1332460800,0.33697119
2012-03-24,1332547200,0.33672105
2012-03-25,1332633600,0.33640292
2012-03-26,1332720000,0.33609008
2012-03-27,1332806400,0.33584791
2012-03-28,1332892800,0.3355548
2012-03-29,1332979200,0.33529034
2012-03-30,1333065600,0.33802177
2012-03-31,1333152000,0.33763399
2012-04-01,1333238400,0.33723726
2012-04-02,1333324800,0.33692547
2012-04-03,1333411200,0.33733084
2012-04-04,1333497600,0.3374147
2012-04-05,1333584000,0.33725333
2012-04-06,1333670400,0.33732813
2012-04-07,1333756800,0.33705303
2012-04-08,1333843200,0.33661069
2012-04-09,1333929600,0.33709867
2012-04-10,1334016000,0.33678872
2012-04-11,1334102400,0.33738089
2012-04-12,1334188800,0.3378833
2012-04-13,1334275200,0.33776522
2012-04-14,1334361600,0.33745292
2012-04-15,1334448000,0.33743402
2012-04-16,1334534400,0.33749078
2012-04-17,1334620800,0.3372395
2012-04-18,1334707200,0.33713145
2012-04-19,1334793600,0.3369307
2012-04-20,1334880000,0.33689051
2012-04-21,1334966400,0.33660685
2012-04-22,1335052800,0.33658068
2012-04-23,1335139200,0.33639205
2012-04-24,1335225600,0.3362755
2012-04-25,1335312000,0.33986298
2012-04-26,1335398400,0.33976199
2012-04-27,1335484800,0.33938033
2012-04-28,1335571200,0.33901565
2012-04-29,1335657600,0.33859439
2012-04-30,1335744000,0.33887912
2012-05-01,1335830400,0.33877572
2012-05-02,1335916800,0.33847799
2012-05-03,1336003200,0.33821726
2012-05-04,1336089600,0.33812434
2012-05-05,1336176000,0.33775637
2012-05-06,1336262400,0.33855752
2012-05-07,1336348800,0.33827527
2012-05-08,1336435200,0.3381076
2012-05-09,1336521600,0.3379943
2012-05-10,1336608000,0.33792237
2012-05-11,1336694400,0.33781217
2012-05-12,1336780800,0.34032988
2012-05-13,1336867200,0.34032586
2012-05-14,1336953600,0.34108165
2012-05-15,1337040000,0.34107844
2012-05-16,1337126400,0.34107675
2012-05-17,1337212800,0.3415351
2012-05-18,1337299200,0.34146599
2012-05-19,1337385600,0.34154742
2012-05-20,1337472000,0.34172396
2012-05-21,1337558400,0.34184421
2012-05-22,1337644800,0.34213875
2012-05-23,1337731200,0.34204509
2012-05-24,1337817600,0.34201955
2012-05-25,1337904000,0.3416904
2012-05-26,1337990400,0.34169647
2012-05-27,1338076800,0.34154031
2012-05-28,1338163200,0.34134063
2012-05-29,1338249600,0.34112496
2012-05-30,1338336000,0.34083725
2012-05-31,1338422400,0.34303134
2012-06-01,1338508800,0.34279772
2012-06-02,1338595200,0.34248725
2012-06-03,1338681600,0.34225359
2012-06-04,1338768000,0.3426489
2012-06-05,1338854400,0.34245827
2012-06-06,1338940800,0.34244314
2012-06-07,1339027200,0.34219214
2012-06-08,1339113600,0.34195986
2012-06-09,1339200000,0.34160235
2012-06-10,1339286400,0.34118768
2012-06-11,1339372800,0.34102445
2012-06-12,1339459200,0.3411677
2012-06-13,1339545600,0.34088631
2012-06-14,1339632000,0.34068641
2012-06-15,1339718400,0.34048363
2012-06-16,1339804800,0.34029772
2012-06-17,1339891200,0.34017859
2012-06-18,1339977600,0.339982
2012-06-19,1340064000,0.3399058
2012-06-20,1340150400,0.34058401
2012-06-21,1340236800,0.34026589
2012-06-22,1340323200,0.34021182
2012-06-23,1340409600,0.33992093
2012-06-24,1340496000,0.34055269
2012-06-25,1340582400,0.34040023
2012-06-26,1340668800,0.34039114
2012-06-27,1340755200,0.34017579
2012-06-28,1340841600,0.33990949
2012-06-29,1340928000,0.33960274
2012-06-30,1341014400,0.33935599
2012-07-01,1341100800,0.33899286
2012-07-02,1341187200,0.33881801
2012-07-03,1341273600,0.3386332
2012-07-04,1341360000,0.33864309
2012-07-05,1341446400,0.3383228
2012-07-06,1341532800,0.3382541
2012-07-07,1341619200,0.33862194
2012-07-08,1341705600,0.33854521
2012-07-09,1341792000,0.33851931
2012-07-10,1341878400,0.34165035
2012-07-11,1341964800,0.34188254
2012-07-12,1342051200,0.34154084
2012-07-13,1342137600,0.3417437
2012-07-14,1342224000,0.34394497
2012-07-15,1342310400,0.34366379
2012-07-16,1342396800,0.34388979
2012-07-17,1342483200,0.34613519
2012-07-18,1342569600,0.3463012
2012-07-19,1342656000,0.34637893
2012-07-20,1342742400,0.34638199
2012-07-21,1342828800,0.34634325
2012-07-22,1342915200,0.34610395
2012-07-23,1343001600,0.34606294
2012-07-24,1343088000,0.34583489
2012-07-25,1343174400,0.34570377
2012-07-26,1343260800,0.3456908
2012-07-27,1343347200,0.34554373
2012-07-28,1343433600,0.34540668
2012-07-29,1343520000,0.34533528
2012-07-30,1343606400,0.34514067
2012-07-31,1343692800,0.34518614
2012-08-01,1343779200,0.34510452
2012-08-02,1343865600,0.34532296
2012-08-03,1343952000,0.34538224
2012-08-04,1344038400,0.34554064
2012-08-05,1344124800,0.34546571
2012-08-06,1344211200,0.34536853
2012-08-07,1344297600,0.34542498
2012-08-08,1344384000,0.3460574
2012-08-09,1344470400,0.34588187
2012-08-10,1344556800,0.3457227
2012-08-11,1344643200,0.34543741
2012-08-12,1344729600,0.34515962
2012-08-13,1344816000,0.34504369
2012-08-14,1344902400,0.34510238
2012-08-15,1344988800,0.34521513
2012-08-16,1345075200,0.34534809
2012-08-17,1345161600,0.34739094
2012-08-18,1345248000,0.34816916
2012-08-19,1345334400,0.35103358
2012-08-20,1345420800,0.35142905
2012-08-21,1345507200,0.35140895
2012-08-22,1345593600,0.35168804
2012-08-23,1345680000,0.35184983
2012-08-24,1345766400,0.35149304
2012-08-25,1345852800,0.35118396
2012-08-26,1345939200,0.35092099
2012-08-27,1346025600,0.35277753
2012-08-28,1346112000,0.35323707
2012-08-29,1346198400,0.35296738
2012-08-30,1346284800,0.35264544
2012-08-31,1346371200,0.3555472
2012-09-01,1346457600,0.35518887
2012-09-02,1346544000,0.35497153
2012-09-03,1346630400,0.35463216
2012-09-04,1346716800,0.35446368
2012-09-05,1346803200,0.35412119
2012-09-06,1346889600,0.3540654
2012-09-07,1346976000,0.35377384
2012-09-08,1347062400,0.35346497
2012-09-09,1347148800,0.35345527
2012-09-10,1347235200,0.35636648
2012-09-11,1347321600,0.35596038
2012-09-12,1347408000,0.3557975
2012-09-13,1347494400,0.35550407
2012-09-14,1347580800,0.35517945
2012-09-15,1347667200,0.35517435
2012-09-16,1347753600,0.35491807
2012-09-17,1347840000,0.3556515
2012-09-18,1347926400,0.35669442
2012-09-19,1348012800,0.35670377
2012-09-20,1348099200,0.35720391
2012-09-21,1348185600,0.35756012
2012-09-22,1348272000,0.3576523
2012-09-23,1348358400,0.35738478
2012-09-24,1348444800,0.35781923
2012-09-25,1348531200,0.35800811
2012-09-26,1348617600,0.3579046
2012-09-27,1348704000,0.35782618
2012-09-28,1348790400,0.35897834
2012-09-29,1348876800,0.35887206
2012-09-30,1348963200,0.35862876
2012-10-01,1349049600,0.35849897
2012-10-02,1349136000,0.35840179
2012-10-03,1349222400,0.35907619
2012-10-04,1349308800,0.35918264
2012-10-05,1349395200,0.35891517
2012-10-06,1349481600,0.35856493
2012-10-07,1349568000,0.35824881
2012-10-08,1349654400,0.35940648
2012-10-09,1349740800,0.35918246
2012-10-10,1349827200,0.35917982
2012-10-11,1349913600,0.35899069
2012-10-12,1350000000,0.3589099
2012-10-13,1350086400,0.3585267
2012-10-14,1350172800,0.3591331
2012-10-15,1350259200,0.3590422
2012-10-16,1350345600,0.35898339
2012-10-17,1350432000,0.3601377
2012-10-18,1350518400,0.36012812
2012-10-19,1350604800,0.36003266
2012-10-20,1350691200,0.35976499
2012-10-21,1350777600,0.360105
2012-10-22,1350864000,0.35979516
2012-10-23,1350950400,0.35966659
2012-10-24,1351036800,0.35952317
2012-10-25,1351123200,0.36021388
2012-10-26,1351209600,0.36074352
2012-10-27,1351296000,0.36045256
2012-10-28,1351382400,0.36006746
2012-10-29,1351468800,0.35984158
2012-10-30,1351555200,0.36002215
2012-10-31,1351641600,0.35985189
2012-11-01,1351728000,0.3599344
2012-11-02,1351814400,0.35970207
2012-11-03,1351900800,0.35934824
2012-11-04,1351987200,0.35933277
2012-11-05,1352073600,0.35921803
2012-11-06,1352160000,0.35893476
2012-11-07,1352246400,0.35913167
2012-11-08,1352332800,0.35884275
2012-11-09,1352419200,0.35870469
2012-11-10,1352505600,0.35838205
2012-11-11,1352592000,0.35833986
2012-11-12,1352678400,0.35841368
2012-11-13,1352764800,0.358526
2012-11-14,1352851200,0.35842509
2012-11-15,1352937600,0.35830068
2012-11-16,1353024000,0.35868124
2012-11-17,1353110400,0.3586351
2012-11-18,1353196800,0.35838639
2012-11-19,1353283200,0.3583842
2012-11-20,1353369600,0.35818432
2012-11-21,1353456000,0.35806004
2012-11-22,1353542400,0.35786477
2012-11-23,1353628800,0.35783572
2012-11-24,1353715200,0.35753301
2012-11-25,1353801600,0.35754342
2012-11-26,1353888000,0.35775118
2012-11-27,1353974400,0.35772638
2012-11-28,1354060800,0.35763691
2012-11-29,1354147200,0.35742429
2012-11-30,1354233600,0.35755978
2012-12-01,1354320000,0.35738367
2012-12-02,1354406400,0.35707253
2012-12-03,1354492800,0.3570405
2012-12-04,1354579200,0.35955416
2012-12-05,1354665600,0.35962215
2012-12-06,1354752000,0.35938415
2012-12-07,1354838400,0.36018525
2012-12-08,1354924800,0.35984622
2012-12-09,1355011200,0.35984026
2012-12-10,1355097600,0.36000764
2012-12-11,1355184000,0.35999922
2012-12-12,1355270400,0.36026979
2012-12-13,1355356800,0.36105189
2012-12-14,1355443200,0.36100596
2012-12-15,1355529600,0.36072057
2012-12-16,1355616000,0.36056741
2012-12-17,1355702400,0.36031776
2012-12-18,1355788800,0.36029509
2012-12-19,1355875200,0.36031521
2012-12-20,1355961600,0.36058976
2012-12-21,1356048000,0.3605759
2012-12-22,1356134400,0.36027402
2012-12-23,1356220800,0.35997022
2012-12-24,1356307200,0.35971524
2012-12-25,1356393600,0.35937045
2012-12-26,1356480000,0.35905962
2012-12-27,1356566400,0.35874486
2012-12-28,1356652800,0.35855004
2012-12-29,1356739200,0.35833237
2012-12-30,1356825600,0.35813022
2012-12-31,1356912000,0.35926231
2013-01-01,1356998400,0.35903714
2013-01-02,1357084800,0.35884911
2013-01-03,1357171200,0.35869787
2013-01-04,1357257600,0.35885787
2013-01-05,1357344000,0.35862083
2013-01-06,1357430400,0.35829056
2013-01-07,1357516800,0.35805572
2013-01-08,1357603200,0.35832008
2013-01-09,1357689600,0.35837246
2013-01-10,1357776000,0.35849735
2013-01-11,1357862400,0.35842403
2013-01-12,1357948800,0.35814728
2013-01-13,1358035200,0.35820381
2013-01-14,1358121600,0.35803876
2013-01-15,1358208000,0.3580492
2013-01-16,1358294400,0.35804565
2013-01-17,1358380800,0.35823655
2013-01-18,1358467200,0.35829033
2013-01-19,1358553600,0.35811789
2013-01-20,1358640000,0.35795574
2013-01-21,1358726400,0.35829396
2013-01-22,1358812800,0.35944428
2013-01-23,1358899200,0.35944257
2013-01-24,1358985600,0.36016805
2013-01-25,1359072000,0.36041683
2013-01-26,1359158400,0.36060052
2013-01-27,1359244800,0.36172086
2013-01-28,1359331200,0.36192351
2013-01-29,1359417600,0.36324984
2013-01-30,1359504000,0.36486139
2013-01-31,1359590400,0.36562624
2013-02-01,1359676800,0.36898708
2013-02-02,1359763200,0.36988388
2013-02-03,1359849600,0.36983871
2013-02-04,1359936000,0.37046126
2013-02-05,1360022400,0.37090717
2013-02-06,1360108800,0.37091196
2013-02-07,1360195200,0.37108318
2013-02-08,1360281600,0.37165146
2013-02-09,1360368000,0.37252188
2013-02-10,1360454400,0.37239392
2013-02-11,1360540800,0.37257227
2013-02-12,1360627200,0.37273535
2013-02-13,1360713600,0.37317032
2013-02-14,1360800000,0.37357105
2013-02-15,1360886400,0.37592365
2013-02-16,1360972800,0.37616758
2013-02-17,1361059200,0.37639068
2013-02-18,1361145600,0.37672708
2013-02-19,1361232000,0.37702483
2013-02-20,1361318400,0.37771683
2013-02-21,1361404800,0.37767656
2013-02-22,1361491200,0.37784487
2013-02-23,1361577600,0.37796139
2013-02-24,1361664000,0.37816562
2013-02-25,1361750400,0.38174446
2013-02-26,1361836800,0.3821365
2013-02-27,1361923200,0.38192386
2013-02-28,1362009600,0.38422486
2013-03-01,1362096000,0.38449055
2013-03-02,1362182400,0.38446561
2013-03-03,1362268800,0.38442214
2013-03-04,1362355200,0.38444627
2013-03-05,1362441600,0.3853934
2013-03-06,1362528000,0.38758434
2013-03-07,1362614400,0.3886842
2013-03-08,1362700800,0.38863102
2013-03-09,1362787200,0.38935036
2013-03-10,1362873600,0.38923872
2013-03-11,1362960000,0.38951419
2013-03-12,1363046400,0.38997901
2013-03-13,1363132800,0.39038473
2013-03-14,1363219200,0.39065984
2013-03-15,1363305600,0.39101779
2013-03-16,1363392000,0.39094802
2013-03-17,1363478400,0.39108382
2013-03-18,1363564800,0.3910193
2013-03-19,1363651200,0.39159514
2013-03-20,1363737600,0.39199748
2013-03-21,1363824000,0.39319143
2013-03-22,1363910400,0.394462
2013-03-23,1363996800,0.39505488
2013-03-24,1364083200,0.39567515
2013-03-25,1364169600,0.39669374
2013-03-26,1364256000,0.39727367
2013-03-27,1364342400,0.39797985
2013-03-28,1364428800,0.39866127
2013-03-29,1364515200,0.39914491
2013-03-30,1364601600,0.40052116
2013-03-31,1364688000,0.40037516
2013-04-01,1364774400,0.40286677
2013-04-02,1364860800,0.40379957
2013-04-03,1364947200,0.40753632
2013-04-04,1365033600,0.40831436
2013-04-05,1365120000,0.41182599
2013-04-06,1365206400,0.41266282
2013-04-07,1365292800,0.41354033
2013-04-08,1365379200,0.41519695
2013-04-09,1365465600,0.42054898
2013-04-10,1365552000,0.42426024
2013-04-11,1365638400,0.42636606
2013-04-12,1365724800,0.42730985
2013-04-13,1365811200,0.42795381
2013-04-14,1365897600,0.42849569
2013-04-15,1365984000,0.42913922
2013-04-16,1366070400,0.43145632
2013-04-17,1366156800,0.43196794
2013-04-18,1366243200,0.43183742
2013-04-19,1366329600,0.43187902
2013-04-20,1366416000,0.43193199
2013-04-21,1366502400,0.4324952
2013-04-22,1366588800,0.43258237
2013-04-23,1366675200,0.43330422
2013-04-24,1366761600,0.43417394
2013-04-25,1366848000,0.43449583
2013-04-26,1366934400,0.43429508
2013-04-27,1367020800,0.43451067
2013-04-28,1367107200,0.43433253
2013-04-29,1367193600,0.43441159
2013-04-30,1367280000,0.43428603
2013-05-01,1367366400,0.43485324
2013-05-02,1367452800,0.43491287
2013-05-03,1367539200,0.43609459
2013-05-04,1367625600,0.43578586
2013-05-05,1367712000,0.43578529
2013-05-06,1367798400,0.43554869
2013-05-07,1367884800,0.4354851
2013-05-08,1367971200,0.43522405
2013-05-09,1368057600,0.43510722
2013-05-10,1368144000,0.43521935
2013-05-11,1368230400,0.43539654
2013-05-12,1368316800,0.4350868
2013-05-13,1368403200,0.43480059
2013-05-14,1368489600,0.43471673
2013-05-15,1368576000,0.43494687
2013-05-16,1368662400,0.43470139
2013-05-17,1368748800,0.43446093
2013-05-18,1368835200,0.43464953
2013-05-19,1368921600,0.43428128
2013-05-20,1369008000,0.4339869
2013-05-21,1369094400,0.43369086
2013-05-22,1369180800,0.43343504
2013-05-23,1369267200,0.43316148
2013-05-24,1369353600,0.43294726
2013-05-25,1369440000,0.43403261
2013-05-26,1369526400,0.43359217
2013-05-27,1369612800,0.43337779
2013-05-28,1369699200,0.43315987
2013-05-29,1369785600,0.43319956
2013-05-30,1369872000,0.43314433
2013-05-31,1369958400,0.43349284
2013-06-01,1370044800,0.43322053
2013-06-02,1370131200,0.43305934
2013-06-03,1370217600,0.43286396
2013-06-04,1370304000,0.4329681
2013-06-05,1370390400,0.43353903
2013-06-06,1370476800,0.4340703
2013-06-07,1370563200,0.43414908
2013-06-08,1370649600,0.43389056
2013-06-09,1370736000,0.43431659
2013-06-10,1370822400,0.4339765
2013-06-11,1370908800,0.43409942
2013-06-12,1370995200,0.43373769
2013-06-13,1371081600,0.43343012
2013-06-14,1371168000,0.43357863
2013-06-15,1371254400,0.43331905
2013-06-16,1371340800,0.4331059
2013-06-17,1371427200,0.43271453
2013-06-18,1371513600,0.43238868
2013-06-19,1371600000,0.4321673
2013-06-20,1371686400,0.431859
2013-06-21,1371772800,0.43150179
2013-06-22,1371859200,0.43117616
2013-06-23,1371945600,0.43087178
2013-06-24,1372032000,0.43072151
2013-06-25,1372118400,0.43085196
2013-06-26,1372204800,0.43066737
2013-06-27,1372291200,0.43056568
2013-06-28,1372377600,0.43065678
2013-06-29,1372464000,0.43086242
2013-06-30,1372550400,0.43072439
2013-07-01,1372636800,0.4318418
2013-07-02,1372723200,0.43199816
2013-07-03,1372809600,0.43253223
2013-07-04,1372896000,0.43238373
2013-07-05,1372982400,0.43271908
2013-07-06,1373068800,0.43251197
2013-07-07,1373155200,0.43225689
2013-07-08,1373241600,0.43199414
2013-07-09,1373328000,0.43172807
2013-07-10,1373414400,0.43207941
2013-07-11,1373500800,0.43190166
2013-07-12,1373587200,0.43207678
2013-07-13,1373673600,0.4321135
2013-07-14,1373760000,0.43175466
2013-07-15,1373846400,0.43147858
2013-07-16,1373932800,0.43126244
2013-07-17,1374019200,0.43116219
2013-07-18,1374105600,0.43095438
2013-07-19,1374192000,0.43068249
2013-07-20,1374278400,0.43047148
2013-07-21,1374364800,0.43024082
2013-07-22,1374451200,0.43009964
2013-07-23,1374537600,0.42987191
2013-07-24,1374624000,0.42959481
2013-07-25,1374710400,0.42947121
2013-07-26,1374796800,0.42921587
2013-07-27,1374883200,0.42887374
2013-07-28,1374969600,0.42870766
2013-07-29,1375056000,0.4287525
2013-07-30,1375142400,0.4288075
2013-07-31,1375228800,0.42889367
2013-08-01,1375315200,0.4287239
2013-08-02,1375401600,0.42936576
2013-08-03,1375488000,0.43148672
2013-08-04,1375574400,0.43116146
2013-08-05,1375660800,0.43112394
2013-08-06,1375747200,0.43084515
2013-08-07,1375833600,0.43068458
2013-08-08,1375920000,0.43058501
2013-08-09,1376006400,0.43032145
2013-08-10,1376092800,0.43014354
2013-08-11,1376179200,0.42996682
2013-08-12,1376265600,0.42986024
2013-08-13,1376352000,0.43184988
2013-08-14,1376438400,0.4318163
2013-08-15,1376524800,0.43201661
2013-08-16,1376611200,0.43202927
2013-08-17,1376697600,0.43179397
2013-08-18,1376784000,0.43149643
2013-08-19,1376870400,0.43135455
2013-08-20,1376956800,0.43139621
2013-08-21,1377043200,0.43131423
2013-08-22,1377129600,0.43106485
2013-08-23,1377216000,0.43093847
2013-08-24,1377302400,0.43056847
2013-08-25,1377388800,0.4302389
2013-08-26,1377475200,0.43001992
2013-08-27,1377561600,0.42981808
2013-08-28,1377648000,0.4296576
2013-08-29,1377734400,0.43021149
2013-08-30,1377820800,0.43012405
2013-08-31,1377907200,0.43011157
2013-09-01,1377993600,0.4299817
2013-09-02,1378080000,0.42991049
2013-09-03,1378166400,0.43011371
2013-09-04,1378252800,0.4299586
2013-09-05,1378339200,0.42969882
2013-09-06,1378425600,0.42944757
2013-09-07,1378512000,0.42925372
2013-09-08,1378598400,0.42890101
2013-09-09,1378684800,0.42936803
2013-09-10,1378771200,0.42910665
2013-09-11,1378857600,0.42904327
2013-09-12,1378944000,0.4292195
2013-09-13,1379030400,0.42895047
2013-09-14,1379116800,0.42905314
2013-09-15,1379203200,0.42878084
2013-09-16,1379289600,0.42860385
2013-09-17,1379376000,0.42834718
2013-09-18,1379462400,0.42851238
2013-09-19,1379548800,0.42909456
2013-09-20,1379635200,0.42877554
2013-09-21,1379721600,0.4286402
2013-09-22,1379808000,0.42851081
2013-09-23,1379894400,0.42825082
2013-09-24,1379980800,0.428136
2013-09-25,1380067200,0.42810215
2013-09-26,1380153600,0.42783633
2013-09-27,1380240000,0.42755706
2013-09-28,1380326400,0.42723394
2013-09-29,1380412800,0.42702251
2013-09-30,1380499200,0.42691927
2013-10-01,1380585600,0.42679172
2013-10-02,1380672000,0.42725993
2013-10-03,1380758400,0.42713084
2013-10-04,1380844800,0.42680617
2013-10-05,1380931200,0.42663101
2013-10-06,1381017600,0.42639138
2013-10-07,1381104000,0.42773993
2013-10-08,1381190400,0.42745554
2013-10-09,1381276800,0.42765475
2013-10-10,1381363200,0.42749024
2013-10-11,1381449600,0.42728557
2013-10-12,1381536000,0.42697338
2013-10-13,1381622400,0.42679234
2013-10-14,1381708800,0.42665894
2013-10-15,1381795200,0.42656409
2013-10-16,1381881600,0.4274102
2013-10-17,1381968000,0.42733567
2013-10-18,1382054400,0.42727227
2013-10-19,1382140800,0.42744866
2013-10-20,1382227200,0.42751722
2013-10-21,1382313600,0.4308338
2013-10-22,1382400000,0.4321105
2013-10-23,1382486400,0.43343578
2013-10-24,1382572800,0.43359213
2013-10-25,1382659200,0.43836578
2013-10-26,1382745600,0.43828809
2013-10-27,1382832000,0.43830661
2013-10-28,1382918400,0.43810711
2013-10-29,1383004800,0.43834807
2013-10-30,1383091200,0.43815215
2013-10-31,1383177600,0.43830317
2013-11-01,1383264000,0.43832404
2013-11-02,1383350400,0.4380949
2013-11-03,1383436800,0.43802904
2013-11-04,1383523200,0.43907268
2013-11-05,1383609600,0.43978754
2013-11-06,1383696000,0.44006722
2013-11-07,1383782400,0.44147361
2013-11-08,1383868800,0.44227322
2013-11-09,1383955200,0.44293071
2013-11-10,1384041600,0.44353984
2013-11-11,1384128000,0.44416779
2013-11-12,1384214400,0.44492629
2013-11-13,1384300800,0.44590781
2013-11-14,1384387200,0.44751286
2013-11-15,1384473600,0.44845841
2013-11-16,1384560000,0.44911064
2013-11-17,1384646400,0.45032861
2013-11-18,1384732800,0.45184361
2013-11-19,1384819200,0.45363548
2013-11-20,1384905600,0.45540162
2013-11-21,1384992000,0.45585177
2013-11-22,1385078400,0.45677419
2013-11-23,1385164800,0.45767098
2013-11-24,1385251200,0.45803123
2013-11-25,1385337600,0.46119052
2013-11-26,1385424000,0.46482383
2013-11-27,1385510400,0.46668437
2013-11-28,1385596800,0.4682461
2013-11-29,1385683200,0.46927903
2013-11-30,1385769600,0.46953781
2013-12-01,1385856000,0.46986818
2013-12-02,1385942400,0.47036818
2013-12-03,1386028800,0.47057526
2013-12-04,1386115200,0.47066772
2013-12-05,1386201600,0.47095581
2013-12-06,1386288000,0.47115547
2013-12-07,1386374400,0.47148493
2013-12-08,1386460800,0.47126356
2013-12-09,1386547200,0.47108195
2013-12-10,1386633600,0.47097775
2013-12-11,1386720000,0.47115158
2013-12-12,1386806400,0.47093672
2013-12-13,1386892800,0.47087483
2013-12-14,1386979200,0.47088808
2013-12-15,1387065600,0.4708902
2013-12-16,1387152000,0.47163282
2013-12-17,1387238400,0.47158893
2013-12-18,1387324800,0.47284201
2013-12-19,1387411200,0.47276051
2013-12-20,1387497600,0.47330983
2013-12-21,1387584000,0.48386277
2013-12-22,1387670400,0.48367248
2013-12-23,1387756800,0.48342098
2013-12-24,1387843200,0.48343389
2013-12-25,1387929600,0.48541917
2013-12-26,1388016000,0.48513672
2013-12-27,1388102400,0.48551927
2013-12-28,1388188800,0.48509144
2013-12-29,1388275200,0.48482567
2013-12-30,1388361600,0.48450425
2013-12-31,1388448000,0.48419906
2014-01-01,1388534400,0.48386334
2014-01-02,1388620800,0.48369835
2014-01-03,1388707200,0.4835448
2014-01-04,1388793600,0.48406486
2014-01-05,1388880000,0.48422177
2014-01-06,1388966400,0.48403172
2014-01-07,1389052800,0.48389617
2014-01-08,1389139200,0.4840577
2014-01-09,1389225600,0.48378417
2014-01-10,1389312000,0.48346575
2014-01-11,1389398400,0.48418472
2014-01-12,1389484800,0.48415232
2014-01-13,1389571200,0.48390405
2014-01-14,1389657600,0.4841054
2014-01-15,1389744000,0.4840221
2014-01-16,1389830400,0.48394933
2014-01-17,1389916800,0.48367355
2014-01-18,1390003200,0.48333991
2014-01-19,1390089600,0.48330385
2014-01-20,1390176000,0.48308728
2014-01-21,1390262400,0.48287484
2014-01-22,1390348800,0.48283871
2014-01-23,1390435200,0.4825276
2014-01-24,1390521600,0.48246729
2014-01-25,1390608000,0.48227666
2014-01-26,1390694400,0.48191961
2014-01-27,1390780800,0.48185186
2014-01-28,1390867200,0.48159112
2014-01-29,1390953600,0.48145581
2014-01-30,1391040000,0.48128053
2014-01-31,1391126400,0.48094847
2014-02-01,1391212800,0.48083454
2014-02-02,1391299200,0.48054996
2014-02-03,1391385600,0.48019771
2014-02-04,1391472000,0.48006686
2014-02-05,1391558400,0.49158488
2014-02-06,1391644800,0.49179746
2014-02-07,1391731200,0.49174862
2014-02-08,1391817600,0.49148629
2014-02-09,1391904000,0.4912546
2014-02-10,1391990400,0.49122147
2014-02-11,1392076800,0.4911251
2014-02-12,1392163200,0.49109114
2014-02-13,1392249600,0.49083077
2014-02-14,1392336000,0.49065575
2014-02-15,1392422400,0.49037402
2014-02-16,1392508800,0.49021293
2014-02-17,1392595200,0.4898926
2014-02-18,1392681600,0.49009448
2014-02-19,1392768000,0.48979608
2014-02-20,1392854400,0.48981012
2014-02-21,1392940800,0.48958735
2014-02-22,1393027200,0.48920865
2014-02-23,1393113600,0.4889842
2014-02-24,1393200000,0.48902357
2014-02-25,1393286400,0.4896038
2014-02-26,1393372800,0.48933078
2014-02-27,1393459200,0.48908717
2014-02-28,1393545600,0.48950241
2014-03-01,1393632000,0.48999999
2014-03-02,1393718400,0.4899061
2014-03-03,1393804800,0.49002357
2014-03-04,1393891200,0.48993117
2014-03-05,1393977600,0.4899996
2014-03-06,1394064000,0.48982157
2014-03-07,1394150400,0.50335124
2014-03-08,1394236800,0.50312784
2014-03-09,1394323200,0.51092314
2014-03-10,1394409600,0.51165564
2014-03-11,1394496000,0.51160607
2014-03-12,1394582400,0.51167872
2014-03-13,1394668800,0.51147163
2014-03-14,1394755200,0.51114045
2014-03-15,1394841600,0.51077332
2014-03-16,1394928000,0.51043139
2014-03-17,1395014400,0.51015707
2014-03-18,1395100800,0.51010752
2014-03-19,1395187200,0.51011283
2014-03-20,1395273600,0.51012246
2014-03-21,1395360000,0.51079602
2014-03-22,1395446400,0.51069576
2014-03-23,1395532800,0.51032223
2014-03-24,1395619200,0.5101204
2014-03-25,1395705600,0.50994925
2014-03-26,1395792000,0.50966503
2014-03-27,1395878400,0.50964415
2014-03-28,1395964800,0.50961027
2014-03-29,1396051200,0.50930485
2014-03-30,1396137600,0.50912431
2014-03-31,1396224000,0.50891172
2014-04-01,1396310400,0.50861706
2014-04-02,1396396800,0.50831278
2014-04-03,1396483200,0.50888623
2014-04-04,1396569600,0.50849979
2014-04-05,1396656000,0.50889058
2014-04-06,1396742400,0.50900296
2014-04-07,1396828800,0.50865
2014-04-08,1396915200,0.50826305
2014-04-09,1397001600,0.50852878
2014-04-10,1397088000,0.50865812
2014-04-11,1397174400,0.50856222
2014-04-12,1397260800,0.50814335
2014-04-13,1397347200,0.50776345
2014-04-14,1397433600,0.50749773
2014-04-15,1397520000,0.50728533
2014-04-16,1397606400,0.50818301
2014-04-17,1397692800,0.50813123
2014-04-18,1397779200,0.50783606
2014-04-19,1397865600,0.50741486
2014-04-20,1397952000,0.50712215
2014-04-21,1398038400,0.50676635
2014-04-22,1398124800,0.50652254
2014-04-23,1398211200,0.50645588
2014-04-24,1398297600,0.50619689
2014-04-25,1398384000,0.50588507
2014-04-26,1398470400,0.50549642
2014-04-27,1398556800,0.50512909
2014-04-28,1398643200,0.50485168
2014-04-29,1398729600,0.50464519
2014-04-30,1398816000,0.50430047
2014-05-01,1398902400,0.50395766
2014-05-02,1398988800,0.50363287
2014-05-03,1399075200,0.50322064
2014-05-04,1399161600,0.50282978
2014-05-05,1399248000,0.50257327
2014-05-06,1399334400,0.5022557
2014-05-07,1399420800,0.50198288
2014-05-08,1399507200,0.50165936
2014-05-09,1399593600,0.50128172
2014-05-10,1399680000,0.50091335
2014-05-11,1399766400,0.5005527
2014-05-12,1399852800,0.50019276
2014-05-13,1399939200,0.49981784
2014-05-14,1400025600,0.49989664
2014-05-15,1400112000,0.49958443
2014-05-16,1400198400,0.49922405
2014-05-17,1400284800,0.49882505
2014-05-18,1400371200,0.49849683
2014-05-19,1400457600,0.49820241
2014-05-20,1400544000,0.49796393
2014-05-21,1400630400,0.4977001
2014-05-22,1400716800,0.49747135
2014-05-23,1400803200,0.4972038
2014-05-24,1400889600,0.49758818
2014-05-25,1400976000,0.49761104
2014-05-26,1401062400,0.49744626
2014-05-27,1401148800,0.4991671
2014-05-28,1401235200,0.4989215
2014-05-29,1401321600,0.49862515
2014-05-30,1401408000,0.49854757
2014-05-31,1401494400,0.49850195
2014-06-01,1401580800,0.49836082
2014-06-02,1401667200,0.49820962
2014-06-03,1401753600,0.497999
2014-06-04,1401840000,0.49781828
2014-06-05,1401926400,0.49755873
2014-06-06,1402012800,0.49734687
2014-06-07,1402099200,0.49702329
2014-06-08,1402185600,0.49673617
2014-06-09,1402272000,0.49670672
2014-06-10,1402358400,0.49703869
2014-06-11,1402444800,0.49753673
2014-06-12,1402531200,0.50080113
2014-06-13,1402617600,0.50063796
2014-06-14,1402704000,0.500278
2014-06-15,1402790400,0.49988918
2014-06-16,1402876800,0.49967476
2014-06-17,1402963200,0.49936525
2014-06-18,1403049600,0.49907127
2014-06-19,1403136000,0.49880068
2014-06-20,1403222400,0.49848344
2014-06-21,1403308800,0.49813473
2014-06-22,1403395200,0.49781788
2014-06-23,1403481600,0.49767512
2014-06-24,1403568000,0.49777058
2014-06-25,1403654400,0.49742906
2014-06-26,1403740800,0.49726233
2014-06-27,1403827200,0.4969676
2014-06-28,1403913600,0.49658094
2014-06-29,1404000000,0.49710772
2014-06-30,1404086400,0.4970322
2014-07-01,1404172800,0.49690543
2014-07-02,1404259200,0.49687518
2014-07-03,1404345600,0.49680843
2014-07-04,1404432000,0.49647824
2014-07-05,1404518400,0.49616702
2014-07-06,1404604800,0.49581523
2014-07-07,1404691200,0.49552757
2014-07-08,1404777600,0.49514439
2014-07-09,1404864000,0.49514925
2014-07-10,1404950400,0.49490741
2014-07-11,1405036800,0.49454927
2014-07-12,1405123200,0.49423793
2014-07-13,1405209600,0.4938735
2014-07-14,1405296000,0.49355317
2014-07-15,1405382400,0.49325827
2014-07-16,1405468800,0.4929264
2014-07-17,1405555200,0.49270123
2014-07-18,1405641600,0.49246002
2014-07-19,1405728000,0.49228518
2014-07-20,1405814400,0.4920213
2014-07-21,1405900800,0.49196596
2014-07-22,1405987200,0.49171738
2014-07-23,1406073600,0.49178215
2014-07-24,1406160000,0.4916464
2014-07-25,1406246400,0.49139412
2014-07-26,1406332800,0.49106947
2014-07-27,1406419200,0.49080675
2014-07-28,1406505600,0.49070844
2014-07-29,1406592000,0.4905178
2014-07-30,1406678400,0.49037167
2014-07-31,1406764800,0.49015303
2014-08-01,1406851200,0.49024285
2014-08-02,1406937600,0.48998318
2014-08-03,1407024000,0.48967698
2014-08-04,1407110400,0.48972984
2014-08-05,1407196800,0.49108265
2014-08-06,1407283200,0.49093053
2014-08-07,1407369600,0.4907575
2014-08-08,1407456000,0.49046193
2014-08-09,1407542400,0.4901907
2014-08-10,1407628800,0.4898989
2014-08-11,1407715200,0.48962411
2014-08-12,1407801600,0.48940619
2014-08-13,1407888000,0.48926005
2014-08-14,1407974400,0.48905545
2014-08-15,1408060800,0.48891212
2014-08-16,1408147200,0.48865297
2014-08-17,1408233600,0.48843809
2014-08-18,1408320000,0.48842151
2014-08-19,1408406400,0.48819845
2014-08-20,1408492800,0.48795231
2014-08-21,1408579200,0.488067
2014-08-22,1408665600,0.48793886
2014-08-23,1408752000,0.48807139
2014-08-24,1408838400,0.4877534
2014-08-25,1408924800,0.48776043
2014-08-26,1409011200,0.48756424
2014-08-27,1409097600,0.48730097
2014-08-28,1409184000,0.48766746
2014-08-29,1409270400,0.48791403
2014-08-30,1409356800,0.48765266
2014-08-31,1409443200,0.48744669
2014-09-01,1409529600,0.48741406
2014-09-02,1409616000,0.48724604
2014-09-03,1409702400,0.48703751
2014-09-04,1409788800,0.48694508
2014-09-05,1409875200,0.48690181
2014-09-06,1409961600,0.48709542
2014-09-07,1410048000,0.486926
2014-09-08,1410134400,0.486633
2014-09-09,1410220800,0.48688539
2014-09-10,1410307200,0.48677905
2014-09-11,1410393600,0.48657986
2014-09-12,1410480000,0.48641644
2014-09-13,1410566400,0.48609512
2014-09-14,1410652800,0.48578895
2014-09-15,1410739200,0.48572978
2014-09-16,1410825600,0.48545915
2014-09-17,1410912000,0.48529891
2014-09-18,1410998400,0.48530637
2014-09-19,1411084800,0.485244
2014-09-20,1411171200,0.48574471
2014-09-21,1411257600,0.48560346
2014-09-22,1411344000,0.48529662
2014-09-23,1411430400,0.48514873
2014-09-24,1411516800,0.48487751
2014-09-25,1411603200,0.48462123
2014-09-26,1411689600,0.4845371
2014-09-27,1411776000,0.48421958
2014-09-28,1411862400,0.48412012
2014-09-29,1411948800,0.48424559
2014-09-30,1412035200,0.48415109
2014-10-01,1412121600,0.48398727
2014-10-02,1412208000,0.48383479
2014-10-03,1412294400,0.48396851
2014-10-04,1412380800,0.48397437
2014-10-05,1412467200,0.48510369
2014-10-06,1412553600,0.48549563
2014-10-07,1412640000,0.48543024
2014-10-08,1412726400,0.48548873
2014-10-09,1412812800,0.48532646
2014-10-10,1412899200,0.48544306
2014-10-11,1412985600,0.48510769
2014-10-12,1413072000,0.48510474
2014-10-13,1413158400,0.48506324
2014-10-14,1413244800,0.48489428
2014-10-15,1413331200,0.48501017
2014-10-16,1413417600,0.48479
2014-10-17,1413504000,0.48466686
2014-10-18,1413590400,0.48433152
2014-10-19,1413676800,0.48405168
2014-10-20,1413763200,0.48376864
2014-10-21,1413849600,0.48345591
2014-10-22,1413936000,0.48336328
2014-10-23,1414022400,0.48326318
2014-10-24,1414108800,0.48326496
2014-10-25,1414195200,0.48297812
2014-10-26,1414281600,0.48263708
2014-10-27,1414368000,0.48243908
2014-10-28,1414454400,0.48221116
2014-10-29,1414540800,0.48202483
2014-10-30,1414627200,0.48181463
2014-10-31,1414713600,0.48166468
2014-11-01,1414800000,0.48153858
2014-11-02,1414886400,0.48126383
2014-11-03,1414972800,0.48102864
2014-11-04,1415059200,0.48092731
2014-11-05,1415145600,0.48077204
2014-11-06,1415232000,0.48068912
2014-11-07,1415318400,0.48121671
2014-11-08,1415404800,0.48115916
2014-11-09,1415491200,0.48111883
2014-11-10,1415577600,0.48093026
2014-11-11,1415664000,0.48076023
2014-11-12,1415750400,0.48070954
2014-11-13,1415836800,0.480823
2014-11-14,1415923200,0.48069986
2014-11-15,1416009600,0.48041084
2014-11-16,1416096000,0.48012166
2014-11-17,1416182400,0.47995069
2014-11-18,1416268800,0.47973835
2014-11-19,1416355200,0.47966041
2014-11-20,1416441600,0.47957658
2014-11-21,1416528000,0.47931853
2014-11-22,1416614400,0.47899997
2014-11-23,1416700800,0.47867097
2014-11-24,1416787200,0.47842488
2014-11-25,1416873600,0.47822675
2014-11-26,1416960000,0.47808677
2014-11-27,1417046400,0.47779663
2014-11-28,1417132800,0.48075576
2014-11-29,1417219200,0.48053367
2014-11-30,1417305600,0.48028959
2014-12-01,1417392000,0.4801952
2014-12-02,1417478400,0.48020721
2014-12-03,1417564800,0.48002447
2014-12-04,1417651200,0.48076027
2014-12-05,1417737600,0.48051528
2014-12-06,1417824000,0.48021906
2014-12-07,1417910400,0.48006508
2014-12-08,1417996800,0.48149673
2014-12-09,1418083200,0.48257408
2014-12-10,1418169600,0.48248343
2014-12-11,1418256000,0.4822955
2014-12-12,1418342400,0.48207851
2014-12-13,1418428800,0.48179711
2014-12-14,1418515200,0.4815058
2014-12-15,1418601600,0.48130562
2014-12-16,1418688000,0.4810949
2014-12-17,1418774400,0.48088922
2014-12-18,1418860800,0.48078944
2014-12-19,1418947200,0.48063192
2014-12-20,1419033600,0.48041212
2014-12-21,1419120000,0.48035614
2014-12-22,1419206400,0.48015976
2014-12-23,1419292800,0.48000565
2014-12-24,1419379200,0.48127051
2014-12-25,1419465600,0.48095282
2014-12-26,1419552000,0.48065441
2014-12-27,1419638400,0.48033077
2014-12-28,1419724800,0.47998894
2014-12-29,1419811200,0.47987595
2014-12-30,1419897600,0.48150261
2014-12-31,1419984000,0.48163008
2015-01-01,1420070400,0.48128984
2015-01-02,1420156800,0.48102913
2015-01-03,1420243200,0.4809353
2015-01-04,1420329600,0.48094286
2015-01-05,1420416000,0.4808902
2015-01-06,1420502400,0.48162536
2015-01-07,1420588800,0.48160986
2015-01-08,1420675200,0.48193733
2015-01-09,1420761600,0.48195784
2015-01-10,1420848000,0.48178109
2015-01-11,1420934400,0.4817759
2015-01-12,1421020800,0.48162828
2015-01-13,1421107200,0.48202832
2015-01-14,1421193600,0.48250429
2015-01-15,1421280000,0.48283523
2015-01-16,1421366400,0.4827155
2015-01-17,1421452800,0.48245509
2015-01-18,1421539200,0.4822659
2015-01-19,1421625600,0.48198722
2015-01-20,1421712000,0.48174469
2015-01-21,1421798400,0.48230449
2015-01-22,1421884800,0.48203349
2015-01-23,1421971200,0.48174711
2015-01-24,1422057600,0.48156663
2015-01-25,1422144000,0.48125083
2015-01-26,1422230400,0.48198218
2015-01-27,1422316800,0.48176514
2015-01-28,1422403200,0.48159859
2015-01-29,1422489600,0.48142246
2015-01-30,1422576000,0.48116914
2015-01-31,1422662400,0.48096445
2015-02-01,1422748800,0.48068261
2015-02-02,1422835200,0.48053824
2015-02-03,1422921600,0.48039054
2015-02-04,1423008000,0.48040816
2015-02-05,1423094400,0.48016992
2015-02-06,1423180800,0.47992727
2015-02-07,1423267200,0.47965011
2015-02-08,1423353600,0.47934191
2015-02-09,1423440000,0.47920898
2015-02-10,1423526400,0.47895002
2015-02-11,1423612800,0.47876475
2015-02-12,1423699200,0.47852158
2015-02-13,1423785600,0.47839338
2015-02-14,1423872000,0.47819558
2015-02-15,1423958400,0.47800457
2015-02-16,1424044800,0.47775606
2015-02-17,1424131200,0.47750879
2015-02-18,1424217600,0.47723918
2015-02-19,1424304000,0.47743676
2015-02-20,1424390400,0.47872861
2015-02-21,1424476800,0.47841331
2015-02-22,1424563200,0.47811706
2015-02-23,1424649600,0.47799198
2015-02-24,1424736000,0.47776346
2015-02-25,1424822400,0.47784306
2015-02-26,1424908800,0.47756786
2015-02-27,1424995200,0.47739532
2015-02-28,1425081600,0.47739862
2015-03-01,1425168000,0.4780873
2015-03-02,1425254400,0.47790508
2015-03-03,1425340800,0.47826739
2015-03-04,1425427200,0.47841709
2015-03-05,1425513600,0.47867229
2015-03-06,1425600000,0.47875988
2015-03-07,1425686400,0.4791408
2015-03-08,1425772800,0.47929038
2015-03-09,1425859200,0.47958038
2015-03-10,1425945600,0.48062881
2015-03-11,1426032000,0.48054988
2015-03-12,1426118400,0.48080159
2015-03-13,1426204800,0.48083186
2015-03-14,1426291200,0.4805363
2015-03-15,1426377600,0.48025981
2015-03-16,1426464000,0.48020633
2015-03-17,1426550400,0.47997605
2015-03-18,1426636800,0.47994161
2015-03-19,1426723200,0.47983829
2015-03-20,1426809600,0.47959666
2015-03-21,1426896000,0.47943944
2015-03-22,1426982400,0.47915514
2015-03-23,1427068800,0.47895564
2015-03-24,1427155200,0.47873547
2015-03-25,1427241600,0.47863384
2015-03-26,1427328000,0.47841813
2015-03-27,1427414400,0.47825906
2015-03-28,1427500800,0.47798832
2015-03-29,1427587200,0.4776705
2015-03-30,1427673600,0.47745987
2015-03-31,1427760000,0.47720503
2015-04-01,1427846400,0.47738929
2015-04-02,1427932800,0.47779083
2015-04-03,1428019200,0.47759627
2015-04-04,1428105600,0.47732035
2015-04-05,1428192000,0.47703707
2015-04-06,1428278400,0.47679033
2015-04-07,1428364800,0.47654991
2015-04-08,1428451200,0.47638258
2015-04-09,1428537600,0.4762679
2015-04-10,1428624000,0.47653508
2015-04-11,1428710400,0.47623147
2015-04-12,1428796800,0.47604624
2015-04-13,1428883200,0.47591516
2015-04-14,1428969600,0.47570829
2015-04-15,1429056000,0.47622955
2015-04-16,1429142400,0.47597452
2015-04-17,1429228800,0.47574104
2015-04-18,1429315200,0.47542404
2015-04-19,1429401600,0.47510381
2015-04-20,1429488000,0.47488317
2015-04-21,1429574400,0.47476277
2015-04-22,1429660800,0.47453145
2015-04-23,1429747200,0.47716938
2015-04-24,1429833600,0.47691985
2015-04-25,1429920000,0.47673963
2015-04-26,1430006400,0.47647302
2015-04-27,1430092800,0.47638845
2015-04-28,1430179200,0.47619551
2015-04-29,1430265600,0.47597214
2015-04-30,1430352000,0.47571473
2015-05-01,1430438400,0.4754717
2015-05-02,1430524800,0.47516079
2015-05-03,1430611200,0.47500235
2015-05-04,1430697600,0.47478495
2015-05-05,1430784000,0.47459364
2015-05-06,1430870400,0.47436394
2015-05-07,1430956800,0.47411233
2015-05-08,1431043200,0.47389774
2015-05-09,1431129600,0.47365366
2015-05-10,1431216000,0.47337258
2015-05-11,1431302400,0.47337347
2015-05-12,1431388800,0.47320681
2015-05-13,1431475200,0.47297441
2015-05-14,1431561600,0.4727973
2015-05-15,1431648000,0.47257643
2015-05-16,1431734400,0.47230299
2015-05-17,1431820800,0.47200964
2015-05-18,1431907200,0.47179348
2015-05-19,1431993600,0.47167537
2015-05-20,1432080000,0.47145362
2015-05-21,1432166400,0.47118801
2015-05-22,1432252800,0.4712881
2015-05-23,1432339200,0.47104793
2015-05-24,1432425600,0.47076216
2015-05-25,1432512000,0.47058144
2015-05-26,1432598400,0.47037725
2015-05-27,1432684800,0.47023972
2015-05-28,1432771200,0.47014062
2015-05-29,1432857600,0.46998689
2015-05-30,1432944000,0.47037997
2015-05-31,1433030400,0.47020705
2015-06-01,1433116800,0.47019555
2015-06-02,1433203200,0.4700709
2015-06-03,1433289600,0.46990117
2015-06-04,1433376000,0.46971674
2015-06-05,1433462400,0.46947269
2015-06-06,1433548800,0.46917431
2015-06-07,1433635200,0.46900598
2015-06-08,1433721600,0.46878656
2015-06-09,1433808000,0.46855348
2015-06-10,1433894400,0.46845918
2015-06-11,1433980800,0.46831577
2015-06-12,1434067200,0.4684023
2015-06-13,1434153600,0.46822661
2015-06-14,1434240000,0.46803966
2015-06-15,1434326400,0.46787025
2015-06-16,1434412800,0.46790238
2015-06-17,1434499200,0.4679754
2015-06-18,1434585600,0.46776536
2015-06-19,1434672000,0.46790584
2015-06-20,1434758400,0.46813808
2015-06-21,1434844800,0.46807842
2015-06-22,1434931200,0.46787718
2015-06-23,1435017600,0.46774803
2015-06-24,1435104000,0.46760678
2015-06-25,1435190400,0.46742147
2015-06-26,1435276800,0.46723239
2015-06-27,1435363200,0.46704006
2015-06-28,1435449600,0.46678052
2015-06-29,1435536000,0.46666368
2015-06-30,1435622400,0.46659776
2015-07-01,1435708800,0.46642724
2015-07-02,1435795200,0.46630511
2015-07-03,1435881600,0.46635379
2015-07-04,1435968000,0.46607195
2015-07-05,1436054400,0.4660047
2015-07-06,1436140800,0.46615786
2015-07-07,1436227200,0.46626684
2015-07-08,1436313600,0.46659888
2015-07-09,1436400000,0.46664075
2015-07-10,1436486400,0.46668137
2015-07-11,1436572800,0.46663662
2015-07-12,1436659200,0.46676705
2015-07-13,1436745600,0.46659184
2015-07-14,1436832000,0.46640425
2015-07-15,1436918400,0.46623514
2015-07-16,1437004800,0.46608903
2015-07-17,1437091200,0.46616819
2015-07-18,1437177600,0.46595485
2015-07-19,1437264000,0.46570245
2015-07-20,1437350400,0.4657235
2015-07-21,1437436800,0.46557691
2015-07-22,1437523200,0.46535028
2015-07-23,1437609600,0.46513463
2015-07-24,1437696000,0.46492619
2015-07-25,1437782400,0.46483763
2015-07-26,1437868800,0.46463609
2015-07-27,1437955200,0.46449048
2015-07-28,1438041600,0.4643385
2015-07-29,1438128000,0.46417496
2015-07-30,1438214400,0.46401606
2015-07-31,1438300800,0.46389933
2015-08-01,1438387200,0.46363973
2015-08-02,1438473600,0.46340405
2015-08-03,1438560000,0.46320301
2015-08-04,1438646400,0.46310619
2015-08-05,1438732800,0.46292577
2015-08-06,1438819200,0.46272422
2015-08-07,1438905600,0.4625032
2015-08-08,1438992000,0.46256882
2015-08-09,1439078400,0.46459264
2015-08-10,1439164800,0.46437324
2015-08-11,1439251200,0.46423398
2015-08-12,1439337600,0.4640581
2015-08-13,1439424000,0.46391973
2015-08-14,1439510400,0.4639338
2015-08-15,1439596800,0.46376889
2015-08-16,1439683200,0.46366038
2015-08-17,1439769600,0.46356841
2015-08-18,1439856000,0.46344015
2015-08-19,1439942400,0.46355646
2015-08-20,1440028800,0.46349916
2015-08-21,1440115200,0.46336113
2015-08-22,1440201600,0.46327712
2015-08-23,1440288000,0.46344576
2015-08-24,1440374400,0.46421621
2015-08-25,1440460800,0.46531497
2015-08-26,1440547200,0.46583502
2015-08-27,1440633600,0.46583938
2015-08-28,1440720000,0.46568769
2015-08-29,1440806400,0.46552812
2015-08-30,1440892800,0.46543669
2015-08-31,1440979200,0.4652811
2015-09-01,1441065600,0.46517173
2015-09-02,1441152000,0.46511876
2015-09-03,1441238400,0.46513804
2015-09-04,1441324800,0.46492835
2015-09-05,1441411200,0.46470864
2015-09-06,1441497600,0.46455918
2015-09-07,1441584000,0.4643204
2015-09-08,1441670400,0.4641708
2015-09-09,1441756800,0.4642185
2015-09-10,1441843200,0.46457029
2015-09-11,1441929600,0.46434888
2015-09-12,1442016000,0.4640705
2015-09-13,1442102400,0.46381246
2015-09-14,1442188800,0.46358193
2015-09-15,1442275200,0.46345195
2015-09-16,1442361600,0.46328049
2015-09-17,1442448000,0.46307655
2015-09-18,1442534400,0.46284269
2015-09-19,1442620800,0.4626243
2015-09-20,1442707200,0.46240702
2015-09-21,1442793600,0.46265754
2015-09-22,1442880000,0.46252481
2015-09-23,1442966400,0.46260217
2015-09-24,1443052800,0.46237999
2015-09-25,1443139200,0.46219822
2015-09-26,1443225600,0.46198398
2015-09-27,1443312000,0.46171508
2015-09-28,1443398400,0.46165771
2015-09-29,1443484800,0.46144101
2015-09-30,1443571200,0.46133106
2015-10-01,1443657600,0.46124776
2015-10-02,1443744000,0.46102178
2015-10-03,1443830400,0.4608434
2015-10-04,1443916800,0.46063833
2015-10-05,1444003200,0.46049135
2015-10-06,1444089600,0.46034387
2015-10-07,1444176000,0.46067953
2015-10-08,1444262400,0.46059253
2015-10-09,1444348800,0.46037329
2015-10-10,1444435200,0.46019051
2015-10-11,1444521600,0.45997392
2015-10-12,1444608000,0.46013651
2015-10-13,1444694400,0.46005319
2015-10-14,1444780800,0.46022269
2015-10-15,1444867200,0.46014759
2015-10-16,1444953600,0.46001339
2015-10-17,1445040000,0.45988221
2015-10-18,1445126400,0.45967316
2015-10-19,1445212800,0.45959283
2015-10-20,1445299200,0.45956226
2015-10-21,1445385600,0.45949637
2015-10-22,1445472000,0.45945233
2015-10-23,1445558400,0.45929577
2015-10-24,1445644800,0.45905828
2015-10-25,1445731200,0.45895595
2015-10-26,1445817600,0.45881954
2015-10-27,1445904000,0.45876687
2015-10-28,1445990400,0.46043159
2015-10-29,1446076800,0.46053052
2015-10-30,1446163200,0.46092478
2015-10-31,1446249600,0.46132888
2015-11-01,1446336000,0.46167821
2015-11-02,1446422400,0.461646
2015-11-03,1446508800,0.46254513
2015-11-04,1446595200,0.46343866
2015-11-05,1446681600,0.4637588
2015-11-06,1446768000,0.46369347
2015-11-07,1446854400,0.46465928
2015-11-08,1446940800,0.46462815
2015-11-09,1447027200,0.46523697
2015-11-10,1447113600,0.46553017
2015-11-11,1447200000,0.46563629
2015-11-12,1447286400,0.46551929
2015-11-13,1447372800,0.46596981
2015-11-14,1447459200,0.46589639
2015-11-15,1447545600,0.46572419
2015-11-16,1447632000,0.46557866
2015-11-17,1447718400,0.46570598
2015-11-18,1447804800,0.46552181
2015-11-19,1447891200,0.46545438
2015-11-20,1447977600,0.46531764
2015-11-21,1448064000,0.46514005
2015-11-22,1448150400,0.46510338
2015-11-23,1448236800,0.46490306
2015-11-24,1448323200,0.46476453
2015-11-25,1448409600,0.46456849
2015-11-26,1448496000,0.4644478
2015-11-27,1448582400,0.46456326
2015-11-28,1448668800,0.46436747
2015-11-29,1448755200,0.46413653
2015-11-30,1448841600,0.46406198
2015-12-01,1448928000,0.46399238
2015-12-02,1449014400,0.46405848
2015-12-03,1449100800,0.46397581
2015-12-04,1449187200,0.46392724
2015-12-05,1449273600,0.46390898
2015-12-06,1449360000,0.46409494
2015-12-07,1449446400,0.46402463
2015-12-08,1449532800,0.46387088
2015-12-09,1449619200,0.4644378
2015-12-10,1449705600,0.46437034
2015-12-11,1449792000,0.46447084
2015-12-12,1449878400,0.46440632
2015-12-13,1449964800,0.46437195
2015-12-14,1450051200,0.46512989
2015-12-15,1450137600,0.46513014
2015-12-16,1450224000,0.46501672
2015-12-17,1450310400,0.46488703
2015-12-18,1450396800,0.4647354
2015-12-19,1450483200,0.46508159
2015-12-20,1450569600,0.46489912
2015-12-21,1450656000,0.46485203
2015-12-22,1450742400,0.46477667
2015-12-23,1450828800,0.46473765
2015-12-24,1450915200,0.46474132
2015-12-25,1451001600,0.46501693
2015-12-26,1451088000,0.46486285
2015-12-27,1451174400,0.46468248
2015-12-28,1451260800,0.46452703
2015-12-29,1451347200,0.46433546
2015-12-30,1451433600,0.46414699
2015-12-31,1451520000,0.46399752
2016-01-01,1451606400,0.46375228
2016-01-02,1451692800,0.4635146
2016-01-03,1451779200,0.46336621
2016-01-04,1451865600,0.46320632
2016-01-05,1451952000,0.46311231
2016-01-06,1452038400,0.46297216
2016-01-07,1452124800,0.4646725
2016-01-08,1452211200,0.46495134
2016-01-09,1452297600,0.46473855
2016-01-10,1452384000,0.46493684
2016-01-11,1452470400,0.46490632
2016-01-12,1452556800,0.4647766
2016-01-13,1452643200,0.46499912
2016-01-14,1452729600,0.4647916
2016-01-15,1452816000,0.46523107
2016-01-16,1452902400,0.46527742
2016-01-17,1452988800,0.46511848
2016-01-18,1453075200,0.46498452
2016-01-19,1453161600,0.46502768
2016-01-20,1453248000,0.46497497
2016-01-21,1453334400,0.46498665
2016-01-22,1453420800,0.46653834
2016-01-23,1453507200,0.46736629
2016-01-24,1453593600,0.46730505
2016-01-25,1453680000,0.46768488
2016-01-26,1453766400,0.4678338
2016-01-27,1453852800,0.46779367
2016-01-28,1453939200,0.46791901
2016-01-29,1454025600,0.46786797
2016-01-30,1454112000,0.46796372
2016-01-31,1454198400,0.46786375
2016-02-01,1454284800,0.46815184
2016-02-02,1454371200,0.46801717
2016-02-03,1454457600,0.46786562
2016-02-04,1454544000,0.46787543
2016-02-05,1454630400,0.4678306
2016-02-06,1454716800,0.46774671
2016-02-07,1454803200,0.46763252
2016-02-08,1454889600,0.46747898
2016-02-09,1454976000,0.46747917
2016-02-10,1455062400,0.46746292
2016-02-11,1455148800,0.46766786
2016-02-12,1455235200,0.46758635
2016-02-13,1455321600,0.4674766
2016-02-14,1455408000,0.467346
2016-02-15,1455494400,0.46761935
2016-02-16,1455580800,0.46777282
2016-02-17,1455667200,0.4678468
2016-02-18,1455753600,0.4676829
2016-02-19,1455840000,0.46781062
2016-02-20,1455926400,0.46775641
2016-02-21,1456012800,0.46764521
2016-02-22,1456099200,0.46760118
2016-02-23,1456185600,0.46750416
2016-02-24,1456272000,0.46761842
2016-02-25,1456358400,0.46774169
2016-02-26,1456444800,0.46767529
2016-02-27,1456531200,0.46753589
2016-02-28,1456617600,0.46769074
2016-02-29,1456704000,0.46796143
2016-03-01,1456790400,0.46939636
2016-03-02,1456876800,0.46952687
2016-03-03,1456963200,0.46988203
2016-03-04,1457049600,0.46999545
2016-03-05,1457136000,0.4709893
2016-03-06,1457222400,0.47107588
2016-03-07,1457308800,0.471367
2016-03-08,1457395200,0.47150347
2016-03-09,1457481600,0.47176563
2016-03-10,1457568000,0.47203474
2016-03-11,1457654400,0.47204248
2016-03-12,1457740800,0.47200893
2016-03-13,1457827200,0.4720689
2016-03-14,1457913600,0.47223138
2016-03-15,1458000000,0.47230292
2016-03-16,1458086400,0.47233939
2016-03-17,1458172800,0.47235507
2016-03-18,1458259200,0.47234064
2016-03-19,1458345600,0.47224582
2016-03-20,1458432000,0.47210127
2016-03-21,1458518400,0.47239423
2016-03-22,1458604800,0.47248633
2016-03-23,1458691200,0.47232838
2016-03-24,1458777600,0.47225827
2016-03-25,1458864000,0.47234975
2016-03-26,1458950400,0.47234074
2016-03-27,1459036800,0.4722012
2016-03-28,1459123200,0.47221321
2016-03-29,1459209600,0.47214878
2016-03-30,1459296000,0.472154
2016-03-31,1459382400,0.4722459
2016-04-01,1459468800,0.47222796
2016-04-02,1459555200,0.47211031
2016-04-03,1459641600,0.47205105
2016-04-04,1459728000,0.47192097
2016-04-05,1459814400,0.47187398
2016-04-06,1459900800,0.47197546
2016-04-07,1459987200,0.47264545
2016-04-08,1460073600,0.47255074
2016-04-09,1460160000,0.47235329
2016-04-10,1460246400,0.47259716
2016-04-11,1460332800,0.47255957
2016-04-12,1460419200,0.47265712
2016-04-13,1460505600,0.47252147
2016-04-14,1460592000,0.47237806
2016-04-15,1460678400,0.47224096
2016-04-16,1460764800,0.47216069
2016-04-17,1460851200,0.47198876
2016-04-18,1460937600,0.47186112
2016-04-19,1461024000,0.47173299
2016-04-20,1461110400,0.47168632
2016-04-21,1461196800,0.47155393
2016-04-22,1461283200,0.47152968
2016-04-23,1461369600,0.47138928
2016-04-24,1461456000,0.47135914
2016-04-25,1461542400,0.47162661
2016-04-26,1461628800,0.47161537
2016-04-27,1461715200,0.47153853
2016-04-28,1461801600,0.4715262
2016-04-29,1461888000,0.47147022
2016-04-30,1461974400,0.47130299
2016-05-01,1462060800,0.47123258
2016-05-02,1462147200,0.47106977
2016-05-03,1462233600,0.47087456
2016-05-04,1462320000,0.47082936
2016-05-05,1462406400,0.47065927
2016-05-06,1462492800,0.470613
2016-05-07,1462579200,0.47073097
2016-05-08,1462665600,0.47056191
2016-05-09,1462752000,0.47049322
2016-05-10,1462838400,0.47055925
2016-05-11,1462924800,0.47058209
2016-05-12,1463011200,0.47049755
2016-05-13,1463097600,0.47037602
2016-05-14,1463184000,0.47044124
2016-05-15,1463270400,0.4702366
2016-05-16,1463356800,0.47026506
2016-05-17,1463443200,0.47208454
2016-05-18,1463529600,0.47214328
2016-05-19,1463616000,0.47233654
2016-05-20,1463702400,0.47251714
2016-05-21,1463788800,0.47237977
2016-05-22,1463875200,0.47226968
2016-05-23,1463961600,0.47222155
2016-05-24,1464048000,0.47211536
2016-05-25,1464134400,0.47214941
2016-05-26,1464220800,0.47210057
2016-05-27,1464307200,0.47324683
2016-05-28,1464393600,0.47337014
2016-05-29,1464480000,0.47360672
2016-05-30,1464566400,0.47361615
2016-05-31,1464652800,0.47371609
2016-06-01,1464739200,0.47379474
2016-06-02,1464825600,0.47425311
2016-06-03,1464912000,0.47415685
2016-06-04,1464998400,0.47400905
2016-06-05,1465084800,0.47396522
2016-06-06,1465171200,0.47411793
2016-06-07,1465257600,0.4742881
2016-06-08,1465344000,0.47421248
2016-06-09,1465430400,0.47416814
2016-06-10,1465516800,0.47415492
2016-06-11,1465603200,0.47411065
2016-06-12,1465689600,0.47493785
2016-06-13,1465776000,0.4753244
2016-06-14,1465862400,0.47571869
2016-06-15,1465948800,0.47618701
2016-06-16,1466035200,0.4767819
2016-06-17,1466121600,0.47686587
2016-06-18,1466208000,0.47685601
2016-06-19,1466294400,0.47676652
2016-06-20,1466380800,0.47697866
2016-06-21,1466467200,0.47722673
2016-06-22,1466553600,0.47725069
2016-06-23,1466640000,0.47716865
2016-06-24,1466726400,0.47709858
2016-06-25,1466812800,0.47747371
2016-06-26,1466899200,0.4773131
2016-06-27,1466985600,0.47727492
2016-06-28,1467072000,0.47711412
2016-06-29,1467158400,0.4769534
2016-06-30,1467244800,0.47738108
2016-07-01,1467331200,0.47725558
2016-07-02,1467417600,0.47716518
2016-07-03,1467504000,0.47697974
2016-07-04,1467590400,0.4768196
2016-07-05,1467676800,0.47687202
2016-07-06,1467763200,0.47677315
2016-07-07,1467849600,0.47674268
2016-07-08,1467936000,0.47680919
2016-07-09,1468022400,0.47704456
2016-07-10,1468108800,0.47722096
2016-07-11,1468195200,0.4774905
2016-07-12,1468281600,0.47733252
2016-07-13,1468368000,0.47717438
2016-07-14,1468454400,0.47699971
2016-07-15,1468540800,0.47681187
2016-07-16,1468627200,0.47660096
2016-07-17,1468713600,0.47653673
2016-07-18,1468800000,0.47637546
2016-07-19,1468886400,0.47647511
2016-07-20,1468972800,0.47636584
2016-07-21,1469059200,0.47618027
2016-07-22,1469145600,0.47608388
2016-07-23,1469232000,0.47592386
2016-07-24,1469318400,0.47590284
2016-07-25,1469404800,0.4758354
2016-07-26,1469491200,0.47571695
2016-07-27,1469577600,0.47563838
2016-07-28,1469664000,0.47552402
2016-07-29,1469750400,0.47544367
2016-07-30,1469836800,0.47534736
2016-07-31,1469923200,0.47522127
2016-08-01,1470009600,0.47509104
2016-08-02,1470096000,0.47535377
2016-08-03,1470182400,0.47534664
2016-08-04,1470268800,0.47577924
2016-08-05,1470355200,0.47565523
2016-08-06,1470441600,0.47551522
2016-08-07,1470528000,0.47549014
2016-08-08,1470614400,0.47534971
2016-08-09,1470700800,0.47518707
2016-08-10,1470787200,0.4750951
2016-08-11,1470873600,0.47491528
2016-08-12,1470960000,0.47473
2016-08-13,1471046400,0.47453801
2016-08-14,1471132800,0.47439861
2016-08-15,1471219200,0.47419899
2016-08-16,1471305600,0.47423339
2016-08-17,1471392000,0.47410759
2016-08-18,1471478400,0.47398457
2016-08-19,1471564800,0.47399932
2016-08-20,1471651200,0.47463394
2016-08-21,1471737600,0.47445925
2016-08-22,1471824000,0.47430151
2016-08-23,1471910400,0.47415923
2016-08-24,1471996800,0.47402935
2016-08-25,1472083200,0.47459285
2016-08-26,1472169600,0.47450366
2016-08-27,1472256000,0.47428527
2016-08-28,1472342400,0.47409623
2016-08-29,1472428800,0.47402322
2016-08-30,1472515200,0.47415278
2016-08-31,1472601600,0.47436504
2016-09-01,1472688000,0.47425768
2016-09-02,1472774400,0.47408654
2016-09-03,1472860800,0.47392077
2016-09-04,1472947200,0.47381588
2016-09-05,1473033600,0.47365333
2016-09-06,1473120000,0.47355072
2016-09-07,1473206400,0.47340025
2016-09-08,1473292800,0.47339058
2016-09-09,1473379200,0.47329195
2016-09-10,1473465600,0.47314655
2016-09-11,1473552000,0.47308089
2016-09-12,1473638400,0.4729339
2016-09-13,1473724800,0.47321587
2016-09-14,1473811200,0.47312877
2016-09-15,1473897600,0.4729919
2016-09-16,1473984000,0.47294723
2016-09-17,1474070400,0.47279868
2016-09-18,1474156800,0.47264133
2016-09-19,1474243200,0.47253384
2016-09-20,1474329600,0.47272358
2016-09-21,1474416000,0.47265833
2016-09-22,1474502400,0.47248454
2016-09-23,1474588800,0.47233883
2016-09-24,1474675200,0.47252041
2016-09-25,1474761600,0.47265309
2016-09-26,1474848000,0.47253746
2016-09-27,1474934400,0.47249424
2016-09-28,1475020800,0.47235948
2016-09-29,1475107200,0.47221275
2016-09-30,1475193600,0.47204743
2016-10-01,1475280000,0.47186085
2016-10-02,1475366400,0.47166002
2016-10-03,1475452800,0.47167484
2016-10-04,1475539200,0.47187687
2016-10-05,1475625600,0.47176472
2016-10-06,1475712000,0.47164633
2016-10-07,1475798400,0.47149988
2016-10-08,1475884800,0.4713716
2016-10-09,1475971200,0.47117944
2016-10-10,1476057600,0.47108371
2016-10-11,1476144000,0.47114149
2016-10-12,1476230400,0.47131487
2016-10-13,1476316800,0.47125071
2016-10-14,1476403200,0.47113586
2016-10-15,1476489600,0.47096547
2016-10-16,1476576000,0.47081176
2016-10-17,1476662400,0.47119034
2016-10-18,1476748800,0.47136684
2016-10-19,1476835200,0.47130325
2016-10-20,1476921600,0.47124997
2016-10-21,1477008000,0.47148422
2016-10-22,1477094400,0.47137946
2016-10-23,1477180800,0.47125559
2016-10-24,1477267200,0.47149923
2016-10-25,1477353600,0.47151117
2016-10-26,1477440000,0.47162029
2016-10-27,1477526400,0.47173196
2016-10-28,1477612800,0.47167629
2016-10-29,1477699200,0.47165519
2016-10-30,1477785600,0.4715217
2016-10-31,1477872000,0.47149937
2016-11-01,1477958400,0.47146364
2016-11-02,1478044800,0.47139334
2016-11-03,1478131200,0.47136776
2016-11-04,1478217600,0.47128125
2016-11-05,1478304000,0.47111399
2016-11-06,1478390400,0.47095999
2016-11-07,1478476800,0.47084961
2016-11-08,1478563200,0.47104857
2016-11-09,1478649600,0.47109761
2016-11-10,1478736000,0.47121382
2016-11-11,1478822400,0.47122891
2016-11-12,1478908800,0.47106874
2016-11-13,1478995200,0.47090377
2016-11-14,1479081600,0.47093156
2016-11-15,1479168000,0.47092009
2016-11-16,1479254400,0.47132157
2016-11-17,1479340800,0.4715662
2016-11-18,1479427200,0.47160074
2016-11-19,1479513600,0.47148695
2016-11-20,1479600000,0.47136912
2016-11-21,1479686400,0.47136607
2016-11-22,1479772800,0.47177671
2016-11-23,1479859200,0.47175495
2016-11-24,1479945600,0.4728447
2016-11-25,1480032000,0.47275339
2016-11-26,1480118400,0.47276186
2016-11-27,1480204800,0.47266833
2016-11-28,1480291200,0.47266807
2016-11-29,1480377600,0.47262383
2016-11-30,1480464000,0.47261806
2016-12-01,1480550400,0.47266687
2016-12-02,1480636800,0.47276723
2016-12-03,1480723200,0.47405339
2016-12-04,1480809600,0.47388219
2016-12-05,1480896000,0.47394762
2016-12-06,1480982400,0.47386045
2016-12-07,1481068800,0.47381445
2016-12-08,1481155200,0.47395467
2016-12-09,1481241600,0.47384349
2016-12-10,1481328000,0.47390432
2016-12-11,1481414400,0.47380651
2016-12-12,1481500800,0.47375048
2016-12-13,1481587200,0.47389236
2016-12-14,1481673600,0.47389102
2016-12-15,1481760000,0.4739178
2016-12-16,1481846400,0.47402673
2016-12-17,1481932800,0.47401556
2016-12-18,1482019200,0.47418292
2016-12-19,1482105600,0.47408352
2016-12-20,1482192000,0.47418831
2016-12-21,1482278400,0.47501029
2016-12-22,1482364800,0.47561195
2016-12-23,1482451200,0.47605428
2016-12-24,1482537600,0.47612791
2016-12-25,1482624000,0.47611909
2016-12-26,1482710400,0.47605975
2016-12-27,1482796800,0.47616464
2016-12-28,1482883200,0.47680314
2016-12-29,1482969600,0.47727209
2016-12-30,1483056000,0.47743734
2016-12-31,1483142400,0.47733672
2017-01-01,1483228800,0.47733515
2017-01-02,1483315200,0.47766033
2017-01-03,1483401600,0.47781545
2017-01-04,1483488000,0.47830201
2017-01-05,1483574400,0.47975634
2017-01-06,1483660800,0.48010052
2017-01-07,1483747200,0.48012101
2017-01-08,1483833600,0.48013185
2017-01-09,1483920000,0.48020917
2017-01-10,1484006400,0.48022248
2017-01-11,1484092800,0.48060837
2017-01-12,1484179200,0.48063714
2017-01-13,1484265600,0.48069948
2017-01-14,1484352000,0.48053294
2017-01-15,1484438400,0.48045616
2017-01-16,1484524800,0.48037762
2017-01-17,1484611200,0.4803912
2017-01-18,1484697600,0.48030065
2017-01-19,1484784000,0.48016267
2017-01-20,1484870400,0.48003529
2017-01-21,1484956800,0.47992737
2017-01-22,1485043200,0.47987037
2017-01-23,1485129600,0.47978996
2017-01-24,1485216000,0.47989228
2017-01-25,1485302400,0.47993809
2017-01-26,1485388800,0.47989579
2017-01-27,1485475200,0.47982275
2017-01-28,1485561600,0.47965395
2017-01-29,1485648000,0.48050719
2017-01-30,1485734400,0.48036806
2017-01-31,1485820800,0.48036115
2017-02-01,1485907200,0.48029306
2017-02-02,1485993600,0.48028592
2017-02-03,1486080000,0.48071411
2017-02-04,1486166400,0.48066139
2017-02-05,1486252800,0.48063636
2017-02-06,1486339200,0.48080272
2017-02-07,1486425600,0.48116431
2017-02-08,1486512000,0.48111136
2017-02-09,1486598400,0.48134632
2017-02-10,1486684800,0.48152635
2017-02-11,1486771200,0.48134568
2017-02-12,1486857600,0.48126317
2017-02-13,1486944000,0.48129936
2017-02-14,1487030400,0.48125744
2017-02-15,1487116800,0.48109954
2017-02-16,1487203200,0.48099084
2017-02-17,1487289600,0.48114613
2017-02-18,1487376000,0.48107335
2017-02-19,1487462400,0.48102835
2017-02-20,1487548800,0.48093471
2017-02-21,1487635200,0.4810341
2017-02-22,1487721600,0.48131113
2017-02-23,1487808000,0.48137892
2017-02-24,1487894400,0.4823015
2017-02-25,1487980800,0.48221722
2017-02-26,1488067200,0.48207268
2017-02-27,1488153600,0.48205624
2017-02-28,1488240000,0.4819969
2017-03-01,1488326400,0.48202238
2017-03-02,1488412800,0.48214228
2017-03-03,1488499200,0.48286828
2017-03-04,1488585600,0.48282521
2017-03-05,1488672000,0.4827739
2017-03-06,1488758400,0.48288551
2017-03-07,1488844800,0.4830249
2017-03-08,1488931200,0.48321264
2017-03-09,1489017600,0.48332606
2017-03-10,1489104000,0.48361723
2017-03-11,1489190400,0.48361636
2017-03-12,1489276800,0.48354411
2017-03-13,1489363200,0.48413578
2017-03-14,1489449600,0.48411248
2017-03-15,1489536000,0.48425618
2017-03-16,1489622400,0.48461798
2017-03-17,1489708800,0.48518329
2017-03-18,1489795200,0.48600599
2017-03-19,1489881600,0.48634704
2017-03-20,1489968000,0.48645179
2017-03-21,1490054400,0.4866986
2017-03-22,1490140800,0.48706999
2017-03-23,1490227200,0.48710603
2017-03-24,1490313600,0.49004929
2017-03-25,1490400000,0.49084237
2017-03-26,1490486400,0.49133422
2017-03-27,1490572800,0.49149159
2017-03-28,1490659200,0.49165867
2017-03-29,1490745600,0.4917115
2017-03-30,1490832000,0.49181847
2017-03-31,1490918400,0.49203803
2017-04-01,1491004800,0.49214477
2017-04-02,1491091200,0.49224401
2017-04-03,1491177600,0.49229944
2017-04-04,1491264000,0.49221754
2017-04-05,1491350400,0.49225912
2017-04-06,1491436800,0.49225479
2017-04-07,1491523200,0.49268889
2017-04-08,1491609600,0.49264088
2017-04-09,1491696000,0.49253718
2017-04-10,1491782400,0.49254431
2017-04-11,1491868800,0.49249085
2017-04-12,1491955200,0.49275661
2017-04-13,1492041600,0.49263829
2017-04-14,1492128000,0.49291662
2017-04-15,1492214400,0.49279366
2017-04-16,1492300800,0.4926395
2017-04-17,1492387200,0.49273219
2017-04-18,1492473600,0.49278635
2017-04-19,1492560000,0.49276918
2017-04-20,1492646400,0.49271131
2017-04-21,1492732800,0.49260571
2017-04-22,1492819200,0.49245015
2017-04-23,1492905600,0.49234956
2017-04-24,1492992000,0.4924467
2017-04-25,1493078400,0.492476
2017-04-26,1493164800,0.49247866
2017-04-27,1493251200,0.49241563
2017-04-28,1493337600,0.49304544
2017-04-29,1493424000,0.4930576
2017-04-30,1493510400,0.49325393
2017-05-01,1493596800,0.49414943
2017-05-02,1493683200,0.49454701
2017-05-03,1493769600,0.4946455
2017-05-04,1493856000,0.49498587
2017-05-05,1493942400,0.49576732
2017-05-06,1494028800,0.49574217
2017-05-07,1494115200,0.49572912
2017-05-08,1494201600,0.49604244
2017-05-09,1494288000,0.49659302
2017-05-10,1494374400,0.49668986
2017-05-11,1494460800,0.49764238
2017-05-12,1494547200,0.49779501
2017-05-13,1494633600,0.49780639
2017-05-14,1494720000,0.49770335
2017-05-15,1494806400,0.49787127
2017-05-16,1494892800,0.49787527
2017-05-17,1494979200,0.49824482
2017-05-18,1495065600,0.49825446
2017-05-19,1495152000,0.49858533
2017-05-20,1495238400,0.49870661
2017-05-21,1495324800,0.49881585
2017-05-22,1495411200,0.49958956
2017-05-23,1495497600,0.50018225
2017-05-24,1495584000,0.5011642
2017-05-25,1495670400,0.50284672
2017-05-26,1495756800,0.50320069
2017-05-27,1495843200,0.50340445
2017-05-28,1495929600,0.5035263
2017-05-29,1496016000,0.50360335
2017-05-30,1496102400,0.5038937
2017-05-31,1496188800,0.50465429
2017-06-01,1496275200,0.50497128
2017-06-02,1496361600,0.50499924
2017-06-03,1496448000,0.50501435
2017-06-04,1496534400,0.50513527
2017-06-05,1496620800,0.50529926
2017-06-06,1496707200,0.50551623
2017-06-07,1496793600,0.50557196
2017-06-08,1496880000,0.50569871
2017-06-09,1496966400,0.50599876
2017-06-10,1497052800,0.50702977
2017-06-11,1497139200,0.50714133
2017-06-12,1497225600,0.5092302
2017-06-13,1497312000,0.51154303
2017-06-14,1497398400,0.51190473
2017-06-15,1497484800,0.51215134
2017-06-16,1497571200,0.51277799
2017-06-17,1497657600,0.51272342
2017-06-18,1497744000,0.51319033
2017-06-19,1497830400,0.51341644
2017-06-20,1497916800,0.51367318
2017-06-21,1498003200,0.51374642
2017-06-22,1498089600,0.51394943
2017-06-23,1498176000,0.51395078
2017-06-24,1498262400,0.5139919
2017-06-25,1498348800,0.51392752
2017-06-26,1498435200,0.51395713
2017-06-27,1498521600,0.5139836
2017-06-28,1498608000,0.51415758
2017-06-29,1498694400,0.51420935
2017-06-30,1498780800,0.51450526
2017-07-01,1498867200,0.514486
2017-07-02,1498953600,0.51457023
2017-07-03,1499040000,0.51485562
2017-07-04,1499126400,0.51493946
2017-07-05,1499212800,0.51533864
2017-07-06,1499299200,0.51536886
2017-07-07,1499385600,0.515536
2017-07-08,1499472000,0.51551791
2017-07-09,1499558400,0.51554931
2017-07-10,1499644800,0.51551467
2017-07-11,1499731200,0.51561812
2017-07-12,1499817600,0.51560894
2017-07-13,1499904000,0.51568216
2017-07-14,1499990400,0.51584917
2017-07-15,1500076800,0.51585366
2017-07-16,1500163200,0.51583002
2017-07-17,1500249600,0.51652277
2017-07-18,1500336000,0.51656273
2017-07-19,1500422400,0.51661367
2017-07-20,1500508800,0.51678506
2017-07-21,1500595200,0.51685711
2017-07-22,1500681600,0.51686631
2017-07-23,1500768000,0.51678415
2017-07-24,1500854400,0.51696656
2017-07-25,1500940800,0.51963684
2017-07-26,1501027200,0.51972516
2017-07-27,1501113600,0.52023828
2017-07-28,1501200000,0.52196487
2017-07-29,1501286400,0.52544659
2017-07-30,1501372800,0.52708393
2017-07-31,1501459200,0.53334883
2017-08-01,1501545600,0.53416543
2017-08-02,1501632000,0.53511282
2017-08-03,1501718400,0.53650306
2017-08-04,1501804800,0.53946262
2017-08-05,1501891200,0.54105455
2017-08-06,1501977600,0.54287256
2017-08-07,1502064000,0.54361201
2017-08-08,1502150400,0.54460072
2017-08-09,1502236800,0.54525025
2017-08-10,1502323200,0.54547927
2017-08-11,1502409600,0.54569228
2017-08-12,1502496000,0.54616526
2017-08-13,1502582400,0.54660028
2017-08-14,1502668800,0.54688968
2017-08-15,1502755200,0.54711942
2017-08-16,1502841600,0.54724444
2017-08-17,1502928000,0.54760974
2017-08-18,1503014400,0.54817574
2017-08-19,1503100800,0.54883858
2017-08-20,1503187200,0.54970504
2017-08-21,1503273600,0.54991804
2017-08-22,1503360000,0.55048539
2017-08-23,1503446400,0.55117827
2017-08-24,1503532800,0.55133664
2017-08-25,1503619200,0.55150438
2017-08-26,1503705600,0.55164038
2017-08-27,1503792000,0.55179201
2017-08-28,1503878400,0.55189611
2017-08-29,1503964800,0.55249702
2017-08-30,1504051200,0.55288452
2017-08-31,1504137600,0.5532612
2017-09-01,1504224000,0.55354697
2017-09-02,1504310400,0.55369069
2017-09-03,1504396800,0.55386688
2017-09-04,1504483200,0.55417227
2017-09-05,1504569600,0.55426488
2017-09-06,1504656000,0.55441182
2017-09-07,1504742400,0.55459651
2017-09-08,1504828800,0.55452527
2017-09-09,1504915200,0.55446328
2017-09-10,1505001600,0.55450045
2017-09-11,1505088000,0.55457528
2017-09-12,1505174400,0.55453827
2017-09-13,1505260800,0.55463993
2017-09-14,1505347200,0.55481268
2017-09-15,1505433600,0.55535798
2017-09-16,1505520000,0.55543662
2017-09-17,1505606400,0.55539225
2017-09-18,1505692800,0.55532515
2017-09-19,1505779200,0.55534891
2017-09-20,1505865600,0.55534004
2017-09-21,1505952000,0.55541392
2017-09-22,1506038400,0.5557265
2017-09-23,1506124800,0.55561598
2017-09-24,1506211200,0.55544222
2017-09-25,1506297600,0.5579739
2017-09-26,1506384000,0.5583516
2017-09-27,1506470400,0.55830691
2017-09-28,1506556800,0.55835204
2017-09-29,1506643200,0.55833346
2017-09-30,1506729600,0.55852564
2017-10-01,1506816000,0.55853175
2017-10-02,1506902400,0.55881889
2017-10-03,1506988800,0.5588771
2017-10-04,1507075200,0.5588466
2017-10-05,1507161600,0.56000598
2017-10-06,1507248000,0.56005292
2017-10-07,1507334400,0.5600888
2017-10-08,1507420800,0.56046813
2017-10-09,1507507200,0.56105813
2017-10-10,1507593600,0.56122666
2017-10-11,1507680000,0.56119343
2017-10-12,1507766400,0.56131438
2017-10-13,1507852800,0.56183033
2017-10-14,1507939200,0.56185722
2017-10-15,1508025600,0.56229315
2017-10-16,1508112000,0.56310943
2017-10-17,1508198400,0.5633834
2017-10-18,1508284800,0.56341592
2017-10-19,1508371200,0.5643243
2017-10-20,1508457600,0.56434477
2017-10-21,1508544000,0.5642996
2017-10-22,1508630400,0.56478984
2017-10-23,1508716800,0.56547074
2017-10-24,1508803200,0.56578646
2017-10-25,1508889600,0.56620758
2017-10-26,1508976000,0.56617064
2017-10-27,1509062400,0.5661552
2017-10-28,1509148800,0.5660415
2017-10-29,1509235200,0.56606771
2017-10-30,1509321600,0.56617478
2017-10-31,1509408000,0.56628807
2017-11-01,1509494400,0.56711853
2017-11-02,1509580800,0.56740717
2017-11-03,1509667200,0.56770783
2017-11-04,1509753600,0.56772255
2017-11-05,1509840000,0.56861752
2017-11-06,1509926400,0.56860887
2017-11-07,1510012800,0.56885778
2017-11-08,1510099200,0.56908559
2017-11-09,1510185600,0.56926416
2017-11-10,1510272000,0.56972443
2017-11-11,1510358400,0.57065471
2017-11-12,1510444800,0.57611461
2017-11-13,1510531200,0.57684032
2017-11-14,1510617600,0.57715206
2017-11-15,1510704000,0.57745308
2017-11-16,1510790400,0.5782522
2017-11-17,1510876800,0.57873453
2017-11-18,1510963200,0.57889018
2017-11-19,1511049600,0.57894748
2017-11-20,1511136000,0.57961521
2017-11-21,1511222400,0.57988443
2017-11-22,1511308800,0.57988073
2017-11-23,1511395200,0.57995383
2017-11-24,1511481600,0.58045073
2017-11-25,1511568000,0.58070805
2017-11-26,1511654400,0.58117056
2017-11-27,1511740800,0.58145822
2017-11-28,1511827200,0.58194141
2017-11-29,1511913600,0.58241507
2017-11-30,1512000000,0.58261425
2017-12-01,1512086400,0.58287002
2017-12-02,1512172800,0.58304451
2017-12-03,1512259200,0.58315784
2017-12-04,1512345600,0.58333487
2017-12-05,1512432000,0.58350452
2017-12-06,1512518400,0.58387342
2017-12-07,1512604800,0.58624181
2017-12-08,1512691200,0.58698591
2017-12-09,1512777600,0.58717541
2017-12-10,1512864000,0.58746608
2017-12-11,1512950400,0.58764951
2017-12-12,1513036800,0.58863582
2017-12-13,1513123200,0.58899086
2017-12-14,1513209600,0.58921769
2017-12-15,1513296000,0.58952876
2017-12-16,1513382400,0.5895653
2017-12-17,1513468800,0.59054124
2017-12-18,1513555200,0.59072989
2017-12-19,1513641600,0.59086885
2017-12-20,1513728000,0.59202906
2017-12-21,1513814400,0.59213274
2017-12-22,1513900800,0.59273177
2017-12-23,1513987200,0.59292963
2017-12-24,1514073600,0.59303857
2017-12-25,1514160000,0.59306163
2017-12-26,1514246400,0.5932481
2017-12-27,1514332800,0.59352295
2017-12-28,1514419200,0.59354498
2017-12-29,1514505600,0.59375413
2017-12-30,1514592000,0.59427157
2017-12-31,1514678400,0.59472742
2018-01-01,1514764800,0.59472057
2018-01-02,1514851200,0.59512202
2018-01-03,1514937600,0.5951824
2018-01-04,1515024000,0.59531454
2018-01-05,1515110400,0.59578211
2018-01-06,1515196800,0.59592815
2018-01-07,1515283200,0.59831224
2018-01-08,1515369600,0.59826601
2018-01-09,1515456000,0.59833634
2018-01-10,1515542400,0.59837032
2018-01-11,1515628800,0.59865956
2018-01-12,1515715200,0.59898296
2018-01-13,1515801600,0.59898351
2018-01-14,1515888000,0.59900874
2018-01-15,1515974400,0.59893091
2018-01-16,1516060800,0.59915791
2018-01-17,1516147200,0.59965473
2018-01-18,1516233600,0.59960603
2018-01-19,1516320000,0.59963992
2018-01-20,1516406400,0.59960541
2018-01-21,1516492800,0.59954708
2018-01-22,1516579200,0.59972673
2018-01-23,1516665600,0.59975773
2018-01-24,1516752000,0.59970012
2018-01-25,1516838400,0.59967392
2018-01-26,1516924800,0.5998649
2018-01-27,1517011200,0.59977586
2018-01-28,1517097600,0.60000308
2018-01-29,1517184000,0.59994393
2018-01-30,1517270400,0.59992979
2018-01-31,1517356800,0.60006405
2018-02-01,1517443200,0.60043172
2018-02-02,1517529600,0.60058019
2018-02-03,1517616000,0.60052431
2018-02-04,1517702400,0.60300583
2018-02-05,1517788800,0.60386053
2018-02-06,1517875200,0.60461548
2018-02-07,1517961600,0.604604
2018-02-08,1518048000,0.60515044
2018-02-09,1518134400,0.60501125
2018-02-10,1518220800,0.60487707
2018-02-11,1518307200,0.6048448
2018-02-12,1518393600,0.60479666
2018-02-13,1518480000,0.6046331
2018-02-14,1518566400,0.60451272
2018-02-15,1518652800,0.60451983
2018-02-16,1518739200,0.60444344
2018-02-17,1518825600,0.60424123
2018-02-18,1518912000,0.60413971
2018-02-19,1518998400,0.60396699
2018-02-20,1519084800,0.60397634
2018-02-21,1519171200,0.60386704
2018-02-22,1519257600,0.60577545
2018-02-23,1519344000,0.60569501
2018-02-24,1519430400,0.60557212
2018-02-25,1519516800,0.60540104
2018-02-26,1519603200,0.60523809
2018-02-27,1519689600,0.60511949
2018-02-28,1519776000,0.60529029
2018-03-01,1519862400,0.60523062
2018-03-02,1519948800,0.60508077
2018-03-03,1520035200,0.60493878
2018-03-04,1520121600,0.60477765
2018-03-05,1520208000,0.60470649
2018-03-06,1520294400,0.60457525
2018-03-07,1520380800,0.60444863
2018-03-08,1520467200,0.60427019
2018-03-09,1520553600,0.60427956
2018-03-10,1520640000,0.60410521
2018-03-11,1520726400,0.60402343
2018-03-12,1520812800,0.60387574
2018-03-13,1520899200,0.60377592
2018-03-14,1520985600,0.60361995
2018-03-15,1521072000,0.60351817
2018-03-16,1521158400,0.6034427
2018-03-17,1521244800,0.60329458
2018-03-18,1521331200,0.60316262
2018-03-19,1521417600,0.60301976
2018-03-20,1521504000,0.60283269
2018-03-21,1521590400,0.60269567
2018-03-22,1521676800,0.60256132
2018-03-23,1521763200,0.60236032
2018-03-24,1521849600,0.60220609
2018-03-25,1521936000,0.60205348
2018-03-26,1522022400,0.60193221
2018-03-27,1522108800,0.60175998
2018-03-28,1522195200,0.60158745
2018-03-29,1522281600,0.60153856
2018-03-30,1522368000,0.60143278
2018-03-31,1522454400,0.60127367
2018-04-01,1522540800,0.60113266
2018-04-02,1522627200,0.60093863
2018-04-03,1522713600,0.60080842
2018-04-04,1522800000,0.60062188
2018-04-05,1522886400,0.60048435
2018-04-06,1522972800,0.60030864
2018-04-07,1523059200,0.60016178
2018-04-08,1523145600,0.60003046
2018-04-09,1523232000,0.59986539
2018-04-10,1523318400,0.59972747
2018-04-11,1523404800,0.59979694
2018-04-12,1523491200,0.59979718
2018-04-13,1523577600,0.59976825
2018-04-14,1523664000,0.59960886
2018-04-15,1523750400,0.59944219
2018-04-16,1523836800,0.59929095
2018-04-17,1523923200,0.59919579
2018-04-18,1524009600,0.59919843
2018-04-19,1524096000,0.60039075
2018-04-20,1524182400,0.60054342
2018-04-21,1524268800,0.60058145
2018-04-22,1524355200,0.60048173
2018-04-23,1524441600,0.60052928
2018-04-24,1524528000,0.60050138
2018-04-25,1524614400,0.60047508
2018-04-26,1524700800,0.60097936
2018-04-27,1524787200,0.60081285
2018-04-28,1524873600,0.60060389
2018-04-29,1524960000,0.60044323
2018-04-30,1525046400,0.6003548
2018-05-01,1525132800,0.60015506
2018-05-02,1525219200,0.60039572
2018-05-03,1525305600,0.60025309
2018-05-04,1525392000,0.60014951
2018-05-05,1525478400,0.59999531
2018-05-06,1525564800,0.59983815
2018-05-07,1525651200,0.59965901
2018-05-08,1525737600,0.59948534
2018-05-09,1525824000,0.59937843
2018-05-10,1525910400,0.59952264
2018-05-11,1525996800,0.59942016
2018-05-12,1526083200,0.59921625
2018-05-13,1526169600,0.59902386
2018-05-14,1526256000,0.59988231
2018-05-15,1526342400,0.59976322
2018-05-16,1526428800,0.5996468
2018-05-17,1526515200,0.60083013
2018-05-18,1526601600,0.60067557
2018-05-19,1526688000,0.60049916
2018-05-20,1526774400,0.60032804
2018-05-21,1526860800,0.60017757
2018-05-22,1526947200,0.60001627
2018-05-23,1527033600,0.59995915
2018-05-24,1527120000,0.59998414
2018-05-25,1527206400,0.59979228
2018-05-26,1527292800,0.5995562
2018-05-27,1527379200,0.59934342
2018-05-28,1527465600,0.59919213
2018-05-29,1527552000,0.59900812
2018-05-30,1527638400,0.59889047
2018-05-31,1527724800,0.59869746
2018-06-01,1527811200,0.59852637
2018-06-02,1527897600,0.59830525
2018-06-03,1527984000,0.59811535
2018-06-04,1528070400,0.59798611
2018-06-05,1528156800,0.59782003
2018-06-06,1528243200,0.59770334
2018-06-07,1528329600,0.59750855
2018-06-08,1528416000,0.59737514
2018-06-09,1528502400,0.59717493
2018-06-10,1528588800,0.5970228
2018-06-11,1528675200,0.59688423
2018-06-12,1528761600,0.59670177
2018-06-13,1528848000,0.59668258
2018-06-14,1528934400,0.59649141
2018-06-15,1529020800,0.59629665
2018-06-16,1529107200,0.59605897
2018-06-17,1529193600,0.59584601
2018-06-18,1529280000,0.59567567
2018-06-19,1529366400,0.59546871
2018-06-20,1529452800,0.59529041
2018-06-21,1529539200,0.59539577
2018-06-22,1529625600,0.59522012
2018-06-23,1529712000,0.59502146
2018-06-24,1529798400,0.59491398
2018-06-25,1529884800,0.59473939
2018-06-26,1529971200,0.59459683
2018-06-27,1530057600,0.59470457
2018-06-28,1530144000,0.59460573
2018-06-29,1530230400,0.59442924
2018-06-30,1530316800,0.59423781
2018-07-01,1530403200,0.59424447
2018-07-02,1530489600,0.59412005
2018-07-03,1530576000,0.59399063
2018-07-04,1530662400,0.59388222
2018-07-05,1530748800,0.59368079
2018-07-06,1530835200,0.59355723
2018-07-07,1530921600,0.59334992
2018-07-08,1531008000,0.59322965
2018-07-09,1531094400,0.59306488
2018-07-10,1531180800,0.59292942
2018-07-11,1531267200,0.592794
2018-07-12,1531353600,0.59262299
2018-07-13,1531440000,0.59253823
2018-07-14,1531526400,0.59231244
2018-07-15,1531612800,0.59211577
2018-07-16,1531699200,0.59200113
2018-07-17,1531785600,0.59184068
2018-07-18,1531872000,0.59172149
2018-07-19,1531958400,0.59161654
2018-07-20,1532044800,0.59146128
2018-07-21,1532131200,0.59137342
2018-07-22,1532217600,0.59120925
2018-07-23,1532304000,0.59109936
2018-07-24,1532390400,0.59099381
2018-07-25,1532476800,0.59088055
2018-07-26,1532563200,0.59071126
2018-07-27,1532649600,0.59052614
2018-07-28,1532736000,0.59033716
2018-07-29,1532822400,0.59025015
2018-07-30,1532908800,0.59008829
2018-07-31,1532995200,0.58992072
2018-08-01,1533081600,0.58973214
2018-08-02,1533168000,0.58960783
2018-08-03,1533254400,0.58943384
2018-08-04,1533340800,0.58929538
2018-08-05,1533427200,0.58910305
2018-08-06,1533513600,0.58900923
2018-08-07,1533600000,0.58882085
2018-08-08,1533686400,0.58868824
2018-08-09,1533772800,0.58866775
2018-08-10,1533859200,0.5886039
2018-08-11,1533945600,0.58845829
2018-08-12,1534032000,0.58823495
2018-08-13,1534118400,0.58839791
2018-08-14,1534204800,0.58835673
2018-08-15,1534291200,0.58831197
2018-08-16,1534377600,0.58838555
2018-08-17,1534464000,0.58855372
2018-08-18,1534550400,0.58832319
2018-08-19,1534636800,0.5883567
2018-08-20,1534723200,0.58834945
2018-08-21,1534809600,0.58848521
2018-08-22,1534896000,0.58868545
2018-08-23,1534982400,0.58890628
2018-08-24,1535068800,0.58876593
2018-08-25,1535155200,0.58908331
2018-08-26,1535241600,0.5891391
2018-08-27,1535328000,0.5894459
2018-08-28,1535414400,0.58957684
2018-08-29,1535500800,0.58987736
2018-08-30,1535587200,0.59006056
2018-08-31,1535673600,0.58990966
2018-09-01,1535760000,0.58971135
2018-09-02,1535846400,0.58952326
2018-09-03,1535932800,0.58935196
2018-09-04,1536019200,0.5891917
2018-09-05,1536105600,0.58904828
2018-09-06,1536192000,0.58895227
2018-09-07,1536278400,0.58878611
2018-09-08,1536364800,0.58858171
2018-09-09,1536451200,0.58842747
2018-09-10,1536537600,0.58835818
2018-09-11,1536624000,0.58831678
2018-09-12,1536710400,0.58820244
2018-09-13,1536796800,0.58860481
2018-09-14,1536883200,0.58841853
2018-09-15,1536969600,0.58821951
2018-09-16,1537056000,0.58801742
2018-09-17,1537142400,0.58786985
2018-09-18,1537228800,0.58768969
2018-09-19,1537315200,0.5875272
2018-09-20,1537401600,0.58740968
2018-09-21,1537488000,0.58738601
2018-09-22,1537574400,0.58719884
2018-09-23,1537660800,0.5870138
2018-09-24,1537747200,0.58684733
2018-09-25,1537833600,0.58687305
2018-09-26,1537920000,0.58670013
2018-09-27,1538006400,0.58653796
2018-09-28,1538092800,0.58657476
2018-09-29,1538179200,0.58639253
2018-09-30,1538265600,0.58626546
2018-10-01,1538352000,0.5861713
2018-10-02,1538438400,0.58612246
2018-10-03,1538524800,0.58598582
2018-10-04,1538611200,0.5858395
2018-10-05,1538697600,0.58565653
2018-10-06,1538784000,0.5854995
2018-10-07,1538870400,0.58528724
2018-10-08,1538956800,0.58519465
2018-10-09,1539043200,0.58511171
2018-10-10,1539129600,0.58507428
2018-10-11,1539216000,0.58509652
2018-10-12,1539302400,0.58495696
2018-10-13,1539388800,0.58479409
2018-10-14,1539475200,0.58463533
2018-10-15,1539561600,0.58468767
2018-10-16,1539648000,0.58468751
2018-10-17,1539734400,0.58456623
2018-10-18,1539820800,0.58442655
2018-10-19,1539907200,0.58447535
2018-10-20,1539993600,0.5846457
2018-10-21,1540080000,0.58446213
2018-10-22,1540166400,0.58437016
2018-10-23,1540252800,0.58425973
2018-10-24,1540339200,0.58409783
2018-10-25,1540425600,0.58395567
2018-10-26,1540512000,0.58393756
2018-10-27,1540598400,0.58373515
2018-10-28,1540684800,0.58354679
2018-10-29,1540771200,0.58338901
2018-10-30,1540857600,0.58321535
2018-10-31,1540944000,0.58315537
2018-11-01,1541030400,0.58303832
2018-11-02,1541116800,0.58296881
2018-11-03,1541203200,0.58275923
2018-11-04,1541289600,0.58260021
2018-11-05,1541376000,0.58246113
2018-11-06,1541462400,0.58232452
2018-11-07,1541548800,0.58223354
2018-11-08,1541635200,0.58209093
2018-11-09,1541721600,0.58200037
2018-11-10,1541808000,0.58183068
2018-11-11,1541894400,0.5816409
2018-11-12,1541980800,0.58154751
2018-11-13,1542067200,0.58149292
2018-11-14,1542153600,0.58162293
2018-11-15,1542240000,0.58250713
2018-11-16,1542326400,0.58245515
2018-11-17,1542412800,0.5822856
2018-11-18,1542499200,0.5821085
2018-11-19,1542585600,0.58218438
2018-11-20,1542672000,0.58243454
2018-11-21,1542758400,0.58233238
2018-11-22,1542844800,0.58227534
2018-11-23,1542931200,0.5821882
2018-11-24,1543017600,0.58216225
2018-11-25,1543104000,0.58215767
2018-11-26,1543190400,0.58212354
2018-11-27,1543276800,0.58215555
2018-11-28,1543363200,0.582303
2018-11-29,1543449600,0.58320033
2018-11-30,1543536000,0.58565366
2018-12-01,1543622400,0.58693433
2018-12-02,1543708800,0.58673944
2018-12-03,1543795200,0.59023065
2018-12-04,1543881600,0.60016318
2018-12-05,1543968000,0.60146698
2018-12-06,1544054400,0.60251164
2018-12-07,1544140800,0.60255898
2018-12-08,1544227200,0.60241857
2018-12-09,1544313600,0.60221848
2018-12-10,1544400000,0.60217534
2018-12-11,1544486400,0.60232547
2018-12-12,1544572800,0.60220794
2018-12-13,1544659200,0.60213478
2018-12-14,1544745600,0.60204868
2018-12-15,1544832000,0.60187787
2018-12-16,1544918400,0.6017118
2018-12-17,1545004800,0.60156851
2018-12-18,1545091200,0.60168748
2018-12-19,1545177600,0.60175641
2018-12-20,1545264000,0.60165619
2018-12-21,1545350400,0.60159787
2018-12-22,1545436800,0.60139504
2018-12-23,1545523200,0.60122396
2018-12-24,1545609600,0.60112603
2018-12-25,1545696000,0.60093423
2018-12-26,1545782400,0.60074233
2018-12-27,1545868800,0.60064566
2018-12-28,1545955200,0.60058706
2018-12-29,1546041600,0.60065469
2018-12-30,1546128000,0.60050204
2018-12-31,1546214400,0.60037536
2019-01-01,1546300800,0.60019465
2019-01-02,1546387200,0.60001836
2019-01-03,1546473600,0.59988613
2019-01-04,1546560000,0.59971813
2019-01-05,1546646400,0.59950983
2019-01-06,1546732800,0.59933766
2019-01-07,1546819200,0.59934374
2019-01-08,1546905600,0.59923029
2019-01-09,1546992000,0.59909198
2019-01-10,1547078400,0.59922647
2019-01-11,1547164800,0.60038509
2019-01-12,1547251200,0.60018848
2019-01-13,1547337600,0.6000544
2019-01-14,1547424000,0.60052377
2019-01-15,1547510400,0.60400836
2019-01-16,1547596800,0.60442987
2019-01-17,1547683200,0.60430592
2019-01-18,1547769600,0.60412008
2019-01-19,1547856000,0.60394659
2019-01-20,1547942400,0.60373271
2019-01-21,1548028800,0.60378437
2019-01-22,1548115200,0.60371218
2019-01-23,1548201600,0.6035285
2019-01-24,1548288000,0.60334406
2019-01-25,1548374400,0.60315297
2019-01-26,1548460800,0.60296003
2019-01-27,1548547200,0.60276323
2019-01-28,1548633600,0.60265904
2019-01-29,1548720000,0.60254922
2019-01-30,1548806400,0.60273297
2019-01-31,1548892800,0.60260024
2019-02-01,1548979200,0.60246572
2019-02-02,1549065600,0.60226482
2019-02-03,1549152000,0.60206668
2019-02-04,1549238400,0.60192768
2019-02-05,1549324800,0.60179357
2019-02-06,1549411200,0.60181642
2019-02-07,1549497600,0.60169592
2019-02-08,1549584000,0.60154833
2019-02-09,1549670400,0.6014006
2019-02-10,1549756800,0.60119696
2019-02-11,1549843200,0.60108462
2019-02-12,1549929600,0.60097006
2019-02-13,1550016000,0.60104032
2019-02-14,1550102400,0.60089714
2019-02-15,1550188800,0.60074259
2019-02-16,1550275200,0.60061399
2019-02-17,1550361600,0.60041883
2019-02-18,1550448000,0.60031578
2019-02-19,1550534400,0.60026986
2019-02-20,1550620800,0.60058202
2019-02-21,1550707200,0.60060793
2019-02-22,1550793600,0.60049991
2019-02-23,1550880000,0.60042044
2019-02-24,1550966400,0.6002707
2019-02-25,1551052800,0.60021272
2019-02-26,1551139200,0.6001133
2019-02-27,1551225600,0.59993841
2019-02-28,1551312000,0.60104039
2019-03-01,1551398400,0.60089816
2019-03-02,1551484800,0.60094263
2019-03-03,1551571200,0.60072821
2019-03-04,1551657600,0.60065485
2019-03-05,1551744000,0.60055538
2019-03-06,1551830400,0.60039485
2019-03-07,1551916800,0.60025884
2019-03-08,1552003200,0.60017354
2019-03-09,1552089600,0.59996458
2019-03-10,1552176000,0.59988641
2019-03-11,1552262400,0.59975063
2019-03-12,1552348800,0.59969647
2019-03-13,1552435200,0.59957056
2019-03-14,1552521600,0.59943789
2019-03-15,1552608000,0.59935873
2019-03-16,1552694400,0.59930773
2019-03-17,1552780800,0.59914125
2019-03-18,1552867200,0.59902897
2019-03-19,1552953600,0.59893777
2019-03-20,1553040000,0.59883213
2019-03-21,1553126400,0.59885828
2019-03-22,1553212800,0.59870768
2019-03-23,1553299200,0.59851871
2019-03-24,1553385600,0.59832403
2019-03-25,1553472000,0.59817975
2019-03-26,1553558400,0.59818367
2019-03-27,1553644800,0.59804172
2019-03-28,1553731200,0.59787289
2019-03-29,1553817600,0.59803229
2019-03-30,1553904000,0.59783019
2019-03-31,1553990400,0.59771939
2019-04-01,1554076800,0.59758336
2019-04-02,1554163200,0.59781906
2019-04-03,1554249600,0.59793382
2019-04-04,1554336000,0.59782502
2019-04-05,1554422400,0.59789167
2019-04-06,1554508800,0.59771404
2019-04-07,1554595200,0.59754639
2019-04-08,1554681600,0.59751513
2019-04-09,1554768000,0.59737999
2019-04-10,1554854400,0.59737587
2019-04-11,1554940800,0.59728693
2019-04-12,1555027200,0.59728425
2019-04-13,1555113600,0.59716959
2019-04-14,1555200000,0.59745629
2019-04-15,1555286400,0.59730443
2019-04-16,1555372800,0.59715456
2019-04-17,1555459200,0.59715204
2019-04-18,1555545600,0.59703063
2019-04-19,1555632000,0.59711459
2019-04-20,1555718400,0.59694779
2019-04-21,1555804800,0.59679968
2019-04-22,1555891200,0.59682163
2019-04-23,1555977600,0.59672372
2019-04-24,1556064000,0.59703708
2019-04-25,1556150400,0.59692854
2019-04-26,1556236800,0.59702807
2019-04-27,1556323200,0.59688321
2019-04-28,1556409600,0.59671854
2019-04-29,1556496000,0.59673173
2019-04-30,1556582400,0.59656415
2019-05-01,1556668800,0.59700108
2019-05-02,1556755200,0.59688312
2019-05-03,1556841600,0.59675642
2019-05-04,1556928000,0.59660059
2019-05-05,1557014400,0.59644875
2019-05-06,1557100800,0.59640674
2019-05-07,1557187200,0.59643115
2019-05-08,1557273600,0.59635822
2019-05-09,1557360000,0.59640871
2019-05-10,1557446400,0.59658481
2019-05-11,1557532800,0.59666943
2019-05-12,1557619200,0.59663036
2019-05-13,1557705600,0.59685948
2019-05-14,1557792000,0.5976362
2019-05-15,1557878400,0.59785719
2019-05-16,1557964800,0.59788024
2019-05-17,1558051200,0.59776339
2019-05-18,1558137600,0.59762308
2019-05-19,1558224000,0.59753794
2019-05-20,1558310400,0.59759862
2019-05-21,1558396800,0.59762443
2019-05-22,1558483200,0.5977144
2019-05-23,1558569600,0.59762513
2019-05-24,1558656000,0.59752354
2019-05-25,1558742400,0.59744702
2019-05-26,1558828800,0.59734858
2019-05-27,1558915200,0.59731453
2019-05-28,1559001600,0.59727958
2019-05-29,1559088000,0.59793446
2019-05-30,1559174400,0.59780804
2019-05-31,1559260800,0.59773618
2019-06-01,1559347200,0.59758581
2019-06-02,1559433600,0.59742764
2019-06-03,1559520000,0.5977199
2019-06-04,1559606400,0.59816975
2019-06-05,1559692800,0.59871307
2019-06-06,1559779200,0.59864274
2019-06-07,1559865600,0.59849921
2019-06-08,1559952000,0.59832832
2019-06-09,1560038400,0.59823298
2019-06-10,1560124800,0.59826339
2019-06-11,1560211200,0.59817552
2019-06-12,1560297600,0.59811044
2019-06-13,1560384000,0.59795437
2019-06-14,1560470400,0.59833558
2019-06-15,1560556800,0.59817114
2019-06-16,1560643200,0.59811552
2019-06-17,1560729600,0.59808466
2019-06-18,1560816000,0.59800458
2019-06-19,1560902400,0.59817467
2019-06-20,1560988800,0.59807089
2019-06-21,1561075200,0.59813195
2019-06-22,1561161600,0.59820617
2019-06-23,1561248000,0.5981414
2019-06-24,1561334400,0.59813726
2019-06-25,1561420800,0.59831604
2019-06-26,1561507200,0.59877256
2019-06-27,1561593600,0.59905884
2019-06-28,1561680000,0.59951085
2019-06-29,1561766400,0.59947241
2019-06-30,1561852800,0.600009
2019-07-01,1561939200,0.59990533
2019-07-02,1562025600,0.59991128
2019-07-03,1562112000,0.59992124
2019-07-04,1562198400,0.60011689
2019-07-05,1562284800,0.60009747
2019-07-06,1562371200,0.59990258
2019-07-07,1562457600,0.59973678
2019-07-08,1562544000,0.59969921
2019-07-09,1562630400,0.59967769
2019-07-10,1562716800,0.59979955
2019-07-11,1562803200,0.59986166
2019-07-12,1562889600,0.59980242
2019-07-13,1562976000,0.59963813
2019-07-14,1563062400,0.59949129
2019-07-15,1563148800,0.59938514
2019-07-16,1563235200,0.59934638
2019-07-17,1563321600,0.59960552
2019-07-18,1563408000,0.59963529
2019-07-19,1563494400,0.59978999
2019-07-20,1563580800,0.59977762
2019-07-21,1563667200,0.5996678
2019-07-22,1563753600,0.59953159
2019-07-23,1563840000,0.5993682
2019-07-24,1563926400,0.60021164
2019-07-25,1564012800,0.60018706
2019-07-26,1564099200,0.60009368
2019-07-27,1564185600,0.59994627
2019-07-28,1564272000,0.5997431
2019-07-29,1564358400,0.60557278
2019-07-30,1564444800,0.60546393
2019-07-31,1564531200,0.60531493
2019-08-01,1564617600,0.60526352
2019-08-02,1564704000,0.60510659
2019-08-03,1564790400,0.604908
2019-08-04,1564876800,0.60483473
2019-08-05,1564963200,0.60530038
2019-08-06,1565049600,0.60552471
2019-08-07,1565136000,0.60551478
2019-08-08,1565222400,0.60551755
2019-08-09,1565308800,0.60536445
2019-08-10,1565395200,0.60521732
2019-08-11,1565481600,0.60512706
2019-08-12,1565568000,0.60499854
2019-08-13,1565654400,0.60497615
2019-08-14,1565740800,0.6049402
2019-08-15,1565827200,0.60478229
2019-08-16,1565913600,0.60463259
2019-08-17,1566000000,0.60444673
2019-08-18,1566086400,0.60424401
2019-08-19,1566172800,0.6041585
2019-08-20,1566259200,0.60406192
2019-08-21,1566345600,0.60394841
2019-08-22,1566432000,0.60378343
2019-08-23,1566518400,0.60392862
2019-08-24,1566604800,0.60374681
2019-08-25,1566691200,0.6036079
2019-08-26,1566777600,0.6034896
2019-08-27,1566864000,0.60351004
2019-08-28,1566950400,0.60338056
2019-08-29,1567036800,0.60324268
2019-08-30,1567123200,0.6030733
2019-08-31,1567209600,0.60287378
2019-09-01,1567296000,0.6027037
2019-09-02,1567382400,0.60257979
2019-09-03,1567468800,0.6024863
2019-09-04,1567555200,0.60241307
2019-09-05,1567641600,0.60237704
2019-09-06,1567728000,0.60418259
2019-09-07,1567814400,0.60400347
2019-09-08,1567900800,0.60382657
2019-09-09,1567987200,0.60375273
2019-09-10,1568073600,0.60359328
2019-09-11,1568160000,0.60376884
2019-09-12,1568246400,0.60367026
2019-09-13,1568332800,0.60352614
2019-09-14,1568419200,0.60335293
2019-09-15,1568505600,0.60321267
2019-09-16,1568592000,0.60305319
2019-09-17,1568678400,0.60296111
2019-09-18,1568764800,0.60304567
2019-09-19,1568851200,0.60289894
2019-09-20,1568937600,0.60278752
2019-09-21,1569024000,0.60262045
2019-09-22,1569110400,0.60240885
2019-09-23,1569196800,0.60229841
2019-09-24,1569283200,0.60280271
2019-09-25,1569369600,0.60279237
2019-09-26,1569456000,0.60278136
2019-09-27,1569542400,0.60270081
2019-09-28,1569628800,0.6025689
2019-09-29,1569715200,0.60239397
2019-09-30,1569801600,0.60231101
2019-10-01,1569888000,0.6021568
2019-10-02,1569974400,0.60198818
2019-10-03,1570060800,0.60182721
2019-10-04,1570147200,0.60167714
2019-10-05,1570233600,0.60147778
2019-10-06,1570320000,0.60128396
2019-10-07,1570406400,0.60119903
2019-10-08,1570492800,0.60121802
2019-10-09,1570579200,0.60104795
2019-10-10,1570665600,0.60088829
2019-10-11,1570752000,0.60076579
2019-10-12,1570838400,0.60059385
2019-10-13,1570924800,0.60038061
2019-10-14,1571011200,0.60188635
2019-10-15,1571097600,0.60197606
2019-10-16,1571184000,0.60187052
2019-10-17,1571270400,0.60180738
2019-10-18,1571356800,0.60178304
2019-10-19,1571443200,0.60159936
2019-10-20,1571529600,0.60143494
2019-10-21,1571616000,0.60196687
2019-10-22,1571702400,0.60180761
2019-10-23,1571788800,0.60169513
2019-10-24,1571875200,0.60166527
2019-10-25,1571961600,0.60170778
2019-10-26,1572048000,0.60164005
2019-10-27,1572134400,0.60150793
2019-10-28,1572220800,0.60157713
2019-10-29,1572307200,0.60156859
2019-10-30,1572393600,0.60143623
2019-10-31,1572480000,0.6014962
2019-11-01,1572566400,0.60206237
2019-11-02,1572652800,0.60192474
2019-11-03,1572739200,0.60176731
2019-11-04,1572825600,0.60163328
2019-11-05,1572912000,0.60210712
2019-11-06,1572998400,0.6023261
2019-11-07,1573084800,0.60232157
2019-11-08,1573171200,0.60219552
2019-11-09,1573257600,0.60200648
2019-11-10,1573344000,0.60180282
2019-11-11,1573430400,0.60168064
2019-11-12,1573516800,0.60156142
2019-11-13,1573603200,0.60213894
2019-11-14,1573689600,0.6019843
2019-11-15,1573776000,0.60191494
2019-11-16,1573862400,0.60170754
2019-11-17,1573948800,0.6015101
2019-11-18,1574035200,0.60159149
2019-11-19,1574121600,0.60147762
2019-11-20,1574208000,0.60133371
2019-11-21,1574294400,0.60128292
2019-11-22,1574380800,0.60158435
2019-11-23,1574467200,0.60164764
2019-11-24,1574553600,0.60193656
2019-11-25,1574640000,0.60198267
2019-11-26,1574726400,0.60193918
2019-11-27,1574812800,0.60195464
2019-11-28,1574899200,0.60177408
2019-11-29,1574985600,0.6016339
2019-11-30,1575072000,0.60155775
2019-12-01,1575158400,0.60138645
2019-12-02,1575244800,0.60128661
2019-12-03,1575331200,0.60121161
2019-12-04,1575417600,0.60119761
2019-12-05,1575504000,0.60106102
2019-12-06,1575590400,0.6009792
2019-12-07,1575676800,0.60078096
2019-12-08,1575763200,0.60059018
2019-12-09,1575849600,0.60045211
2019-12-10,1575936000,0.60029456
2019-12-11,1576022400,0.60021416
2019-12-12,1576108800,0.60009698
2019-12-13,1576195200,0.5999567
2019-12-14,1576281600,0.59980151
2019-12-15,1576368000,0.59965239
2019-12-16,1576454400,0.59954284
2019-12-17,1576540800,0.59947093
2019-12-18,1576627200,0.59955776
2019-12-19,1576713600,0.59947839
2019-12-20,1576800000,0.59975774
2019-12-21,1576886400,0.5995956
2019-12-22,1576972800,0.59942377
2019-12-23,1577059200,0.59931883
2019-12-24,1577145600,0.59922685
2019-12-25,1577232000,0.5992984
2019-12-26,1577318400,0.59940168
2019-12-27,1577404800,0.59928256
2019-12-28,1577491200,0.59912604
2019-12-29,1577577600,0.59895953
2019-12-30,1577664000,0.59895933
2019-12-31,1577750400,0.59883486
2020-01-01,1577836800,0.59864385
2020-01-02,1577923200,0.59856538
2020-01-03,1578009600,0.59842053
2020-01-04,1578096000,0.59829409
2020-01-05,1578182400,0.59812256
2020-01-06,1578268800,0.5979922
2020-01-07,1578355200,0.59789591
2020-01-08,1578441600,0.59779456
2020-01-09,1578528000,0.597743
2020-01-10,1578614400,0.59764662
2020-01-11,1578700800,0.59745833
2020-01-12,1578787200,0.59729634
2020-01-13,1578873600,0.59716965
2020-01-14,1578960000,0.59740921
2020-01-15,1579046400,0.59747196
2020-01-16,1579132800,0.59749872
2020-01-17,1579219200,0.59735485
2020-01-18,1579305600,0.59719515
2020-01-19,1579392000,0.59707578
2020-01-20,1579478400,0.59692899
2020-01-21,1579564800,0.59681354
2020-01-22,1579651200,0.59671916
2020-01-23,1579737600,0.59676063
2020-01-24,1579824000,0.59683116
2020-01-25,1579910400,0.59668487
2020-01-26,1579996800,0.59652382
2020-01-27,1580083200,0.59639821
2020-01-28,1580169600,0.596289
2020-01-29,1580256000,0.5964694
2020-01-30,1580342400,0.59637411
2020-01-31,1580428800,0.59642191
2020-02-01,1580515200,0.59626874
2020-02-02,1580601600,0.59626698
2020-02-03,1580688000,0.5973212
2020-02-04,1580774400,0.59725288
2020-02-05,1580860800,0.59715705
2020-02-06,1580947200,0.59743151
2020-02-07,1581033600,0.59840918
2020-02-08,1581120000,0.59839442
2020-02-09,1581206400,0.59832439
2020-02-10,1581292800,0.59872547
2020-02-11,1581379200,0.59868748
2020-02-12,1581465600,0.59859892
2020-02-13,1581552000,0.5986159
2020-02-14,1581638400,0.59852295
2020-02-15,1581724800,0.59841904
2020-02-16,1581811200,0.59825681
2020-02-17,1581897600,0.59812597
2020-02-18,1581984000,0.59806393
2020-02-19,1582070400,0.59810644
2020-02-20,1582156800,0.59821537
2020-02-21,1582243200,0.59812621
2020-02-22,1582329600,0.5979601
2020-02-23,1582416000,0.59781808
2020-02-24,1582502400,0.59768089
2020-02-25,1582588800,0.59793083
2020-02-26,1582675200,0.59784679
2020-02-27,1582761600,0.59772394
2020-02-28,1582848000,0.59767189
2020-02-29,1582934400,0.59756293
2020-03-01,1583020800,0.59745019
2020-03-02,1583107200,0.59755661
2020-03-03,1583193600,0.5977487
2020-03-04,1583280000,0.5976783
2020-03-05,1583366400,0.59763452
2020-03-06,1583452800,0.59753103
2020-03-07,1583539200,0.5973561
2020-03-08,1583625600,0.59721431
2020-03-09,1583712000,0.59734732
2020-03-10,1583798400,0.59731876
2020-03-11,1583884800,0.59788329
2020-03-12,1583971200,0.59845625
2020-03-13,1584057600,0.59892804
2020-03-14,1584144000,0.59900764
2020-03-15,1584230400,0.59892483
2020-03-16,1584316800,0.59903803
2020-03-17,1584403200,0.59916746
2020-03-18,1584489600,0.59904336
2020-03-19,1584576000,0.59899556
2020-03-20,1584662400,0.59891095
2020-03-21,1584748800,0.59875272
2020-03-22,1584835200,0.59861412
2020-03-23,1584921600,0.59855257
2020-03-24,1585008000,0.5984417
2020-03-25,1585094400,0.59846249
2020-03-26,1585180800,0.59839657
2020-03-27,1585267200,0.59832241
2020-03-28,1585353600,0.59816758
2020-03-29,1585440000,0.59805434
2020-03-30,1585526400,0.59794861
2020-03-31,1585612800,0.59781642
2020-04-01,1585699200,0.59775174
2020-04-02,1585785600,0.59765476
2020-04-03,1585872000,0.59749609
2020-04-04,1585958400,0.59733499
2020-04-05,1586044800,0.59715354
2020-04-06,1586131200,0.59702895
2020-04-07,1586217600,0.59701134
2020-04-08,1586304000,0.59686743
2020-04-09,1586390400,0.59679662
2020-04-10,1586476800,0.59682784
2020-04-11,1586563200,0.59664789
2020-04-12,1586649600,0.59645422
2020-04-13,1586736000,0.59631095
2020-04-14,1586822400,0.59616054
2020-04-15,1586908800,0.59603706
2020-04-16,1586995200,0.59597176
2020-04-17,1587081600,0.59586858
2020-04-18,1587168000,0.59569305
2020-04-19,1587254400,0.59558673
2020-04-20,1587340800,0.59547057
2020-04-21,1587427200,0.59534145
2020-04-22,1587513600,0.59523812
2020-04-23,1587600000,0.59519049
2020-04-24,1587686400,0.5950758
2020-04-25,1587772800,0.5949354
2020-04-26,1587859200,0.59480168
2020-04-27,1587945600,0.59473636
2020-04-28,1588032000,0.59459853
2020-04-29,1588118400,0.59484361
2020-04-30,1588204800,0.59486148
2020-05-01,1588291200,0.59475493
2020-05-02,1588377600,0.59458934
2020-05-03,1588464000,0.59448591
2020-05-04,1588550400,0.59435316
2020-05-05,1588636800,0.59423986
2020-05-06,1588723200,0.59431838
2020-05-07,1588809600,0.59463459
2020-05-08,1588896000,0.59475928
2020-05-09,1588982400,0.59472858
2020-05-10,1589068800,0.59462816
2020-05-11,1589155200,0.59467688
2020-05-12,1589241600,0.59455332
2020-05-13,1589328000,0.5944381
2020-05-14,1589414400,0.594354
2020-05-15,1589500800,0.59428755
2020-05-16,1589587200,0.59417324
2020-05-17,1589673600,0.59401741
2020-05-18,1589760000,0.5939376
2020-05-19,1589846400,0.59380179
2020-05-20,1589932800,0.59370693
2020-05-21,1590019200,0.59365521
2020-05-22,1590105600,0.59353753
2020-05-23,1590192000,0.59338987
2020-05-24,1590278400,0.5932252
2020-05-25,1590364800,0.59308078
2020-05-26,1590451200,0.59295719
2020-05-27,1590537600,0.59283819
2020-05-28,1590624000,0.59277422
2020-05-29,1590710400,0.59270285
2020-05-30,1590796800,0.59256085
2020-05-31,1590883200,0.59250272
2020-06-01,1590969600,0.59274196
2020-06-02,1591056000,0.59272732
2020-06-03,1591142400,0.59262299
2020-06-04,1591228800,0.59253075
2020-06-05,1591315200,0.59241937
2020-06-06,1591401600,0.59233053
2020-06-07,1591488000,0.59221357
2020-06-08,1591574400,0.59229897
2020-06-09,1591660800,0.59220595
2020-06-10,1591747200,0.59213567
2020-06-11,1591833600,0.59202481
2020-06-12,1591920000,0.59187836
2020-06-13,1592006400,0.59171023
2020-06-14,1592092800,0.59156736
2020-06-15,1592179200,0.59147365
2020-06-16,1592265600,0.5913687
2020-06-17,1592352000,0.59123431
2020-06-18,1592438400,0.59129193
2020-06-19,1592524800,0.59117004
2020-06-20,1592611200,0.59103289
2020-06-21,1592697600,0.59090885
2020-06-22,1592784000,0.59084206
2020-06-23,1592870400,0.5908167
2020-06-24,1592956800,0.59097014
2020-06-25,1593043200,0.59083201
2020-06-26,1593129600,0.59092218
2020-06-27,1593216000,0.59081801
2020-06-28,1593302400,0.59075717
2020-06-29,1593388800,0.59066962
2020-06-30,1593475200,0.59069161
2020-07-01,1593561600,0.59059127
2020-07-02,1593648000,0.59045739
2020-07-03,1593734400,0.59033816
2020-07-04,1593820800,0.59017039
2020-07-05,1593907200,0.58998906
2020-07-06,1593993600,0.58988082
2020-07-07,1594080000,0.58983165
2020-07-08,1594166400,0.58990835
2020-07-09,1594252800,0.58979797
2020-07-10,1594339200,0.58968501
2020-07-11,1594425600,0.58951825
2020-07-12,1594512000,0.58936697
2020-07-13,1594598400,0.58927842
2020-07-14,1594684800,0.58933789
2020-07-15,1594771200,0.5894196
2020-07-16,1594857600,0.58928388
2020-07-17,1594944000,0.58917345
2020-07-18,1595030400,0.58902084
2020-07-19,1595116800,0.58888444
2020-07-20,1595203200,0.58873347
2020-07-21,1595289600,0.58868698
2020-07-22,1595376000,0.58869929
2020-07-23,1595462400,0.58864961
2020-07-24,1595548800,0.58855199
2020-07-25,1595635200,0.58843403
2020-07-26,1595721600,0.58833386
2020-07-27,1595808000,0.58842404
2020-07-28,1595894400,0.58866992
2020-07-29,1595980800,0.58865697
2020-07-30,1596067200,0.58867812
2020-07-31,1596153600,0.58876068
2020-08-01,1596240000,0.58868701
2020-08-02,1596326400,0.58864794
2020-08-03,1596412800,0.58877772
2020-08-04,1596499200,0.58874215
2020-08-05,1596585600,0.58878332
2020-08-06,1596672000,0.58886622
2020-08-07,1596758400,0.58895626
2020-08-08,1596844800,0.58887886
2020-08-09,1596931200,0.58881671
2020-08-10,1597017600,0.58872928
2020-08-11,1597104000,0.5888549
2020-08-12,1597190400,0.58889247
2020-08-13,1597276800,0.5888115
2020-08-14,1597363200,0.58879891
2020-08-15,1597449600,0.58870375
2020-08-16,1597536000,0.58859908
2020-08-17,1597622400,0.58875397
2020-08-18,1597708800,0.58866265
2020-08-19,1597795200,0.58859236
2020-08-20,1597881600,0.5885389
2020-08-21,1597968000,0.58861286
2020-08-22,1598054400,0.58847449
2020-08-23,1598140800,0.58833722
2020-08-24,1598227200,0.58824147
2020-08-25,1598313600,0.58821518
2020-08-26,1598400000,0.58822508
2020-08-27,1598486400,0.58812639
2020-08-28,1598572800,0.58817258
2020-08-29,1598659200,0.5880529
2020-08-30,1598745600,0.58794267
2020-08-31,1598832000,0.58795697
2020-09-01,1598918400,0.58811616
2020-09-02,1599004800,0.58812247
2020-09-03,1599091200,0.58817877
2020-09-04,1599177600,0.58826878
2020-09-05,1599264000,0.58819212
2020-09-06,1599350400,0.58810212
2020-09-07,1599436800,0.58800536
2020-09-08,1599523200,0.58789581
2020-09-09,1599609600,0.5878413
2020-09-10,1599696000,0.58778759
2020-09-11,1599782400,0.58774186
2020-09-12,1599868800,0.58764351
2020-09-13,1599955200,0.58749779
2020-09-14,1600041600,0.58740958
2020-09-15,1600128000,0.58733851
2020-09-16,1600214400,0.58742704
2020-09-17,1600300800,0.58739452
2020-09-18,1600387200,0.58739947
2020-09-19,1600473600,0.58739564
2020-09-20,1600560000,0.58736061
2020-09-21,1600646400,0.58727989
2020-09-22,1600732800,0.58726305
2020-09-23,1600819200,0.58717668
2020-09-24,1600905600,0.58724613
2020-09-25,1600992000,0.58724442
2020-09-26,1601078400,0.58715631
2020-09-27,1601164800,0.58706703
2020-09-28,1601251200,0.58696076
2020-09-29,1601337600,0.5871368
2020-09-30,1601424000,0.5871716
2020-10-01,1601510400,0.58707676
2020-10-02,1601596800,0.58704951
2020-10-03,1601683200,0.58689342
2020-10-04,1601769600,0.58675908
2020-10-05,1601856000,0.58665535
2020-10-06,1601942400,0.58656037
2020-10-07,1602028800,0.586588
2020-10-08,1602115200,0.586552
2020-10-09,1602201600,0.58653406
2020-10-10,1602288000,0.58639992
2020-10-11,1602374400,0.58630825
2020-10-12,1602460800,0.58630737
2020-10-13,1602547200,0.58618798
2020-10-14,1602633600,0.58621854
2020-10-15,1602720000,0.58619662
2020-10-16,1602806400,0.58608262
2020-10-17,1602892800,0.58592141
2020-10-18,1602979200,0.58577118
2020-10-19,1603065600,0.58615789
2020-10-20,1603152000,0.58613151
2020-10-21,1603238400,0.58613824
2020-10-22,1603324800,0.58658929
2020-10-23,1603411200,0.58747915
2020-10-24,1603497600,0.58753782
2020-10-25,1603584000,0.58746965
2020-10-26,1603670400,0.58737554
2020-10-27,1603756800,0.58743821
2020-10-28,1603843200,0.58751085
2020-10-29,1603929600,0.58758588
2020-10-30,1604016000,0.58752647
2020-10-31,1604102400,0.58747104
2020-11-01,1604188800,0.58746813
2020-11-02,1604275200,0.58769943
2020-11-03,1604361600,0.59079124
2020-11-04,1604448000,0.59083197
2020-11-05,1604534400,0.59120544
2020-11-06,1604620800,0.59136872
2020-11-07,1604707200,0.59139603
2020-11-08,1604793600,0.59149738
2020-11-09,1604880000,0.59156201
2020-11-10,1604966400,0.59155228
2020-11-11,1605052800,0.59162346
2020-11-12,1605139200,0.59177788
2020-11-13,1605225600,0.59190018
2020-11-14,1605312000,0.59190406
2020-11-15,1605398400,0.59182726
2020-11-16,1605484800,0.59184889
2020-11-17,1605571200,0.59204393
2020-11-18,1605657600,0.59239226
2020-11-19,1605744000,0.59246343
2020-11-20,1605830400,0.59286772
2020-11-21,1605916800,0.59303205
2020-11-22,1606003200,0.59301379
2020-11-23,1606089600,0.59302911
2020-11-24,1606176000,0.59332366
2020-11-25,1606262400,0.59338602
2020-11-26,1606348800,0.59399063
2020-11-27,1606435200,0.59422287
2020-11-28,1606521600,0.59413122
2020-11-29,1606608000,0.59409449
2020-11-30,1606694400,0.59437753
2020-12-01,1606780800,0.59463204
2020-12-02,1606867200,0.59478137
2020-12-03,1606953600,0.59496157
2020-12-04,1607040000,0.5950675
2020-12-05,1607126400,0.59498559
2020-12-06,1607212800,0.59492486
2020-12-07,1607299200,0.59501779
2020-12-08,1607385600,0.59511136
2020-12-09,1607472000,0.59517552
2020-12-10,1607558400,0.59528872
2020-12-11,1607644800,0.59571474
2020-12-12,1607731200,0.59588833
2020-12-13,1607817600,0.59633964
2020-12-14,1607904000,0.59639298
2020-12-15,1607990400,0.59647974
2020-12-16,1608076800,0.59677273
2020-12-17,1608163200,0.5970983
2020-12-18,1608249600,0.59751636
2020-12-19,1608336000,0.59759817
2020-12-20,1608422400,0.59784238
2020-12-21,1608508800,0.59795317
2020-12-22,1608595200,0.59857562
2020-12-23,1608681600,0.59891998
2020-12-24,1608768000,0.59904761
2020-12-25,1608854400,0.59896747
2020-12-26,1608940800,0.59903665
2020-12-27,1609027200,0.59928143
2020-12-28,1609113600,0.60023311
2020-12-29,1609200000,0.60048976
2020-12-30,1609286400,0.60056723
2020-12-31,1609372800,0.60071714
2021-01-01,1609459200,0.60096115
2021-01-02,1609545600,0.60182184
2021-01-03,1609632000,0.60229577
2021-01-04,1609718400,0.60313631
2021-01-05,1609804800,0.60333918
2021-01-06,1609891200,0.60360123
2021-01-07,1609977600,0.60412934
2021-01-08,1610064000,0.60453098
2021-01-09,1610150400,0.60485106
2021-01-10,1610236800,0.60505288
2021-01-11,1610323200,0.60531862
2021-01-12,1610409600,0.60539936
2021-01-13,1610496000,0.60547785
2021-01-14,1610582400,0.60555616
2021-01-15,1610668800,0.60569265
2021-01-16,1610755200,0.60567796
2021-01-17,1610841600,0.6056463
2021-01-18,1610928000,0.60569068
2021-01-19,1611014400,0.60573411
2021-01-20,1611100800,0.60571531
2021-01-21,1611187200,0.60569853
2021-01-22,1611273600,0.60570279
2021-01-23,1611360000,0.60560605
2021-01-24,1611446400,0.60549607
2021-01-25,1611532800,0.60547504
2021-01-26,1611619200,0.60540793
2021-01-27,1611705600,0.60592626
2021-01-28,1611792000,0.6059687
2021-01-29,1611878400,0.60609553
2021-01-30,1611964800,0.60607481
2021-01-31,1612051200,0.60622261
2021-02-01,1612137600,0.60615017
2021-02-02,1612224000,0.60609526
2021-02-03,1612310400,0.60608389
2021-02-04,1612396800,0.60616537
2021-02-05,1612483200,0.60632489
2021-02-06,1612569600,0.60630065
2021-02-07,1612656000,0.60658176
2021-02-08,1612742400,0.6067134
2021-02-09,1612828800,0.60699091
2021-02-10,1612915200,0.60708996
2021-02-11,1613001600,0.60713102
2021-02-12,1613088000,0.60720425
2021-02-13,1613174400,0.60713319
2021-02-14,1613260800,0.60711402
2021-02-15,1613347200,0.60716791
2021-02-16,1613433600,0.60724706
2021-02-17,1613520000,0.607338
2021-02-18,1613606400,0.60751316
2021-02-19,1613692800,0.60773694
2021-02-20,1613779200,0.60791559
2021-02-21,1613865600,0.60797048
2021-02-22,1613952000,0.60803807
2021-02-23,1614038400,0.60845409
2021-02-24,1614124800,0.60882895
2021-02-25,1614211200,0.60895614
2021-02-26,1614297600,0.60912152
2021-02-27,1614384000,0.60910039
2021-02-28,1614470400,0.60908941
2021-03-01,1614556800,0.6090306
2021-03-02,1614643200,0.60915729
2021-03-03,1614729600,0.60909218
2021-03-04,1614816000,0.6090713
2021-03-05,1614902400,0.60917055
2021-03-06,1614988800,0.60908654
2021-03-07,1615075200,0.60896352
2021-03-08,1615161600,0.60917014
2021-03-09,1615248000,0.60913567
2021-03-10,1615334400,0.60910837
2021-03-11,1615420800,0.60960968
2021-03-12,1615507200,0.60972229
2021-03-13,1615593600,0.60970291
2021-03-14,1615680000,0.60984974
2021-03-15,1615766400,0.60983915
2021-03-16,1615852800,0.60994015
2021-03-17,1615939200,0.60998566
2021-03-18,1616025600,0.60990449
2021-03-19,1616112000,0.60981579
2021-03-20,1616198400,0.60985077
2021-03-21,1616284800,0.60977307
2021-03-22,1616371200,0.60981882
2021-03-23,1616457600,0.61000551
2021-03-24,1616544000,0.60999395
2021-03-25,1616630400,0.6102323
2021-03-26,1616716800,0.61023216
2021-03-27,1616803200,0.61025471
2021-03-28,1616889600,0.61018932
2021-03-29,1616976000,0.6101095
2021-03-30,1617062400,0.6101036
2021-03-31,1617148800,0.61016712
2021-04-01,1617235200,0.6104701
2021-04-02,1617321600,0.61065353
2021-04-03,1617408000,0.61052816
2021-04-04,1617494400,0.61042092
2021-04-05,1617580800,0.6103595
2021-04-06,1617667200,0.61085377
2021-04-07,1617753600,0.61080594
2021-04-08,1617840000,0.61077319
2021-04-09,1617926400,0.61075706
2021-04-10,1618012800,0.61074271
2021-04-11,1618099200,0.61081812
2021-04-12,1618185600,0.61095134
2021-04-13,1618272000,0.61101731
2021-04-14,1618358400,0.61143474
2021-04-15,1618444800,0.61169119
2021-04-16,1618531200,0.61161188
2021-04-17,1618617600,0.61158086
2021-04-18,1618704000,0.61197122
2021-04-19,1618790400,0.61185758
2021-04-20,1618876800,0.6119105
2021-04-21,1618963200,0.61184568
2021-04-22,1619049600,0.61187299
2021-04-23,1619136000,0.61198323
2021-04-24,1619222400,0.61217595
2021-04-25,1619308800,0.61221835
2021-04-26,1619395200,0.61224577
2021-04-27,1619481600,0.61249801
2021-04-28,1619568000,0.61248691
2021-04-29,1619654400,0.61256568
2021-04-30,1619740800,0.61272758
2021-05-01,1619827200,0.61263018
2021-05-02,1619913600,0.61255027
2021-05-03,1620000000,0.61256291
2021-05-04,1620086400,0.61257742
2021-05-05,1620172800,0.61255011
2021-05-06,1620259200,0.61252984
2021-05-07,1620345600,0.61277525
2021-05-08,1620432000,0.61269685
2021-05-09,1620518400,0.61267573
2021-05-10,1620604800,0.61266496
2021-05-11,1620691200,0.61263392
2021-05-12,1620777600,0.61279066
2021-05-13,1620864000,0.61295722
2021-05-14,1620950400,0.61294262
2021-05-15,1621036800,0.61287627
2021-05-16,1621123200,0.61284102
2021-05-17,1621209600,0.61281037
2021-05-18,1621296000,0.6128418
2021-05-19,1621382400,0.61318255
2021-05-20,1621468800,0.61331466
2021-05-21,1621555200,0.61335957
2021-05-22,1621641600,0.61325869
2021-05-23,1621728000,0.61330172
2021-05-24,1621814400,0.61359669
2021-05-25,1621900800,0.61357248
2021-05-26,1621987200,0.61354894
2021-05-27,1622073600,0.6134257
2021-05-28,1622160000,0.61331081
2021-05-29,1622246400,0.6131584
2021-05-30,1622332800,0.61334479
2021-05-31,1622419200,0.6132033
2021-06-01,1622505600,0.61344897
2021-06-02,1622592000,0.61339091
2021-06-03,1622678400,0.61349295
2021-06-04,1622764800,0.61337445
2021-06-05,1622851200,0.61322567
2021-06-06,1622937600,0.61310397
2021-06-07,1623024000,0.61304592
2021-06-08,1623110400,0.61304892
2021-06-09,1623196800,0.61298296
2021-06-10,1623283200,0.61296137
2021-06-11,1623369600,0.61298346
2021-06-12,1623456000,0.61281964
2021-06-13,1623542400,0.61269248
2021-06-14,1623628800,0.61260281
2021-06-15,1623715200,0.61253014
2021-06-16,1623801600,0.61241257
2021-06-17,1623888000,0.61229418
2021-06-18,1623974400,0.61217172
2021-06-19,1624060800,0.61200796
2021-06-20,1624147200,0.61186016
2021-06-21,1624233600,0.61178966
2021-06-22,1624320000,0.61172085
2021-06-23,1624406400,0.61174992
2021-06-24,1624492800,0.61171495
2021-06-25,1624579200,0.61187336
2021-06-26,1624665600,0.61171591
2021-06-27,1624752000,0.61158492
2021-06-28,1624838400,0.61146742
2021-06-29,1624924800,0.61132978
2021-06-30,1625011200,0.61120253
2021-07-01,1625097600,0.61110637
2021-07-02,1625184000,0.61108136
2021-07-03,1625270400,0.61092084
2021-07-04,1625356800,0.61078412
2021-07-05,1625443200,0.61066873
2021-07-06,1625529600,0.61053798
2021-07-07,1625616000,0.61045219
2021-07-08,1625702400,0.61033062
2021-07-09,1625788800,0.61023898
2021-07-10,1625875200,0.61007475
2021-07-11,1625961600,0.60992624
2021-07-12,1626048000,0.60995812
2021-07-13,1626134400,0.6098253
2021-07-14,1626220800,0.60971623
2021-07-15,1626307200,0.60963189
2021-07-16,1626393600,0.60953004
2021-07-17,1626480000,0.61073538
2021-07-18,1626566400,0.61058924
2021-07-19,1626652800,0.61048949
2021-07-20,1626739200,0.61045331
2021-07-21,1626825600,0.61035093
2021-07-22,1626912000,0.6102543
2021-07-23,1626998400,0.61015907
2021-07-24,1627084800,0.60999242
2021-07-25,1627171200,0.60984297
2021-07-26,1627257600,0.6100467
2021-07-27,1627344000,0.61024715
2021-07-28,1627430400,0.61065637
2021-07-29,1627516800,0.61307392
2021-07-30,1627603200,0.61296471
2021-07-31,1627689600,0.61282753
2021-08-01,1627776000,0.61267085
2021-08-02,1627862400,0.61254495
2021-08-03,1627948800,0.61240869
2021-08-04,1628035200,0.61226721
2021-08-05,1628121600,0.61212712
2021-08-06,1628208000,0.61206407
2021-08-07,1628294400,0.61193106
2021-08-08,1628380800,0.61183612
2021-08-09,1628467200,0.61173475
2021-08-10,1628553600,0.61160305
2021-08-11,1628640000,0.61150862
2021-08-12,1628726400,0.61138496
2021-08-13,1628812800,0.61126722
2021-08-14,1628899200,0.61131825
2021-08-15,1628985600,0.61116004
2021-08-16,1629072000,0.61104158
2021-08-17,1629158400,0.61093439
2021-08-18,1629244800,0.61088863
2021-08-19,1629331200,0.61078086
2021-08-20,1629417600,0.61066377
2021-08-21,1629504000,0.6105753
2021-08-22,1629590400,0.6104528
2021-08-23,1629676800,0.61044354
2021-08-24,1629763200,0.61031368
2021-08-25,1629849600,0.61064771
2021-08-26,1629936000,0.61066757
2021-08-27,1630022400,0.61053605
2021-08-28,1630108800,0.61040291
2021-08-29,1630195200,0.61025642
2021-08-30,1630281600,0.61017867
2021-08-31,1630368000,0.61011897
2021-09-01,1630454400,0.610036
2021-09-02,1630540800,0.60993503
2021-09-03,1630627200,0.60983926
2021-09-04,1630713600,0.60970713
2021-09-05,1630800000,0.60956194
2021-09-06,1630886400,0.6094563
2021-09-07,1630972800,0.60936819
2021-09-08,1631059200,0.60926257
2021-09-09,1631145600,0.60930105
2021-09-10,1631232000,0.60929622
2021-09-11,1631318400,0.60916207
2021-09-12,1631404800,0.60902238
2021-09-13,1631491200,0.60889752
2021-09-14,1631577600,0.60891285
2021-09-15,1631664000,0.60890069
2021-09-16,1631750400,0.60890964
2021-09-17,1631836800,0.60879615
2021-09-18,1631923200,0.60866128
2021-09-19,1632009600,0.60853339
2021-09-20,1632096000,0.6084423
2021-09-21,1632182400,0.60830426
2021-09-22,1632268800,0.60822816
2021-09-23,1632355200,0.60811286
2021-09-24,1632441600,0.60799582
2021-09-25,1632528000,0.60782632
2021-09-26,1632614400,0.60884043
2021-09-27,1632700800,0.60879626
2021-09-28,1632787200,0.60870016
2021-09-29,1632873600,0.60860821
2021-09-30,1632960000,0.60858673
2021-10-01,1633046400,0.60850087
2021-10-02,1633132800,0.60837888
2021-10-03,1633219200,0.6082455
2021-10-04,1633305600,0.6081677
2021-10-05,1633392000,0.60811705
2021-10-06,1633478400,0.60810704
2021-10-07,1633564800,0.60808009
2021-10-08,1633651200,0.60799254
2021-10-09,1633737600,0.60787764
2021-10-10,1633824000,0.60787757
2021-10-11,1633910400,0.60781087
2021-10-12,1633996800,0.60793864
2021-10-13,1634083200,0.60785567
2021-10-14,1634169600,0.60779113
2021-10-15,1634256000,0.60775412
2021-10-16,1634342400,0.60773445
2021-10-17,1634428800,0.60760768
2021-10-18,1634515200,0.60763816
2021-10-19,1634601600,0.60793469
2021-10-20,1634688000,0.60800663
2021-10-21,1634774400,0.6080279
2021-10-22,1634860800,0.60807291
2021-10-23,1634947200,0.60796349
2021-10-24,1635033600,0.60805813
2021-10-25,1635120000,0.60809742
2021-10-26,1635206400,0.60806548
2021-10-27,1635292800,0.60796677
2021-10-28,1635379200,0.60789614
2021-10-29,1635465600,0.60783748
2021-10-30,1635552000,0.60771885
2021-10-31,1635638400,0.60784554
2021-11-01,1635724800,0.60820405
2021-11-02,1635811200,0.60833865
2021-11-03,1635897600,0.60843287
2021-11-04,1635984000,0.60833643
2021-11-05,1636070400,0.60843078
2021-11-06,1636156800,0.60833032
2021-11-07,1636243200,0.60818718
2021-11-08,1636329600,0.60827837
2021-11-09,1636416000,0.60829023
2021-11-10,1636502400,0.60848756
2021-11-11,1636588800,0.60847405
2021-11-12,1636675200,0.60890822
2021-11-13,1636761600,0.60884527
2021-11-14,1636848000,0.60872481
2021-11-15,1636934400,0.60870407
2021-11-16,1637020800,0.60888867
2021-11-17,1637107200,0.60898381
2021-11-18,1637193600,0.60890713
2021-11-19,1637280000,0.60883711
2021-11-20,1637366400,0.60874863
2021-11-21,1637452800,0.60863763
2021-11-22,1637539200,0.60861648
2021-11-23,1637625600,0.60859495
2021-11-24,1637712000,0.60852649
2021-11-25,1637798400,0.60903144
2021-11-26,1637884800,0.60902725
2021-11-27,1637971200,0.60888077
2021-11-28,1638057600,0.60879026
2021-11-29,1638144000,0.60875684
2021-11-30,1638230400,0.60872133
2021-12-01,1638316800,0.60874631
2021-12-02,1638403200,0.60867073
2021-12-03,1638489600,0.60861619
2021-12-04,1638576000,0.60856319
2021-12-05,1638662400,0.6084738
2021-12-06,1638748800,0.60845584
2021-12-07,1638835200,0.60861259
2021-12-08,1638921600,0.60854132
2021-12-09,1639008000,0.60858795
2021-12-10,1639094400,0.60852396
2021-12-11,1639180800,0.60844452
2021-12-12,1639267200,0.6082948
2021-12-13,1639353600,0.60826328
2021-12-14,1639440000,0.60840851
2021-12-15,1639526400,0.60835242
2021-12-16,1639612800,0.60834082
2021-12-17,1639699200,0.60825115
2021-12-18,1639785600,0.60814793
2021-12-19,1639872000,0.60800823
2021-12-20,1639958400,0.60793505
2021-12-21,1640044800,0.60784962
2021-12-22,1640131200,0.60781378
2021-12-23,1640217600,0.60779989
2021-12-24,1640304000,0.60766829
2021-12-25,1640390400,0.60757084
2021-12-26,1640476800,0.60748874
2021-12-27,1640563200,0.60739109
2021-12-28,1640649600,0.60729965
2021-12-29,1640736000,0.6072587
2021-12-30,1640822400,0.60733505
2021-12-31,1640908800,0.60746316
2022-01-01,1640995200,0.60736788
2022-01-02,1641081600,0.6072087
2022-01-03,1641168000,0.60714003
2022-01-04,1641254400,0.60707037
2022-01-05,1641340800,0.60702625
2022-01-06,1641427200,0.60704678
2022-01-07,1641513600,0.60697909
2022-01-08,1641600000,0.60684257
2022-01-09,1641686400,0.6067107
2022-01-10,1641772800,0.60664177
2022-01-11,1641859200,0.60654059
2022-01-12,1641945600,0.60649996
2022-01-13,1642032000,0.60637556
2022-01-14,1642118400,0.60625928
2022-01-15,1642204800,0.60610782
2022-01-16,1642291200,0.60596575
2022-01-17,1642377600,0.60588339
2022-01-18,1642464000,0.60579016
2022-01-19,1642550400,0.60576341
2022-01-20,1642636800,0.60572975
2022-01-21,1642723200,0.60570856
2022-01-22,1642809600,0.60566935
2022-01-23,1642896000,0.6056354
2022-01-24,1642982400,0.60561532
2022-01-25,1643068800,0.60563141
2022-01-26,1643155200,0.60552235
2022-01-27,1643241600,0.6055012
2022-01-28,1643328000,0.60540161
2022-01-29,1643414400,0.6053375
2022-01-30,1643500800,0.60522919
2022-01-31,1643587200,0.60511852
2022-02-01,1643673600,0.60823329
2022-02-02,1643760000,0.60810704
2022-02-03,1643846400,0.60801741
2022-02-04,1643932800,0.60789095
2022-02-05,1644019200,0.60776213
2022-02-06,1644105600,0.60765135
2022-02-07,1644192000,0.60759765
2022-02-08,1644278400,0.60752093
2022-02-09,1644364800,0.60743348
2022-02-10,1644451200,0.60744111
2022-02-11,1644537600,0.6073922
2022-02-12,1644624000,0.60725519
2022-02-13,1644710400,0.60712173
2022-02-14,1644796800,0.60700274
2022-02-15,1644883200,0.60691863
2022-02-16,1644969600,0.60680099
2022-02-17,1645056000,0.60675947
2022-02-18,1645142400,0.60665162
2022-02-19,1645228800,0.60650551
2022-02-20,1645315200,0.60642189
2022-02-21,1645401600,0.60648033
2022-02-22,1645488000,0.60637274
2022-02-23,1645574400,0.60639828
2022-02-24,1645660800,0.60629846
2022-02-25,1645747200,0.60625375
2022-02-26,1645833600,0.60613519
2022-02-27,1645920000,0.60606237
2022-02-28,1646006400,0.60675133
2022-03-01,1646092800,0.60671115
2022-03-02,1646179200,0.60670395
2022-03-03,1646265600,0.6067053
2022-03-04,1646352000,0.60664616
2022-03-05,1646438400,0.60650395
2022-03-06,1646524800,0.60637546
2022-03-07,1646611200,0.60641849
2022-03-08,1646697600,0.60639358
2022-03-09,1646784000,0.60640948
2022-03-10,1646870400,0.6063525
2022-03-11,1646956800,0.60681927
2022-03-12,1647043200,0.60671713
2022-03-13,1647129600,0.60658929
2022-03-14,1647216000,0.60650139
2022-03-15,1647302400,0.60641365
2022-03-16,1647388800,0.60646513
2022-03-17,1647475200,0.60663426
2022-03-18,1647561600,0.60650204
2022-03-19,1647648000,0.60640067
2022-03-20,1647734400,0.60625429
2022-03-21,1647820800,0.60616735
2022-03-22,1647907200,0.60606033
2022-03-23,1647993600,0.6059649
2022-03-24,1648080000,0.605865
2022-03-25,1648166400,0.60662673
2022-03-26,1648252800,0.60653281
2022-03-27,1648339200,0.60639318
2022-03-28,1648425600,0.60636738
2022-03-29,1648512000,0.60678459
2022-03-30,1648598400,0.60667644
2022-03-31,1648684800,0.60662556
2022-04-01,1648771200,0.60656005
2022-04-02,1648857600,0.6064273
2022-04-03,1648944000,0.60632042
2022-04-04,1649030400,0.60632798
2022-04-05,1649116800,0.60627185
2022-04-06,1649203200,0.60618825
2022-04-07,1649289600,0.60608192
2022-04-08,1649376000,0.60598711
2022-04-09,1649462400,0.60584426
2022-04-10,1649548800,0.60570009
2022-04-11,1649635200,0.60561435
2022-04-12,1649721600,0.60577389
2022-04-13,1649808000,0.60570209
2022-04-14,1649894400,0.60612077
2022-04-15,1649980800,0.60598283
2022-04-16,1650067200,0.60582582
2022-04-17,1650153600,0.60566675
2022-04-18,1650240000,0.60553644
2022-04-19,1650326400,0.60546209
2022-04-20,1650412800,0.60537735
2022-04-21,1650499200,0.60582429
2022-04-22,1650585600,0.60577232
2022-04-23,1650672000,0.60564313
2022-04-24,1650758400,0.6054949
2022-04-25,1650844800,0.60539219
2022-04-26,1650931200,0.60532045
2022-04-27,1651017600,0.60520082
2022-04-28,1651104000,0.60513367
2022-04-29,1651190400,0.6050831
2022-04-30,1651276800,0.60496767
2022-05-01,1651363200,0.60485945
2022-05-02,1651449600,0.60491644
2022-05-03,1651536000,0.60494075
2022-05-04,1651622400,0.60492431
2022-05-05,1651708800,0.60487734
2022-05-06,1651795200,0.60484928
2022-05-07,1651881600,0.60470495
2022-05-08,1651968000,0.60462715
2022-05-09,1652054400,0.60474966
2022-05-10,1652140800,0.604758
2022-05-11,1652227200,0.60499848
2022-05-12,1652313600,0.6051317
2022-05-13,1652400000,0.60542933
2022-05-14,1652486400,0.60602286
2022-05-15,1652572800,0.60588765
2022-05-16,1652659200,0.6058324
2022-05-17,1652745600,0.60582277
2022-05-18,1652832000,0.60572656
2022-05-19,1652918400,0.60578474
2022-05-20,1653004800,0.60574041
2022-05-21,1653091200,0.60560627
2022-05-22,1653177600,0.60545138
2022-05-23,1653264000,0.60536454
2022-05-24,1653350400,0.60529195
2022-05-25,1653436800,0.60521265
2022-05-26,1653523200,0.60512025
2022-05-27,1653609600,0.60511839
2022-05-28,1653696000,0.60496834
2022-05-29,1653782400,0.60485159
2022-05-30,1653868800,0.60476432
2022-05-31,1653955200,0.60479133
2022-06-01,1654041600,0.60482242
2022-06-02,1654128000,0.60496866
2022-06-03,1654214400,0.60495852
2022-06-04,1654300800,0.60490298
2022-06-05,1654387200,0.60475781
2022-06-06,1654473600,0.60466783
2022-06-07,1654560000,0.60469942
2022-06-08,1654646400,0.60464346
2022-06-09,1654732800,0.6045835
2022-06-10,1654819200,0.60457874
2022-06-11,1654905600,0.60452178
2022-06-12,1654992000,0.60445984
2022-06-13,1655078400,0.6047547
2022-06-14,1655164800,0.60494796
2022-06-15,1655251200,0.60514976
2022-06-16,1655337600,0.60513343
2022-06-17,1655424000,0.60613607
2022-06-18,1655510400,0.60623404
2022-06-19,1655596800,0.60614345
2022-06-20,1655683200,0.60606299
2022-06-21,1655769600,0.60604762
2022-06-22,1655856000,0.60601497
2022-06-23,1655942400,0.6059057
2022-06-24,1656028800,0.60587687
2022-06-25,1656115200,0.60595923
2022-06-26,1656201600,0.60580184
2022-06-27,1656288000,0.60573073
2022-06-28,1656374400,0.60569286
2022-06-29,1656460800,0.6057357
2022-06-30,1656547200,0.60579176
2022-07-01,1656633600,0.60573466
2022-07-02,1656720000,0.60561365
2022-07-03,1656806400,0.60555184
2022-07-04,1656892800,0.60541655
2022-07-05,1656979200,0.60530348
2022-07-06,1657065600,0.60526995
2022-07-07,1657152000,0.60515558
2022-07-08,1657238400,0.60508035
2022-07-09,1657324800,0.60496707
2022-07-10,1657411200,0.60481818
2022-07-11,1657497600,0.60494211
2022-07-12,1657584000,0.60485141
2022-07-13,1657670400,0.60471203
2022-07-14,1657756800,0.60465758
2022-07-15,1657843200,0.60469351
2022-07-16,1657929600,0.60454953
2022-07-17,1658016000,0.60439279
2022-07-18,1658102400,0.60431731
2022-07-19,1658188800,0.60478469
2022-07-20,1658275200,0.60475403
2022-07-21,1658361600,0.60513087
2022-07-22,1658448000,0.6051
2022-07-23,1658534400,0.60499992
2022-07-24,1658620800,0.60486397
2022-07-25,1658707200,0.60478863
2022-07-26,1658793600,0.60470361
2022-07-27,1658880000,0.60458918
2022-07-28,1658966400,0.6044679
2022-07-29,1659052800,0.60435874
2022-07-30,1659139200,0.60421593
2022-07-31,1659225600,0.60410932
2022-08-01,1659312000,0.60398101
2022-08-02,1659398400,0.60389303
2022-08-03,1659484800,0.60378086
2022-08-04,1659571200,0.60376185
2022-08-05,1659657600,0.60362961
2022-08-06,1659744000,0.6035046
2022-08-07,1659830400,0.60338651
2022-08-08,1659916800,0.60327601
2022-08-09,1660003200,0.60325317
2022-08-10,1660089600,0.60332353
2022-08-11,1660176000,0.60321277
2022-08-12,1660262400,0.60311392
2022-08-13,1660348800,0.60296937
2022-08-14,1660435200,0.60281927
2022-08-15,1660521600,0.60269747
2022-08-16,1660608000,0.60256958
2022-08-17,1660694400,0.60247571
2022-08-18,1660780800,0.60239136
2022-08-19,1660867200,0.60233882
2022-08-20,1660953600,0.60220393
2022-08-21,1661040000,0.60204894
2022-08-22,1661126400,0.60195551
2022-08-23,1661212800,0.60185589
2022-08-24,1661299200,0.60173754
2022-08-25,1661385600,0.6016161
2022-08-26,1661472000,0.60152987
2022-08-27,1661558400,0.60140969
2022-08-28,1661644800,0.60150598
2022-08-29,1661731200,0.60162437
2022-08-30,1661817600,0.60161884
2022-08-31,1661904000,0.60149843
2022-09-01,1661990400,0.60141029
2022-09-02,1662076800,0.60132809
2022-09-03,1662163200,0.60120047
2022-09-04,1662249600,0.60129463
2022-09-05,1662336000,0.60116864
2022-09-06,1662422400,0.60117003
2022-09-07,1662508800,0.60110196
2022-09-08,1662595200,0.60099035
2022-09-09,1662681600,0.60088428
2022-09-10,1662768000,0.60075255
2022-09-11,1662854400,0.60062009
2022-09-12,1662940800,0.60050925
2022-09-13,1663027200,0.60057692
2022-09-14,1663113600,0.60051069
2022-09-15,1663200000,0.60043749
2022-09-16,1663286400,0.60031
2022-09-17,1663372800,0.60016796
2022-09-18,1663459200,0.60001497
2022-09-19,1663545600,0.60003614
2022-09-20,1663632000,0.59994857
2022-09-21,1663718400,0.59988053
2022-09-22,1663804800,0.59977591
2022-09-23,1663891200,0.59966983
2022-09-24,1663977600,0.59951611
2022-09-25,1664064000,0.59937861
2022-09-26,1664150400,0.59927317
2022-09-27,1664236800,0.59927084
2022-09-28,1664323200,0.59918602
2022-09-29,1664409600,0.59910257
2022-09-30,1664496000,0.59905811
2022-10-01,1664582400,0.59891679
2022-10-02,1664668800,0.5987716
2022-10-03,1664755200,0.5986626
2022-10-04,1664841600,0.59856924
2022-10-05,1664928000,0.59850803
2022-10-06,1665014400,0.5984103
2022-10-07,1665100800,0.59833619
2022-10-08,1665187200,0.59823291
2022-10-09,1665273600,0.59808275
2022-10-10,1665360000,0.59797695
2022-10-11,1665446400,0.59790242
2022-10-12,1665532800,0.59787303
2022-10-13,1665619200,0.59777123
2022-10-14,1665705600,0.59766967
2022-10-15,1665792000,0.59752212
2022-10-16,1665878400,0.59739578
2022-10-17,1665964800,0.59757766
2022-10-18,1666051200,0.5982536
2022-10-19,1666137600,0.59820011
2022-10-20,1666224000,0.59807437
2022-10-21,1666310400,0.5979691
2022-10-22,1666396800,0.59800303
2022-10-23,1666483200,0.59786484
2022-10-24,1666569600,0.59775763
2022-10-25,1666656000,0.59776891
2022-10-26,1666742400,0.5978889
2022-10-27,1666828800,0.59790385
2022-10-28,1666915200,0.59780033
2022-10-29,1667001600,0.59767815
2022-10-30,1667088000,0.59754839
2022-10-31,1667174400,0.59747008
2022-11-01,1667260800,0.59739919
2022-11-02,1667347200,0.59750309
2022-11-03,1667433600,0.5974517
2022-11-04,1667520000,0.59786277
2022-11-05,1667606400,0.59782781
2022-11-06,1667692800,0.5977899
2022-11-07,1667779200,0.59793363
2022-11-08,1667865600,0.59797067
2022-11-09,1667952000,0.59819936
2022-11-10,1668038400,0.59827983
2022-11-11,1668124800,0.59882755
2022-11-12,1668211200,0.59912507
2022-11-13,1668297600,0.5990184
2022-11-14,1668384000,0.59905721
2022-11-15,1668470400,0.59909909
2022-11-16,1668556800,0.59946127
2022-11-17,1668643200,0.59957427
2022-11-18,1668729600,0.60054981
2022-11-19,1668816000,0.60043649
2022-11-20,1668902400,0.60040275
2022-11-21,1668988800,0.60042318
2022-11-22,1669075200,0.60049766
2022-11-23,1669161600,0.60163973
2022-11-24,1669248000,0.60159815
2022-11-25,1669334400,0.60151386
2022-11-26,1669420800,0.60140073
2022-11-27,1669507200,0.60128176
2022-11-28,1669593600,0.60125418
2022-11-29,1669680000,0.6012078
2022-11-30,1669766400,0.60114203
2022-12-01,1669852800,0.60117835
2022-12-02,1669939200,0.6011409
2022-12-03,1670025600,0.6010133
2022-12-04,1670112000,0.60092423
2022-12-05,1670198400,0.60100418
2022-12-06,1670284800,0.60094603
2022-12-07,1670371200,0.60085197
2022-12-08,1670457600,0.60076744
2022-12-09,1670544000,0.60076756
2022-12-10,1670630400,0.6006608
2022-12-11,1670716800,0.60055823
2022-12-12,1670803200,0.60047048
2022-12-13,1670889600,0.60046408
2022-12-14,1670976000,0.60048439
2022-12-15,1671062400,0.60039337
2022-12-16,1671148800,0.60034253
2022-12-17,1671235200,0.60025906
2022-12-18,1671321600,0.60014506
2022-12-19,1671408000,0.60018499
2022-12-20,1671494400,0.60007441
2022-12-21,1671580800,0.60000639
2022-12-22,1671667200,0.59992977
2022-12-23,1671753600,0.59989907
2022-12-24,1671840000,0.59978383
2022-12-25,1671926400,0.59970326
2022-12-26,1672012800,0.59957044
2022-12-27,1672099200,0.59947083
2022-12-28,1672185600,0.59956074
2022-12-29,1672272000,0.59958833
2022-12-30,1672358400,0.59958356
2022-12-31,1672444800,0.59970797
2023-01-01,1672531200,0.59959765
2023-01-02,1672617600,0.59950297
2023-01-03,1672704000,0.59945416
2023-01-04,1672790400,0.59940488
2023-01-05,1672876800,0.59969457
2023-01-06,1672963200,0.5996846
2023-01-07,1673049600,0.59963289
2023-01-08,1673136000,0.59952362
2023-01-09,1673222400,0.59943616
2023-01-10,1673308800,0.59944466
2023-01-11,1673395200,0.5994318
2023-01-12,1673481600,0.5993823
2023-01-13,1673568000,0.59932939
2023-01-14,1673654400,0.59923378
2023-01-15,1673740800,0.59914349
2023-01-16,1673827200,0.59921664
2023-01-17,1673913600,0.59914763
2023-01-18,1674000000,0.5991305
2023-01-19,1674086400,0.59907502
2023-01-20,1674172800,0.59899396
2023-01-21,1674259200,0.59889353
2023-01-22,1674345600,0.59876345
2023-01-23,1674432000,0.59867239
2023-01-24,1674518400,0.59858862
2023-01-25,1674604800,0.59850762
2023-01-26,1674691200,0.59878465
2023-01-27,1674777600,0.59880525
2023-01-28,1674864000,0.59867591
2023-01-29,1674950400,0.59855548
2023-01-30,1675036800,0.59845427
2023-01-31,1675123200,0.59838161
2023-02-01,1675209600,0.59836308
2023-02-02,1675296000,0.59825337
2023-02-03,1675382400,0.59819879
2023-02-04,1675468800,0.59807004
2023-02-05,1675555200,0.59795859
2023-02-06,1675641600,0.59785238
2023-02-07,1675728000,0.59773905
2023-02-08,1675814400,0.5976558
2023-02-09,1675900800,0.59758624
2023-02-10,1675987200,0.59751754
2023-02-11,1676073600,0.59740595
2023-02-12,1676160000,0.59729228
2023-02-13,1676246400,0.59719446
2023-02-14,1676332800,0.59706998
2023-02-15,1676419200,0.59699424
2023-02-16,1676505600,0.59692188
2023-02-17,1676592000,0.59682223
2023-02-18,1676678400,0.59668567
2023-02-19,1676764800,0.59658392
2023-02-20,1676851200,0.59645723
2023-02-21,1676937600,0.59636317
2023-02-22,1677024000,0.59630606
2023-02-23,1677110400,0.59619545
2023-02-24,1677196800,0.59616382
2023-02-25,1677283200,0.59604375
2023-02-26,1677369600,0.59592544
2023-02-27,1677456000,0.59589422
2023-02-28,1677542400,0.59593719
2023-03-01,1677628800,0.59598272
2023-03-02,1677715200,0.59588961
2023-03-03,1677801600,0.59580327
2023-03-04,1677888000,0.59569357
2023-03-05,1677974400,0.59567325
2023-03-06,1678060800,0.59561633
2023-03-07,1678147200,0.59581667
2023-03-08,1678233600,0.59572854
2023-03-09,1678320000,0.59567895
2023-03-10,1678406400,0.5955951
2023-03-11,1678492800,0.59552496
2023-03-12,1678579200,0.59540918
2023-03-13,1678665600,0.59542526
2023-03-14,1678752000,0.59546479
2023-03-15,1678838400,0.59547241
2023-03-16,1678924800,0.59544443
2023-03-17,1679011200,0.59540961
2023-03-18,1679097600,0.59530433
2023-03-19,1679184000,0.59520452
2023-03-20,1679270400,0.59515096
2023-03-21,1679356800,0.5950912
2023-03-22,1679443200,0.59505697
2023-03-23,1679529600,0.5950529
2023-03-24,1679616000,0.59501817
2023-03-25,1679702400,0.5949007
2023-03-26,1679788800,0.59480745
2023-03-27,1679875200,0.59480327
2023-03-28,1679961600,0.59471046
2023-03-29,1680048000,0.59460966
2023-03-30,1680134400,0.59577856
2023-03-31,1680220800,0.59583145
2023-04-01,1680307200,0.59572895
2023-04-02,1680393600,0.59559875
2023-04-03,1680480000,0.59553445
2023-04-04,1680566400,0.59550858
2023-04-05,1680652800,0.59552118
2023-04-06,1680739200,0.59549986
2023-04-07,1680825600,0.59544919
2023-04-08,1680912000,0.59531315
2023-04-09,1680998400,0.59516912
2023-04-10,1681084800,0.59511441
2023-04-11,1681171200,0.59524655
2023-04-12,1681257600,0.59535218
2023-04-13,1681344000,0.59530837
2023-04-14,1681430400,0.59532636
2023-04-15,1681516800,0.59520843
2023-04-16,1681603200,0.59508937
2023-04-17,1681689600,0.59501842
2023-04-18,1681776000,0.59493584
2023-04-19,1681862400,0.59516498
2023-04-20,1681948800,0.5950722
2023-04-21,1682035200,0.59500293
2023-04-22,1682121600,0.59486964
2023-04-23,1682208000,0.59474859
2023-04-24,1682294400,0.5946592
2023-04-25,1682380800,0.59456589
2023-04-26,1682467200,0.59448333
2023-04-27,1682553600,0.59439091
2023-04-28,1682640000,0.59430716
2023-04-29,1682726400,0.59428855
2023-04-30,1682812800,0.59415404
2023-05-01,1682899200,0.59405367
2023-05-02,1682985600,0.59395971
2023-05-03,1683072000,0.59400677
2023-05-04,1683158400,0.59391673
2023-05-05,1683244800,0.59381917
2023-05-06,1683331200,0.59367779
2023-05-07,1683417600,0.59389545
2023-05-08,1683504000,0.59385565
2023-05-09,1683590400,0.59373554
2023-05-10,1683676800,0.59368503
2023-05-11,1683763200,0.59363897
2023-05-12,1683849600,0.59359291
2023-05-13,1683936000,0.59346198
2023-05-14,1684022400,0.59340938
2023-05-15,1684108800,0.59370769
2023-05-16,1684195200,0.59368333
2023-05-17,1684281600,0.59358008
2023-05-18,1684368000,0.59347859
2023-05-19,1684454400,0.59337929
2023-05-20,1684540800,0.59325978
2023-05-21,1684627200,0.59314265
2023-05-22,1684713600,0.59325327
2023-05-23,1684800000,0.5931733
2023-05-24,1684886400,0.59309786
2023-05-25,1684972800,0.59345613
2023-05-26,1685059200,0.59341601
2023-05-27,1685145600,0.59328541
2023-05-28,1685232000,0.59319145
2023-05-29,1685318400,0.59312648
2023-05-30,1685404800,0.59311188
2023-05-31,1685491200,0.59309549
2023-06-01,1685577600,0.59309409
2023-06-02,1685664000,0.59301396
2023-06-03,1685750400,0.59289294
2023-06-04,1685836800,0.59276994
2023-06-05,1685923200,0.59273337
2023-06-06,1686009600,0.59265682
2023-06-07,1686096000,0.59256153
2023-06-08,1686182400,0.59253734
2023-06-09,1686268800,0.5924444
2023-06-10,1686355200,0.59236721
2023-06-11,1686441600,0.59225409
2023-06-12,1686528000,0.59220603
2023-06-13,1686614400,0.59217044
2023-06-14,1686700800,0.59213786
2023-06-15,1686787200,0.5921116
2023-06-16,1686873600,0.59203743
2023-06-17,1686960000,0.59191307
2023-06-18,1687046400,0.59193272
2023-06-19,1687132800,0.59192177
2023-06-20,1687219200,0.5920072
2023-06-21,1687305600,0.59215245
2023-06-22,1687392000,0.5920906
2023-06-23,1687478400,0.59221243
2023-06-24,1687564800,0.59212691
2023-06-25,1687651200,0.59204699
2023-06-26,1687737600,0.59196107
2023-06-27,1687824000,0.59194115
2023-06-28,1687910400,0.59188282
2023-06-29,1687996800,0.59197674
2023-06-30,1688083200,0.59191055
2023-07-01,1688169600,0.59220309
2023-07-02,1688256000,0.59209823
2023-07-03,1688342400,0.59203164
2023-07-04,1688428800,0.59193036
2023-07-05,1688515200,0.59184083
2023-07-06,1688601600,0.591991
2023-07-07,1688688000,0.59188976
2023-07-08,1688774400,0.59175489
2023-07-09,1688860800,0.59164477
2023-07-10,1688947200,0.59158451
2023-07-11,1689033600,0.59159826
2023-07-12,1689120000,0.59153331
2023-07-13,1689206400,0.59152317
2023-07-14,1689292800,0.5914785
2023-07-15,1689379200,0.59134916
2023-07-16,1689465600,0.59122368
2023-07-17,1689552000,0.59120675
2023-07-18,1689638400,0.59120626
2023-07-19,1689724800,0.59117903
2023-07-20,1689811200,0.59112088
2023-07-21,1689897600,0.5910927
2023-07-22,1689984000,0.59102921
2023-07-23,1690070400,0.59091839
2023-07-24,1690156800,0.5908575
2023-07-25,1690243200,0.5907603
2023-07-26,1690329600,0.59065068
2023-07-27,1690416000,0.59081558
2023-07-28,1690502400,0.59152245
2023-07-29,1690588800,0.5914035
2023-07-30,1690675200,0.5912846
2023-07-31,1690761600,0.59123026
2023-08-01,1690848000,0.591121
2023-08-02,1690934400,0.59110748
2023-08-03,1691020800,0.59099203
2023-08-04,1691107200,0.59091068
2023-08-05,1691193600,0.59077335
2023-08-06,1691280000,0.59065436
2023-08-07,1691366400,0.59055269
2023-08-08,1691452800,0.59050925
2023-08-09,1691539200,0.59042669
2023-08-10,1691625600,0.59035358
2023-08-11,1691712000,0.59024422
2023-08-12,1691798400,0.59015381
2023-08-13,1691884800,0.59004531
2023-08-14,1691971200,0.59004769
2023-08-15,1692057600,0.58998143
2023-08-16,1692144000,0.58992479
2023-08-17,1692230400,0.58990752
2023-08-18,1692316800,0.58990807
2023-08-19,1692403200,0.58977697
2023-08-20,1692489600,0.58965465
2023-08-21,1692576000,0.58958613
2023-08-22,1692662400,0.58952979
2023-08-23,1692748800,0.58943716
2023-08-24,1692835200,0.58934278
2023-08-25,1692921600,0.58924951
2023-08-26,1693008000,0.5891177
2023-08-27,1693094400,0.58904942
2023-08-28,1693180800,0.58897456
2023-08-29,1693267200,0.5890101
2023-08-30,1693353600,0.58892668
2023-08-31,1693440000,0.58885609
2023-09-01,1693526400,0.58878399
2023-09-02,1693612800,0.58865142
2023-09-03,1693699200,0.58854064
2023-09-04,1693785600,0.58845178
2023-09-05,1693872000,0.58837726
2023-09-06,1693958400,0.58831113
2023-09-07,1694044800,0.5882079
2023-09-08,1694131200,0.58810381
2023-09-09,1694217600,0.58798242
2023-09-10,1694304000,0.5878507
2023-09-11,1694390400,0.58776644
2023-09-12,1694476800,0.58768278
2023-09-13,1694563200,0.58757118
2023-09-14,1694649600,0.58751199
2023-09-15,1694736000,0.58743366
2023-09-16,1694822400,0.58731023
2023-09-17,1694908800,0.58718101
2023-09-18,1694995200,0.58719656
2023-09-19,1695081600,0.58744387
2023-09-20,1695168000,0.58738889
2023-09-21,1695254400,0.58727524
2023-09-22,1695340800,0.58715253
2023-09-23,1695427200,0.58702872
2023-09-24,1695513600,0.58691186
2023-09-25,1695600000,0.58682982
2023-09-26,1695686400,0.58674579
2023-09-27,1695772800,0.58664577
2023-09-28,1695859200,0.58658156
2023-09-29,1695945600,0.58654218
2023-09-30,1696032000,0.58643152
2023-10-01,1696118400,0.58632307
2023-10-02,1696204800,0.58641075
2023-10-03,1696291200,0.58636069
2023-10-04,1696377600,0.58636043
2023-10-05,1696464000,0.58630784
2023-10-06,1696550400,0.58627883
2023-10-07,1696636800,0.58626124
2023-10-08,1696723200,0.58614175
2023-10-09,1696809600,0.5861932
2023-10-10,1696896000,0.58613089
2023-10-11,1696982400,0.58615942
2023-10-12,1697068800,0.58608959
2023-10-13,1697155200,0.58600104
2023-10-14,1697241600,0.5861659
2023-10-15,1697328000,0.58604144
2023-10-16,1697414400,0.58596936
2023-10-17,1697500800,0.5859211
2023-10-18,1697587200,0.58587217
2023-10-19,1697673600,0.58596941
2023-10-20,1697760000,0.58594527
2023-10-21,1697846400,0.58584043
2023-10-22,1697932800,0.58574066
2023-10-23,1698019200,0.58577681
2023-10-24,1698105600,0.5859117
2023-10-25,1698192000,0.58589128
2023-10-26,1698278400,0.58593954
2023-10-27,1698364800,0.58591454
2023-10-28,1698451200,0.5858776
2023-10-29,1698537600,0.58580284
2023-10-30,1698624000,0.58574666
2023-10-31,1698710400,0.58573526
2023-11-01,1698796800,0.58598652
2023-11-02,1698883200,0.58592518
2023-11-03,1698969600,0.58587448
2023-11-04,1699056000,0.585776
2023-11-05,1699142400,0.58567685
2023-11-06,1699228800,0.58558661
2023-11-07,1699315200,0.5855286
2023-11-08,1699401600,0.58545514
2023-11-09,1699488000,0.58560049
2023-11-10,1699574400,0.58556923
2023-11-11,1699660800,0.58546673
2023-11-12,1699747200,0.58536651
2023-11-13,1699833600,0.58530389
2023-11-14,1699920000,0.58523605
2023-11-15,1700006400,0.58529548
2023-11-16,1700092800,0.58526152
2023-11-17,1700179200,0.58519523
2023-11-18,1700265600,0.58509567
2023-11-19,1700352000,0.58504102
2023-11-20,1700438400,0.58500846
2023-11-21,1700524800,0.58503369
2023-11-22,1700611200,0.58509707
2023-11-23,1700697600,0.58499851
2023-11-24,1700784000,0.58491481
2023-11-25,1700870400,0.58479971
2023-11-26,1700956800,0.58472601
2023-11-27,1701043200,0.58463072
2023-11-28,1701129600,0.58456874
2023-11-29,1701216000,0.58450408
2023-11-30,1701302400,0.58479396
2023-12-01,1701388800,0.58475265
2023-12-02,1701475200,0.5846607
2023-12-03,1701561600,0.58456532
2023-12-04,1701648000,0.5846733
2023-12-05,1701734400,0.58470066
2023-12-06,1701820800,0.58483614
2023-12-07,1701907200,0.58482971
2023-12-08,1701993600,0.58481404
2023-12-09,1702080000,0.58473862
2023-12-10,1702166400,0.58464653
2023-12-11,1702252800,0.58465168
2023-12-12,1702339200,0.58475991
2023-12-13,1702425600,0.58468776
2023-12-14,1702512000,0.5845979
2023-12-15,1702598400,0.58464446
2023-12-16,1702684800,0.58460187
2023-12-17,1702771200,0.58448371
2023-12-18,1702857600,0.58456215
2023-12-19,1702944000,0.5845443
2023-12-20,1703030400,0.58454664
2023-12-21,1703116800,0.58449927
2023-12-22,1703203200,0.58456813
2023-12-23,1703289600,0.58450193
2023-12-24,1703376000,0.5846204
2023-12-25,1703462400,0.58452806
2023-12-26,1703548800,0.58447991
2023-12-27,1703635200,0.58508676
2023-12-28,1703721600,0.58505521
2023-12-29,1703808000,0.58532361
2023-12-30,1703894400,0.58529339
2023-12-31,1703980800,0.58521654
2024-01-01,1704067200,0.5851127
2024-01-02,1704153600,0.58511791
2024-01-03,1704240000,0.58510854
2024-01-04,1704326400,0.58587566
2024-01-05,1704412800,0.58583967
2024-01-06,1704499200,0.58573547
2024-01-07,1704585600,0.58564277
2024-01-08,1704672000,0.58560252
2024-01-09,1704758400,0.58562494
2024-01-10,1704844800,0.58561647
2024-01-11,1704931200,0.58561485
2024-01-12,1705017600,0.58562755
2024-01-13,1705104000,0.58552768
2024-01-14,1705190400,0.58545466
2024-01-15,1705276800,0.58538723
2024-01-16,1705363200,0.5866488
2024-01-17,1705449600,0.58683496
2024-01-18,1705536000,0.58697628
2024-01-19,1705622400,0.5870456
2024-01-20,1705708800,0.58693307
2024-01-21,1705795200,0.5868123
2024-01-22,1705881600,0.5869373
2024-01-23,1705968000,0.58708448
2024-01-24,1706054400,0.58770861
2024-01-25,1706140800,0.58790671
2024-01-26,1706227200,0.58797548
2024-01-27,1706313600,0.58788666
2024-01-28,1706400000,0.5877716
2024-01-29,1706486400,0.58780151
2024-01-30,1706572800,0.58793927
2024-01-31,1706659200,0.5880521
2024-02-01,1706745600,0.58803633
2024-02-02,1706832000,0.58805924
2024-02-03,1706918400,0.58793247
2024-02-04,1707004800,0.58786925
2024-02-05,1707091200,0.58786938
2024-02-06,1707177600,0.58807562
2024-02-07,1707264000,0.58805075
2024-02-08,1707350400,0.58800871
2024-02-09,1707436800,0.58798567
2024-02-10,1707523200,0.58790969
2024-02-11,1707609600,0.58783898
2024-02-12,1707696000,0.58787053
2024-02-13,1707782400,0.58786002
2024-02-14,1707868800,0.58802456
2024-02-15,1707955200,0.58818426
2024-02-16,1708041600,0.58822371
2024-02-17,1708128000,0.58814378
2024-02-18,1708214400,0.5880568
2024-02-19,1708300800,0.58845152
2024-02-20,1708387200,0.58842023
2024-02-21,1708473600,0.58844232
2024-02-22,1708560000,0.58855698
2024-02-23,1708646400,0.58860472
2024-02-24,1708732800,0.58851114
2024-02-25,1708819200,0.58842146
2024-02-26,1708905600,0.58841765
2024-02-27,1708992000,0.58851422
2024-02-28,1709078400,0.58900764
2024-02-29,1709164800,0.58926685
2024-03-01,1709251200,0.59001286
2024-03-02,1709337600,0.5899349
2024-03-03,1709424000,0.58985697
2024-03-04,1709510400,0.59007667
2024-03-05,1709596800,0.59053005
2024-03-06,1709683200,0.59130201
2024-03-07,1709769600,0.59159537
2024-03-08,1709856000,0.59183893
2024-03-09,1709942400,0.591823
2024-03-10,1710028800,0.59194046
2024-03-11,1710115200,0.59215759
2024-03-12,1710201600,0.59228222
2024-03-13,1710288000,0.59256289
2024-03-14,1710374400,0.59290678
2024-03-15,1710460800,0.59297581
2024-03-16,1710547200,0.59291777
2024-03-17,1710633600,0.59325498
2024-03-18,1710720000,0.59332104
2024-03-19,1710806400,0.59334143
2024-03-20,1710892800,0.59337918
2024-03-21,1710979200,0.5935629
2024-03-22,1711065600,0.59390472
2024-03-23,1711152000,0.59591729
2024-03-24,1711238400,0.59592164
2024-03-25,1711324800,0.59669717
2024-03-26,1711411200,0.59688538
2024-03-27,1711497600,0.59688801
2024-03-28,1711584000,0.59727761
2024-03-29,1711670400,0.59723975
2024-03-30,1711756800,0.59716064
2024-03-31,1711843200,0.59711019
2024-04-01,1711929600,0.59791724
2024-04-02,1712016000,0.59812009
2024-04-03,1712102400,0.59809693
2024-04-04,1712188800,0.59796965
2024-04-05,1712275200,0.59789447
2024-04-06,1712361600,0.59783544
2024-04-07,1712448000,0.59774988
2024-04-08,1712534400,0.59772084
2024-04-09,1712620800,0.59772252
2024-04-10,1712707200,0.5976702
2024-04-11,1712793600,0.59760109
2024-04-12,1712880000,0.59756835
2024-04-13,1712966400,0.59748075
2024-04-14,1713052800,0.59741289
2024-04-15,1713139200,0.59738793
2024-04-16,1713225600,0.59755729
2024-04-17,1713312000,0.59751969
2024-04-18,1713398400,0.59764202
2024-04-19,1713484800,0.59764156
2024-04-20,1713571200,0.59752043
2024-04-21,1713657600,0.59741129
2024-04-22,1713744000,0.59733127
2024-04-23,1713830400,0.59728304
2024-04-24,1713916800,0.59723484
2024-04-25,1714003200,0.5971707
2024-04-26,1714089600,0.5971121
2024-04-27,1714176000,0.59707585
2024-04-28,1714262400,0.59711964
2024-04-29,1714348800,0.5971634
2024-04-30,1714435200,0.59720713
2024-05-01,1714521600,0.59718058
2024-05-02,1714608000,0.59713078
2024-05-03,1714694400,0.59709718
2024-05-04,1714780800,0.59698266
2024-05-05,1714867200,0.59686119
2024-05-06,1714953600,0.59683607
2024-05-07,1715040000,0.59674565
2024-05-08,1715126400,0.59668671
2024-05-09,1715212800,0.59660089
2024-05-10,1715299200,0.59650818
2024-05-11,1715385600,0.59641428
2024-05-12,1715472000,0.59637246
2024-05-13,1715558400,0.5963105
2024-05-14,1715644800,0.59624857
2024-05-15,1715731200,0.59663622
2024-05-16,1715817600,0.59673486
2024-05-17,1715904000,0.59668522
2024-05-18,1715990400,0.5965747
2024-05-19,1716076800,0.59648393
2024-05-20,1716163200,0.59645342
2024-05-21,1716249600,0.5964426
2024-05-22,1716336000,0.59651747
2024-05-23,1716422400,0.59652376
2024-05-24,1716508800,0.59648579
2024-05-25,1716595200,0.59636541
2024-05-26,1716681600,0.59630004
2024-05-27,1716768000,0.59628524
2024-05-28,1716854400,0.60290963
2024-05-29,1716940800,0.60283987
2024-05-30,1717027200,0.60279971
2024-05-31,1717113600,0.6027265
2024-06-01,1717200000,0.60262458
2024-06-02,1717286400,0.60253096
2024-06-03,1717372800,0.60258047
2024-06-04,1717459200,0.60254713
2024-06-05,1717545600,0.60252954
2024-06-06,1717632000,0.60257064
2024-06-07,1717718400,0.60244568
2024-06-08,1717804800,0.60236461
2024-06-09,1717891200,0.60226824
2024-06-10,1717977600,0.60219589
2024-06-11,1718064000,0.60264262
2024-06-12,1718150400,0.60262653
2024-06-13,1718236800,0.60252913
2024-06-14,1718323200,0.60261255
2024-06-15,1718409600,0.60258665
2024-06-16,1718496000,0.60246412
2024-06-17,1718582400,0.60244336
2024-06-18,1718668800,0.60236817
2024-06-19,1718755200,0.60228065
2024-06-20,1718841600,0.60215602
2024-06-21,1718928000,0.6021466
2024-06-22,1719014400,0.60275084
2024-06-23,1719100800,0.60264222
2024-06-24,1719187200,0.60273238
2024-06-25,1719273600,0.60267047
2024-06-26,1719360000,0.60265035
2024-06-27,1719446400,0.60308691
2024-06-28,1719532800,0.60305967
2024-06-29,1719619200,0.60293779
2024-06-30,1719705600,0.60283235
2024-07-01,1719792000,0.60278983
2024-07-02,1719878400,0.60271168
2024-07-03,1719964800,0.60289189
2024-07-04,1720051200,0.6029355
2024-07-05,1720137600,0.60338621
2024-07-06,1720224000,0.60323278
2024-07-07,1720310400,0.60316186
2024-07-08,1720396800,0.6030814
2024-07-09,1720483200,0.60319353
2024-07-10,1720569600,0.60324806
2024-07-11,1720656000,0.6031531
2024-07-12,1720742400,0.60310371
2024-07-13,1720828800,0.60299514
2024-07-14,1720915200,0.60292496
2024-07-15,1721001600,0.60290226
2024-07-16,1721088000,0.60284042
2024-07-17,1721174400,0.60281574
2024-07-18,1721260800,0.60286317
2024-07-19,1721347200,0.60307343
2024-07-20,1721433600,0.60296464
2024-07-21,1721520000,0.60285203
2024-07-22,1721606400,0.60279438
2024-07-23,1721692800,0.60340941
2024-07-24,1721779200,0.60336888
2024-07-25,1721865600,0.60344478
2024-07-26,1721952000,0.60337301
2024-07-27,1722038400,0.60332783
2024-07-28,1722124800,0.6032362
2024-07-29,1722211200,0.60328876
2024-07-30,1722297600,0.60377503
2024-07-31,1722384000,0.60371249
2024-08-01,1722470400,0.60373907
2024-08-02,1722556800,0.6036901
2024-08-03,1722643200,0.60363124
2024-08-04,1722729600,0.60356341
2024-08-05,1722816000,0.60386724
2024-08-06,1722902400,0.60378929
2024-08-07,1722988800,0.6038551
2024-08-08,1723075200,0.60379005
2024-08-09,1723161600,0.60375903
2024-08-10,1723248000,0.60381415
2024-08-11,1723334400,0.60369824
2024-08-12,1723420800,0.60363906
2024-08-13,1723507200,0.60357767
2024-08-14,1723593600,0.603493
2024-08-15,1723680000,0.60343722
2024-08-16,1723766400,0.60335916
2024-08-17,1723852800,0.60323684
2024-08-18,1723939200,0.60312611
2024-08-19,1724025600,0.60307016
2024-08-20,1724112000,0.60301232
2024-08-21,1724198400,0.6029725
2024-08-22,1724284800,0.60290264
2024-08-23,1724371200,0.6028699
2024-08-24,1724457600,0.60276516
2024-08-25,1724544000,0.60264538
2024-08-26,1724630400,0.60256927
2024-08-27,1724716800,0.60267554
2024-08-28,1724803200,0.60261056
2024-08-29,1724889600,0.60298017
2024-08-30,1724976000,0.6028926
2024-08-31,1725062400,0.60283321
2024-09-01,1725148800,0.6027108
2024-09-02,1725235200,0.60261035
2024-09-03,1725321600,0.60266185
2024-09-04,1725408000,0.60271335
2024-09-05,1725494400,0.60264296
2024-09-06,1725580800,0.6026487
2024-09-07,1725667200,0.60252074
2024-09-08,1725753600,0.60239287
2024-09-09,1725840000,0.60239154
2024-09-10,1725926400,0.60236978
2024-09-11,1726012800,0.6023048
2024-09-12,1726099200,0.60223258
2024-09-13,1726185600,0.60227641
2024-09-14,1726272000,0.60216377
2024-09-15,1726358400,0.60206949
2024-09-16,1726444800,0.60207957
2024-09-17,1726531200,0.60201822
2024-09-18,1726617600,0.60201324
2024-09-19,1726704000,0.60196642
2024-09-20,1726790400,0.60199451
2024-09-21,1726876800,0.601894
2024-09-22,1726963200,0.60178631
2024-09-23,1727049600,0.60177838
2024-09-24,1727136000,0.60171669
2024-09-25,1727222400,0.60172188
2024-09-26,1727308800,0.60177656
2024-09-27,1727395200,0.60173259
2024-09-28,1727481600,0.60164219
2024-09-29,1727568000,0.6015338
2024-09-30,1727654400,0.60148999
2024-10-01,1727740800,0.60140373
2024-10-02,1727827200,0.60133016
2024-10-03,1727913600,0.6011925
2024-10-04,1728000000,0.60115536
2024-10-05,1728086400,0.60104327
2024-10-06,1728172800,0.60093458
2024-10-07,1728259200,0.60087203
2024-10-08,1728345600,0.6017722
2024-10-09,1728432000,0.60176626
2024-10-10,1728518400,0.60172529
2024-10-11,1728604800,0.60163938
2024-10-12,1728691200,0.60158265
2024-10-13,1728777600,0.60151299
2024-10-14,1728864000,0.60148929
2024-10-15,1728950400,0.60167316
2024-10-16,1729036800,0.60162872
2024-10-17,1729123200,0.60160959
2024-10-18,1729209600,0.60161432
2024-10-19,1729296000,0.6016016
2024-10-20,1729382400,0.60169276
2024-10-21,1729468800,0.60187392
2024-10-22,1729555200,0.60182084
2024-10-23,1729641600,0.60177075
2024-10-24,1729728000,0.60169841
2024-10-25,1729814400,0.60167152
2024-10-26,1729900800,0.60158044
2024-10-27,1729987200,0.60148799
2024-10-28,1730073600,0.60144993
2024-10-29,1730160000,0.60151215
2024-10-30,1730246400,0.60150504
2024-10-31,1730332800,0.60148894
2024-11-01,1730419200,0.60150555
2024-11-02,1730505600,0.60144461
2024-11-03,1730592000,0.60135136
2024-11-04,1730678400,0.60136532
2024-11-05,1730764800,0.60135532
2024-11-06,1730851200,0.60195911
2024-11-07,1730937600,0.60197626
2024-11-08,1731024000,0.60207452
2024-11-09,1731110400,0.60198643
2024-11-10,1731196800,0.60200221
2024-11-11,1731283200,0.6022055
2024-11-12,1731369600,0.60250009
2024-11-13,1731456000,0.60279751
2024-11-14,1731542400,0.60333653
2024-11-15,1731628800,0.60377517
2024-11-16,1731715200,0.60375382
2024-11-17,1731801600,0.60371826
2024-11-18,1731888000,0.60377556
2024-11-19,1731974400,0.60408485
2024-11-20,1732060800,0.60434832
2024-11-21,1732147200,0.60485467
2024-11-22,1732233600,0.60478907
2024-11-23,1732320000,0.60487396
2024-11-24,1732406400,0.6048648
2024-11-25,1732492800,0.60505084
2024-11-26,1732579200,0.60540778
2024-11-27,1732665600,0.60563541
2024-11-28,1732752000,0.60582214
2024-11-29,1732838400,0.6058421
2024-11-30,1732924800,0.60577698
2024-12-01,1733011200,0.60571956
2024-12-02,1733097600,0.60595201
2024-12-03,1733184000,0.60632568
2024-12-04,1733270400,0.60639016
2024-12-05,1733356800,0.60699661
2024-12-06,1733443200,0.60743298
2024-12-07,1733529600,0.6072851
2024-12-08,1733616000,0.60724825
2024-12-09,1733702400,0.60721916
2024-12-10,1733788800,0.6072372
2024-12-11,1733875200,0.60749989
2024-12-12,1733961600,0.60742606
2024-12-13,1734048000,0.60751385
2024-12-14,1734134400,0.60748011
2024-12-15,1734220800,0.6074647
2024-12-16,1734307200,0.60767809
2024-12-17,1734393600,0.60790023
2024-12-18,1734480000,0.6081529
2024-12-19,1734566400,0.60859878
2024-12-20,1734652800,0.60888077
2024-12-21,1734739200,0.60880704
2024-12-22,1734825600,0.60878589
2024-12-23,1734912000,0.60916822
2024-12-24,1734998400,0.60956441
2024-12-25,1735084800,0.60948401
2024-12-26,1735171200,0.60936227
2024-12-27,1735257600,0.60954065
2024-12-28,1735344000,0.60948871
2024-12-29,1735430400,0.60965597
2024-12-30,1735516800,0.60998248
2024-12-31,1735603200,0.61028196
2025-01-01,1735689600,0.61043266
2025-01-02,1735776000,0.6104199
2025-01-03,1735862400,0.61034789
2025-01-04,1735948800,0.61022292
2025-01-05,1736035200,0.61012811
2025-01-06,1736121600,0.61009711
2025-01-07,1736208000,0.61035709
2025-01-08,1736294400,0.61033017
2025-01-09,1736380800,0.61026798
2025-01-10,1736467200,0.61023921
2025-01-11,1736553600,0.61010674
2025-01-12,1736640000,0.6100107
2025-01-13,1736726400,0.60994348
2025-01-14,1736812800,0.60987865
2025-01-15,1736899200,0.60997596
2025-01-16,1736985600,0.60997038
2025-01-17,1737072000,0.60997492
2025-01-18,1737158400,0.60999954
2025-01-19,1737244800,0.60999954
2025-01-20,1737331200,0.60985041
2025-01-21,1737417600,0.60991752
2025-01-22,1737504000,0.61010861
2025-01-23,1737590400,0.61118425
2025-01-24,1737676800,0.61113502
2025-01-25,1737763200,0.61105927
2025-01-26,1737849600,0.6109694
2025-01-27,1737936000,0.61096894
2025-01-28,1738022400,0.61086629
2025-01-29,1738108800,0.61079483
2025-01-30,1738195200,0.6107369
2025-01-31,1738281600,0.61067841
2025-02-01,1738368000,0.61060382
2025-02-02,1738454400,0.61052981
2025-02-03,1738540800,0.61054338
2025-02-04,1738627200,0.61071503
2025-02-05,1738713600,0.61101076
2025-02-06,1738800000,0.61115111
2025-02-07,1738886400,0.61109616
2025-02-08,1738972800,0.61100868
2025-02-09,1739059200,0.61135073
2025-02-10,1739145600,0.61129853
2025-02-11,1739232000,0.6114453
2025-02-12,1739318400,0.61139348
2025-02-13,1739404800,0.61131962
2025-02-14,1739491200,0.61127323
2025-02-15,1739577600,0.61117768
2025-02-16,1739664000,0.61106369
2025-02-17,1739750400,0.61097771
2025-02-18,1739836800,0.61092809
2025-02-19,1739923200,0.61084285
2025-02-20,1740009600,0.61077016
2025-02-21,1740096000,0.610715
2025-02-22,1740182400,0.61063056
2025-02-23,1740268800,0.61052358
2025-02-24,1740355200,0.61047744
2025-02-25,1740441600,0.61066133
2025-02-26,1740528000,0.61083131
2025-02-27,1740614400,0.61086778
2025-02-28,1740700800,0.61090592
2025-03-01,1740787200,0.61081301
2025-03-02,1740873600,0.61074607
2025-03-03,1740960000,0.61080953
2025-03-04,1741046400,0.61078165
2025-03-05,1741132800,0.61071925
2025-03-06,1741219200,0.61077501
2025-03-07,1741305600,0.61077867
2025-03-08,1741392000,0.61065977
2025-03-09,1741478400,0.61056631
2025-03-10,1741564800,0.61073306
2025-03-11,1741651200,0.61079386
2025-03-12,1741737600,0.61083998
2025-03-13,1741824000,0.61082183
2025-03-14,1741910400,0.61082114
2025-03-15,1741996800,0.61069768
2025-03-16,1742083200,0.61059941
2025-03-17,1742169600,0.61054051
2025-03-18,1742256000,0.61047097
2025-03-19,1742342400,0.61042203
2025-03-20,1742428800,0.61046543
2025-03-21,1742515200,0.61036593
2025-03-22,1742601600,0.61034013
2025-03-23,1742688000,0.61022704
2025-03-24,1742774400,0.61015113
2025-03-25,1742860800,0.61010125
2025-03-26,1742947200,0.61005875
2025-03-27,1743033600,0.60998804
2025-03-28,1743120000,0.60987501
2025-03-29,1743206400,0.6097339
2025-03-30,1743292800,0.60958708
2025-03-31,1743379200,0.60955719
2025-04-01,1743465600,0.60948711
2025-04-02,1743552000,0.60954133
2025-04-03,1743638400,0.60985046
2025-04-04,1743724800,0.60982641
2025-04-05,1743811200,0.60973963
2025-04-06,1743897600,0.60965549
2025-04-07,1743984000,0.60988291
2025-04-08,1744070400,0.60983482
2025-04-09,1744156800,0.60986666
2025-04-10,1744243200,0.61001462
2025-04-11,1744329600,0.61009598
2025-04-12,1744416000,0.60999702
2025-04-13,1744502400,0.60993635
2025-04-14,1744588800,0.60987247
2025-04-15,1744675200,0.60990629
2025-04-16,1744761600,0.60991019
2025-04-17,1744848000,0.61012311
2025-04-18,1744934400,0.61002272
2025-04-19,1745020800,0.60990319
2025-04-20,1745107200,0.60979924
2025-04-21,1745193600,0.60974473
2025-04-22,1745280000,0.60972694
2025-04-23,1745366400,0.60974682
2025-04-24,1745452800,0.60986266
2025-04-25,1745539200,0.6100931
2025-04-26,1745625600,0.61004904
2025-04-27,1745712000,0.60995635
2025-04-28,1745798400,0.61007195
2025-04-29,1745884800,0.61023236
2025-04-30,1745971200,0.61027259
2025-05-01,1746057600,0.61035439
2025-05-02,1746144000,0.6104368
2025-05-03,1746230400,0.61034153
2025-05-04,1746316800,0.61023123
2025-05-05,1746403200,0.61067286
2025-05-06,1746489600,0.6109345
2025-05-07,1746576000,0.61102402
2025-05-08,1746662400,0.61114221
2025-05-09,1746748800,0.61126236
2025-05-10,1746835200,0.61115805
2025-05-11,1746921600,0.61108428
2025-05-12,1747008000,0.61109274
2025-05-13,1747094400,0.61134518
2025-05-14,1747180800,0.61132849
2025-05-15,1747267200,0.61156867
2025-05-16,1747353600,0.61156529
2025-05-17,1747440000,0.61146367
2025-05-18,1747526400,0.61138958
2025-05-19,1747612800,0.61160212
2025-05-20,1747699200,0.611742
2025-05-21,1747785600,0.61192908
2025-05-22,1747872000,0.61195915
2025-05-23,1747958400,0.61199585
2025-05-24,1748044800,0.61189915
2025-05-25,1748131200,0.6118552
2025-05-26,1748217600,0.61207881
2025-05-27,1748304000,0.61222295
2025-05-28,1748390400,0.61222334
2025-05-29,1748476800,0.61239022
2025-05-30,1748563200,0.61236435
2025-05-31,1748649600,0.61225583
2025-06-01,1748736000,0.612156
2025-06-02,1748822400,0.61216235
2025-06-03,1748908800,0.61215562
2025-06-04,1748995200,0.61232077
2025-06-05,1749081600,0.61225507
2025-06-06,1749168000,0.612195
2025-06-07,1749254400,0.61212214
2025-06-08,1749340800,0.61203495
2025-06-09,1749427200,0.61196326
2025-06-10,1749513600,0.61198617
2025-06-11,1749600000,0.61195293
2025-06-12,1749686400,0.61188715
2025-06-13,1749772800,0.61199141
2025-06-14,1749859200,0.61188022
2025-06-15,1749945600,0.61179169
2025-06-16,1750032000,0.61183614
2025-06-17,1750118400,0.61178545
2025-06-18,1750204800,0.61176394
2025-06-19,1750291200,0.61170669
2025-06-20,1750377600,0.61161416
2025-06-21,1750464000,0.61154493
2025-06-22,1750550400,0.61154806
2025-06-23,1750636800,0.61154412
2025-06-24,1750723200,0.61157182
2025-06-25,1750809600,0.61160097
2025-06-26,1750896000,0.6118207
2025-06-27,1750982400,0.61204559
2025-06-28,1751068800,0.61194367
2025-06-29,1751155200,0.61185362
2025-06-30,1751241600,0.61215689
2025-07-01,1751328000,0.61220049
2025-07-02,1751414400,0.61218445
2025-07-03,1751500800,0.6121958
2025-07-04,1751587200,0.61703175
2025-07-05,1751673600,0.61691829
2025-07-06,1751760000,0.61681355
2025-07-07,1751846400,0.61695557
2025-07-08,1751932800,0.61719726
2025-07-09,1752019200,0.61740638
2025-07-10,1752105600,0.61738148
2025-07-11,1752192000,0.61760865
2025-07-12,1752278400,0.61767694
2025-07-13,1752364800,0.61762353
2025-07-14,1752451200,0.61772616
2025-07-15,1752537600,0.61780073
2025-07-16,1752624000,0.61811115
2025-07-17,1752710400,0.61836656
2025-07-18,1752796800,0.61837566
2025-07-19,1752883200,0.61843874
2025-07-20,1752969600,0.61835678
2025-07-21,1753056000,0.61838728
2025-07-22,1753142400,0.61859472
2025-07-23,1753228800,0.61874723
2025-07-24,1753315200,0.6189663
2025-07-25,1753401600,0.61920854
2025-07-26,1753488000,0.61914781
2025-07-27,1753574400,0.61906433
2025-07-28,1753660800,0.61913419
2025-07-29,1753747200,0.61926825
2025-07-30,1753833600,0.61936574
2025-07-31,1753920000,0.61926432
2025-08-01,1754006400,0.61923087
2025-08-02,1754092800,0.61912757
2025-08-03,1754179200,0.61909631
2025-08-04,1754265600,0.6190519
2025-08-05,1754352000,0.6191202
2025-08-06,1754438400,0.61904289
2025-08-07,1754524800,0.6191671
2025-08-08,1754611200,0.6191489
2025-08-09,1754697600,0.61905315
2025-08-10,1754784000,0.61898622
2025-08-11,1754870400,0.61894359
2025-08-12,1754956800,0.61895058
2025-08-13,1755043200,0.61895484
2025-08-14,1755129600,0.61904777
2025-08-15,1755216000,0.61902614
2025-08-16,1755302400,0.61955892
2025-08-17,1755388800,0.61946413
2025-08-18,1755475200,0.6194111
2025-08-19,1755561600,0.61944945
2025-08-20,1755648000,0.61947867
2025-08-21,1755734400,0.61949025
2025-08-22,1755820800,0.6195536
2025-08-23,1755907200,0.6194891
2025-08-24,1755993600,0.61940975
2025-08-25,1756080000,0.6194203
2025-08-26,1756166400,0.61938911
2025-08-27,1756252800,0.61937797
2025-08-28,1756339200,0.61938367
2025-08-29,1756425600,0.6201917
2025-08-30,1756512000,0.62014789
2025-08-31,1756598400,0.62009294
2025-09-01,1756684800,0.62003727
2025-09-02,1756771200,0.61998297
2025-09-03,1756857600,0.61995639
2025-09-04,1756944000,0.62002158
2025-09-05,1757030400,0.62023992
2025-09-06,1757116800,0.62017684
2025-09-07,1757203200,0.62010469
2025-09-08,1757289600,0.62008036
2025-09-09,1757376000,0.6200695
2025-09-10,1757462400,0.62004471
2025-09-11,1757548800,0.62006959
2025-09-12,1757635200,0.62006041
2025-09-13,1757721600,0.62001552
2025-09-14,1757808000,0.61991576
2025-09-15,1757894400,0.61997996
2025-09-16,1757980800,0.62000165
2025-09-17,1758067200,0.62014586
2025-09-18,1758153600,0.62014004
2025-09-19,1758240000,0.62040365
2025-09-20,1758326400,0.620328
2025-09-21,1758412800,0.62024359
2025-09-22,1758499200,0.62020112
2025-09-23,1758585600,0.62031677
2025-09-24,1758672000,0.62024397
2025-09-25,1758758400,0.62038135
2025-09-26,1758844800,0.62044823
2025-09-27,1758931200,0.6203796
2025-09-28,1759017600,0.62031305
2025-09-29,1759104000,0.6202697
2025-09-30,1759190400,0.62037907
2025-10-01,1759276800,0.62055893
2025-10-02,1759363200,0.62061848
2025-10-03,1759449600,0.6206586
2025-10-04,1759536000,0.62062665
2025-10-05,1759622400,0.62059062
2025-10-06,1759708800,0.62061568
2025-10-07,1759795200,0.62112542
2025-10-08,1759881600,0.62121588
2025-10-09,1759968000,0.62141559
2025-10-10,1760054400,0.62140511
2025-10-11,1760140800,0.62139122
2025-10-12,1760227200,0.62132185
2025-10-13,1760313600,0.62123947
2025-10-14,1760400000,0.62163064
2025-10-15,1760486400,0.62212788
2025-10-16,1760572800,0.62212416
2025-10-17,1760659200,0.62224006
2025-10-18,1760745600,0.62218758
2025-10-19,1760832000,0.62209759
2025-10-20,1760918400,0.62203012
2025-10-21,1761004800,0.62210063
2025-10-22,1761091200,0.62238624
2025-10-23,1761177600,0.62264155
2025-10-24,1761264000,0.62267907
2025-10-25,1761350400,0.6226204
2025-10-26,1761436800,0.62263378
2025-10-27,1761523200,0.62268457
2025-10-28,1761609600,0.62297873
2025-10-29,1761696000,0.62317087
2025-10-30,1761782400,0.62335961
2025-10-31,1761868800,0.62339798
2025-11-01,1761955200,0.62342414
2025-11-02,1762041600,0.62332396
2025-11-03,1762128000,0.62348736
2025-11-04,1762214400,0.62366704
2025-11-05,1762300800,0.62372166
2025-11-06,1762387200,0.6237656
2025-11-07,1762473600,0.62454111
2025-11-08,1762560000,0.62453048
2025-11-09,1762646400,0.62442037
2025-11-10,1762732800,0.62442995
2025-11-11,1762819200,0.624462
2025-11-12,1762905600,0.62446043
2025-11-13,1762992000,0.62462957
2025-11-14,1763078400,0.62473482
2025-11-15,1763164800,0.62466554
2025-11-16,1763251200,0.62461221
2025-11-17,1763337600,0.62479701
2025-11-18,1763424000,0.62519325
2025-11-19,1763510400,0.62522137
2025-11-20,1763596800,0.62539092
2025-11-21,1763683200,0.62553576
2025-11-22,1763769600,0.62929601
2025-11-23,1763856000,0.63206135
2025-11-24,1763942400,0.63206449
2025-11-25,1764028800,0.63209833
2025-11-26,1764115200,0.63241867
2025-11-27,1764201600,0.63235124
2025-11-28,1764288000,0.63229602
2025-11-29,1764374400,0.6321799
2025-11-30,1764460800,0.63208662
2025-12-01,1764547200,0.63223742
2025-12-02,1764633600,0.63220851
2025-12-03,1764720000,0.63232159
2025-12-04,1764806400,0.6322668
2025-12-05,1764892800,0.63238449
2025-12-06,1764979200,0.6322782
2025-12-07,1765065600,0.63220425
2025-12-08,1765152000,0.63212933
2025-12-09,1765238400,0.63212316
2025-12-10,1765324800,0.63198572
2025-12-11,1765411200,0.63195417
2025-12-12,1765497600,0.63193591
2025-12-13,1765584000,0.63185544
2025-12-14,1765670400,0.63175107
2025-12-15,1765756800,0.63172349
2025-12-16,1765843200,0.6317717
2025-12-17,1765929600,0.6317299
2025-12-18,1766016000,0.63166064
2025-12-19,1766102400,0.63166508
2025-12-20,1766188800,0.63168217
2025-12-21,1766275200,0.63158296
2025-12-22,1766361600,0.63153274
2025-12-23,1766448000,0.63161795
2025-12-24,1766534400,0.63154679
2025-12-25,1766620800,0.63144398
2025-12-26,1766707200,0.6314107
2025-12-27,1766793600,0.6313048
2025-12-28,1766880000,0.63121935
2025-12-29,1766966400,0.631181
2025-12-30,1767052800,0.63117901
2025-12-31,1767139200,0.63125255
2026-01-01,1767225600,0.63118553
2026-01-02,1767312000,0.63111066
2026-01-03,1767398400,0.63100012
2026-01-04,1767484800,0.63090057
2026-01-05,1767571200,0.6308783
2026-01-06,1767657600,0.63081268
2026-01-07,1767744000,0.63096963
2026-01-08,1767830400,0.63090423
2026-01-09,1767916800,0.63085739
2026-01-10,1768003200,0.63094002
2026-01-11,1768089600,0.63083913
2026-01-12,1768176000,0.63081768
2026-01-13,1768262400,0.63082698
2026-01-14,1768348800,0.63078239
2026-01-15,1768435200,0.63073578
2026-01-16,1768521600,0.63064547
2026-01-17,1768608000,0.63059278
2026-01-18,1768694400,0.63045155
2026-01-19,1768780800,0.63039933
2026-01-20,1768867200,0.63035793
2026-01-21,1768953600,0.63029768
2026-01-22,1769040000,0.63035797
2026-01-23,1769126400,0.63052789
2026-01-24,1769212800,0.6304225
2026-01-25,1769299200,0.63031725
2026-01-26,1769385600,0.63025545
2026-01-27,1769472000,0.63017056
2026-01-28,1769558400,0.63010135
2026-01-29,1769644800,0.63003135
2026-01-30,1769731200,0.63001094
2026-01-31,1769817600,0.6299728
2026-02-01,1769904000,0.62993274
2026-02-02,1769990400,0.63001863
2026-02-03,1770076800,0.62999125
2026-02-04,1770163200,0.6300095
2026-02-05,1770249600,0.63026809
2026-02-06,1770336000,0.63032724
2026-02-07,1770422400,0.63024087
2026-02-08,1770508800,0.63015519
2026-02-09,1770595200,0.63010969
2026-02-10,1770681600,0.63009604
2026-02-11,1770768000,0.63001727
2026-02-12,1770854400,0.62996522
2026-02-13,1770940800,0.63001078
2026-02-14,1771027200,0.62990029
2026-02-15,1771113600,0.62978156
2026-02-16,1771200000,0.62968893
2026-02-17,1771286400,0.62962237
2026-02-18,1771372800,0.62958188
2026-02-19,1771459200,0.62953212
2026-02-20,1771545600,0.62947457
2026-02-21,1771632000,0.62938338
2026-02-22,1771718400,0.6292653
2026-02-23,1771804800,0.62921998
2026-02-24,1771891200,0.62920066
2026-02-25,1771977600,0.62912635
2026-02-26,1772064000,0.62907616
2026-02-27,1772150400,0.62900108
2026-02-28,1772236800,0.62888431
2026-03-01,1772323200,0.62877319
2026-03-02,1772409600,0.62869057
2026-03-03,1772496000,0.62860263
2026-03-04,1772582400,0.62853244
2026-03-05,1772668800,0.62845303
2026-03-06,1772755200,0.62843002
2026-03-07,1772841600,0.62831985
2026-03-08,1772928000,0.62822093
2026-03-09,1773014400,0.62817839
2026-03-10,1773100800,0.62808279
2026-03-11,1773187200,0.62802845
2026-03-12,1773273600,0.62805385
2026-03-13,1773360000,0.62799247
2026-03-14,1773446400,0.62789155
2026-03-15,1773532800,0.62777582
2026-03-16,1773619200,0.62770178
2026-03-17,1773705600,0.6276489
2026-03-18,1773792000,0.62755986
2026-03-19,1773878400,0.62747803
2026-03-20,1773964800,0.62750239
2026-03-21,1774051200,0.62738106
2026-03-22,1774137600,0.62753628
2026-03-23,1774224000,0.62748238
2026-03-24,1774310400,0.62746321
2026-03-25,1774396800,0.62738202
2026-03-26,1774483200,0.62732411
2026-03-27,1774569600,0.62724715
2026-03-28,1774656000,0.62714233
2026-03-29,1774742400,0.62702984
2026-03-30,1774828800,0.62695586
2026-03-31,1774915200,0.62707992
2026-04-01,1775001600,0.62699239
2026-04-02,1775088000,0.62691497
2026-04-03,1775174400,0.62681696
2026-04-04,1775260800,0.62670285
2026-04-05,1775347200,0.6267252
2026-04-06,1775433600,0.62664303
2026-04-07,1775520000,0.62656928
2026-04-08,1775606400,0.62647357
2026-04-09,1775692800,0.62640354
2026-04-10,1775779200,0.62640354
2026-04-11,1775865600,0.62640354
2026-04-12,1775952000,0.62614649
2026-04-13,1776038400,0.62606229
2026-04-14,1776124800,0.62611969
2026-04-15,1776211200,0.62605631
2026-04-16,1776297600,0.62603666
2026-04-17,1776384000,0.62598776
2026-04-18,1776470400,0.62589197
2026-04-19,1776556800,0.62578934
2026-04-20,1776643200,0.62578235
2026-04-21,1776729600,0.62593485
2026-04-22,1776816000,0.62595285
2026-04-23,1776902400,0.62589405
2026-04-24,1776988800,0.62617234
2026-04-25,1777075200,0.62605144
2026-04-26,1777161600,0.62594306
2026-04-27,1777248000,0.62586393
2026-04-28,1777334400,0.62579259
2026-04-29,1777420800,0.62574029
2026-04-30,1777507200,0.62567959
2026-05-01,1777593600,0.62567356
2026-05-02,1777680000,0.62555433
2026-05-03,1777766400,0.6255148
2026-05-04,1777852800,0.62560324
2026-05-05,1777939200,0.62552598
2026-05-06,1778025600,0.62544902
2026-05-07,1778112000,0.62540312
2026-05-08,1778198400,0.62531837
2026-05-09,1778284800,0.62521503
2026-05-10,1778371200,0.62514644
2026-05-11,1778457600,0.62506372
2026-05-12,1778544000,0.6249765
2026-05-13,1778630400,0.62491911
2026-05-14,1778716800,0.62486822
2026-05-15,1778803200,0.62477722
2026-05-16,1778889600,0.62467463
2026-05-17,1778976000,0.62455773
2026-05-18,1779062400,0.62449627
2026-05-19,1779148800,0.62445624
2026-05-20,1779235200,0.62437605
2026-05-21,1779321600,0.62436309
2026-05-22,1779408000,0.62431073
2026-05-23,1779494400,0.62420825
2026-05-24,1779580800,0.62411491
2026-05-25,1779667200,0.62402593
2026-05-26,1779753600,0.62398077
2026-05-27,1779840000,0.6239161
2026-05-28,1779926400,0.62393402
2026-05-29,1780012800,0.62393541
2026-05-30,1780099200,0.62384139
2026-05-31,1780185600,0.62373323
2026-06-01,1780272000,0.6236937
2026-06-02,1780358400,0.6237199
2026-06-03,1780444800,0.62370603
2026-06-04,1780531200,0.6236593
2026-06-05,1780617600,0.62368138
2026-06-06,1780704000,0.62360552
2026-06-07,1780790400,0.62356729
2026-06-08,1780876800,0.62349419
2026-06-09,1780963200,0.62345527
2026-06-10,1781049600,0.62338743
2026-06-11,1781136000,0.62335705
2026-06-12,1781222400,0.62327366
2026-06-13,1781308800,0.62315383
2026-06-14,1781395200,0.62306942
2026-06-15,1781481600,0.62304282
2026-06-16,1781568000,0.62303311
2026-06-17,1781654400,0.62294979
2026-06-18,1781740800,0.62286667
2026-06-19,1781827200,0.62278159
2026-06-20,1781913600,0.62265845
2026-06-21,1782000000,0.62289549
2026-06-22,1782086400,0.6228067
2026-06-23,1782172800,0.6228173
2026-06-24,1782259200,0.6227602
2026-06-25,1782345600,0.62276859
2026-06-26,1782432000,0.62271573
2026-06-27,1782518400,0.62261552
2026-06-28,1782604800,0.62252263
2026-06-29,1782691200,0.62250548
2026-06-30,1782777600,0.62250905
2026-07-01,1782864000,0.62250617
2026-07-02,1782950400,0.62268372
2026-07-03,1783036800,0.62259849
2026-07-04,1783123200,0.62249496
2026-07-05,1783209600,0.62239454
2026-07-06,1783296000,0.62233213
2026-07-07,1783382400,0.62228686
2026-07-08,1783468800,0.62219356
2026-07-09,1783555200,0.62209737
2026-07-10,1783641600,0.62207427
2026-07-11,1783728000,0.62195624
2026-07-12,1783814400,0.62196893
2026-07-13,1783900800,0.62206341
2026-07-14,1783987200,0.62206151
2026-07-15,1784073600,0.62202947
2026-07-16,1784160000,0.62195686
2026-07-17,1784246400,0.62197847
2026-07-18,1784332800,0.62187501
2026-07-19,1784419200,0.62178317
2026-07-20,1784505600,0.62182388
2026-07-21,1784592000,0.62175361
2026-07-22,1784678400,0.62170941
2026-07-23,1784764800,0.62162074
2026-07-24,1784851200,0.62153557
2026-07-25,1784937600,0.62168463
2026-07-26,1785024000,0.62158256
2026-07-27,1785110400,0.62155032
2026-07-28,1785196800,0.62149303
2026-07-29,1785283200,0.62145375
2026-07-30,1785369600,0.62142377
2026-07-31,1785456000,0.62188643
2026-08-01,1785542400,0.62220211
2026-08-02,1785628800,0.62228535
2026-08-03,1785715200,0.6223912
2026-08-04,1785801600,0.62249123
2026-08-05,1785888000,0.62252716
2026-08-06,1785974400,0.62255514
2026-08-07,1786060800,0.62257862
2026-08-08,1786147200,0.62251338
2026-08-09,1786233600,0.62243574
2026-08-10,1786320000,0.62239605
2026-08-11,1786406400,0.62235348
2026-08-12,1786492800,0.62238868
2026-08-13,1786579200,0.62233145
2026-08-14,1786665600,0.62227082
2026-08-15,1786752000,0.62217762
2026-08-16,1786838400,0.62210616
2026-08-17,1786924800,0.62205814
2026-08-18,1787011200,0.62202208
2026-08-19,1787097600,0.62208451
2026-08-20,1787184000,0.62211825
2026-08-21,1787270400,0.62218303
2026-08-22,1787356800,0.62212265
2026-08-23,1787443200,0.62203739
2026-08-24,1787529600,0.62202348
2026-08-25,1787616000,0.62207887
2026-08-26,1787702400,0.62205328
2026-08-27,1787788800,0.62207841
2026-08-28,1787875200,0.62213584
2026-08-29,1787961600,0.62203411
2026-08-30,1788048000,0.62194489
2026-08-31,1788134400,0.62188828
2026-09-01,1788220800,0.62184514
2026-09-02,1788307200,0.62182957
2026-09-03,1788393600,0.62178043
2026-09-04,1788480000,0.62172095
2026-09-05,1788566400,0.62170854
2026-09-06,1788652800,0.6216817
2026-09-07,1788739200,0.62162929
2026-09-08,1788825600,0.62155484
2026-09-09,1788912000,0.62151927
2026-09-10,1788998400,0.62148948
2026-09-11,1789084800,0.62142674
2026-09-12,1789171200,0.62133327
2026-09-13,1789257600,0.62123409
2026-09-14,1789344000,0.62118601
2026-09-15,1789430400,0.62111918
2026-09-16,1789516800,0.62114715
2026-09-17,1789603200,0.6211767
2026-09-18,1789689600,0.62113311
2026-09-19,1789776000,0.62106626
2026-09-20,1789862400,0.62097042
