date,nasdaq,dxy,bono10y,vix,tipo_fed
2011-01-01,,,,,0.13
2011-01-02,,,,,0.13
2011-01-03,2691.52,89.9524,3.36,17.61,0.19
2011-01-04,2681.25,90.3277,3.36,17.38,0.18
2011-01-05,2702.2,90.5715,3.5,17.02,0.18
2011-01-06,2709.89,90.9125,3.44,17.4,0.17
2011-01-07,2703.17,91.0001,3.34,17.14,0.17
2011-01-08,,,,,0.17
2011-01-09,,,,,0.17
2011-01-10,2707.8,91.03,3.32,17.54,0.17
2011-01-11,2716.83,90.8431,3.37,16.89,0.17
2011-01-12,2737.33,90.4111,3.4,16.24,0.16
2011-01-13,2735.29,89.9019,3.34,16.39,0.16
2011-01-14,2755.3,90.0461,3.35,15.46,0.16
2011-01-15,,,,,0.16
2011-01-16,,,,,0.16
2011-01-17,,,,,0.16
2011-01-18,2765.85,89.821,3.39,15.87,0.19
2011-01-19,2725.36,89.6948,3.37,17.31,0.18
2011-01-20,2704.29,90.1316,3.47,17.99,0.18
2011-01-21,2689.54,89.7204,3.44,18.47,0.17
2011-01-22,,,,,0.17
2011-01-23,,,,,0.17
2011-01-24,2717.55,89.5375,3.43,17.65,0.18
2011-01-25,2719.25,89.7279,3.35,17.59,0.17
2011-01-26,2739.5,89.5091,3.45,16.64,0.17
2011-01-27,2755.28,89.5728,3.42,16.15,0.17
2011-01-28,2686.89,89.8189,3.36,20.04,0.17
2011-01-29,,,,,0.17
2011-01-30,,,,,0.17
2011-01-31,2700.08,89.694,3.42,19.53,0.17
2011-02-01,2751.19,89.1436,3.48,17.63,0.18
2011-02-02,2749.56,89.0737,3.52,17.3,0.18
2011-02-03,2753.88,89.2522,3.58,16.69,0.17
2011-02-04,2769.3,89.391,3.68,15.93,0.17
2011-02-05,,,,,0.17
2011-02-06,,,,,0.17
2011-02-07,2783.99,89.3556,3.68,16.28,0.17
2011-02-08,2797.05,89.1241,3.75,15.81,0.16
2011-02-09,2789.07,89.4166,3.65,15.87,0.15
2011-02-10,2790.45,89.6266,3.7,16.09,0.15
2011-02-11,2809.44,89.8784,3.64,15.69,0.15
2011-02-12,,,,,0.15
2011-02-13,,,,,0.15
2011-02-14,2817.18,89.8543,3.62,15.95,0.15
2011-02-15,2804.35,89.8871,3.61,16.37,0.16
2011-02-16,2825.56,89.7059,3.62,16.72,0.15
2011-02-17,2831.58,89.4102,3.58,16.59,0.15
2011-02-18,2833.95,89.1974,3.59,16.43,0.15
2011-02-19,,,,,0.15
2011-02-20,,,,,0.15
2011-02-21,,,,,0.15
2011-02-22,2756.42,89.4617,3.46,20.8,0.15
2011-02-23,2722.99,89.4186,3.49,22.13,0.15
2011-02-24,2737.9,89.2346,3.46,21.32,0.15
2011-02-25,2781.05,89.1664,3.42,19.22,0.15
2011-02-26,,,,,0.15
2011-02-27,,,,,0.15
2011-02-28,2782.27,88.9391,3.42,18.35,0.16
2011-03-01,2737.41,88.831,3.41,21.01,0.15
2011-03-02,2748.07,88.7317,3.46,20.7,0.16
2011-03-03,2798.74,88.637,3.58,18.6,0.15
2011-03-04,2784.67,88.4898,3.49,19.06,0.15
2011-03-05,,,,,0.15
2011-03-06,,,,,0.15
2011-03-07,2745.63,88.5207,3.51,20.66,0.14
2011-03-08,2765.77,88.6454,3.56,19.82,0.14
2011-03-09,2751.72,88.5328,3.48,20.22,0.14
2011-03-10,2701.02,88.8698,3.37,21.88,0.14
2011-03-11,2715.61,88.691,3.4,20.08,0.13
2011-03-12,,,,,0.13
2011-03-13,,,,,0.13
2011-03-14,2700.97,88.5191,3.36,21.13,0.14
2011-03-15,2667.33,88.7845,3.33,24.32,0.14
2011-03-16,2616.82,88.9785,3.22,29.4,0.14
2011-03-17,2636.05,88.6549,3.25,26.37,0.14
2011-03-18,2643.67,88.5221,3.28,24.44,0.15
2011-03-19,,,,,0.15
2011-03-20,,,,,0.15
2011-03-21,2692.09,88.2032,3.34,20.61,0.14
2011-03-22,2683.87,88.0665,3.34,20.21,0.14
2011-03-23,2698.3,88.3328,3.36,19.17,0.14
2011-03-24,2736.42,88.0592,3.42,18.0,0.13
2011-03-25,2743.06,88.1716,3.46,17.91,0.13
2011-03-26,,,,,0.13
2011-03-27,,,,,0.13
2011-03-28,2730.68,88.3058,3.47,19.44,0.13
2011-03-29,2756.89,88.3991,3.5,18.16,0.13
2011-03-30,2776.79,88.2298,3.47,17.71,0.13
2011-03-31,2781.07,88.0299,3.47,17.74,0.1
2011-04-01,2789.6,87.7993,3.46,17.4,0.11
2011-04-02,,,,,0.11
2011-04-03,,,,,0.11
2011-04-04,2789.19,87.8406,3.45,17.5,0.09
2011-04-05,2791.19,87.7483,3.5,17.25,0.09
2011-04-06,2799.82,87.4913,3.56,16.9,0.1
2011-04-07,2796.14,87.532,3.58,17.11,0.1
2011-04-08,2780.41,87.1493,3.59,17.87,0.09
2011-04-09,,,,,0.09
2011-04-10,,,,,0.09
2011-04-11,2771.51,87.094,3.59,16.59,0.09
2011-04-12,2744.79,87.2943,3.52,17.09,0.08
2011-04-13,2761.52,87.2093,3.49,16.92,0.08
2011-04-14,2760.22,87.0802,3.51,16.27,0.09
2011-04-15,2764.65,87.005,3.43,15.32,0.12
2011-04-16,,,,,0.12
2011-04-17,,,,,0.12
2011-04-18,2735.38,87.5081,3.4,16.96,0.1
2011-04-19,2744.97,87.0791,3.39,15.83,0.11
2011-04-20,2802.51,86.5642,3.43,15.07,0.1
2011-04-21,2820.16,86.2256,3.42,14.69,0.1
2011-04-22,,86.3742,,,0.1
2011-04-23,,,,,0.1
2011-04-24,,,,,0.1
2011-04-25,2825.88,86.4026,3.39,15.77,0.1
2011-04-26,2847.54,86.2576,3.34,15.62,0.09
2011-04-27,2869.88,86.2519,3.39,15.35,0.09
2011-04-28,2872.53,85.8419,3.34,14.62,0.09
2011-04-29,2873.54,85.5999,3.32,14.75,0.09
2011-04-30,,,,,0.09
2011-05-01,,,,,0.09
2011-05-02,2864.08,85.5199,3.31,15.99,0.09
2011-05-03,2841.62,85.6352,3.28,16.7,0.09
2011-05-04,2828.23,85.8917,3.25,17.08,0.09
2011-05-05,2814.72,86.508,3.18,18.2,0.09
2011-05-06,2827.56,86.4575,3.19,18.4,0.09
2011-05-07,,,,,0.09
2011-05-08,,,,,0.09
2011-05-09,2843.25,86.8346,3.17,17.16,0.09
2011-05-10,2871.89,86.6518,3.23,15.91,0.09
2011-05-11,2845.06,86.7195,3.19,16.95,0.09
2011-05-12,2863.04,87.0767,3.22,16.03,0.09
2011-05-13,2828.47,87.4176,3.18,17.07,0.09
2011-05-14,,,,,0.09
2011-05-15,,,,,0.09
2011-05-16,2782.31,87.3311,3.15,18.24,0.1
2011-05-17,2783.21,87.6307,3.12,17.55,0.09
2011-05-18,2815.0,87.295,3.18,16.23,0.1
2011-05-19,2823.31,87.2638,3.17,15.52,0.09
2011-05-20,2803.32,87.3044,3.15,17.43,0.1
2011-05-21,,,,,0.1
2011-05-22,,,,,0.1
2011-05-23,2758.9,87.8941,3.13,18.27,0.1
2011-05-24,2746.16,87.662,3.12,17.82,0.1
2011-05-25,2761.38,87.6136,3.13,17.07,0.09
2011-05-26,2782.92,87.5588,3.07,16.09,0.09
2011-05-27,2796.86,86.9525,3.07,15.98,0.1
2011-05-28,,,,,0.1
2011-05-29,,,,,0.1
2011-05-30,,,,,0.1
2011-05-31,2835.3,86.656,3.05,15.45,0.1
2011-06-01,2769.19,86.5964,2.96,18.3,0.1
2011-06-02,2773.31,86.8435,3.04,18.09,0.1
2011-06-03,2732.78,86.4234,2.99,17.95,0.11
2011-06-04,,,,,0.11
2011-06-05,,,,,0.11
2011-06-06,2702.56,86.4669,3.01,18.49,0.1
2011-06-07,2701.56,86.3627,3.01,18.07,0.09
2011-06-08,2675.38,86.5714,2.98,18.79,0.09
2011-06-09,2684.87,86.5913,3.01,17.77,0.09
2011-06-10,2643.73,87.042,2.99,18.86,0.09
2011-06-11,,,,,0.09
2011-06-12,,,,,0.09
2011-06-13,2639.69,87.0579,3.0,19.61,0.1
2011-06-14,2678.72,86.6771,3.11,18.26,0.1
2011-06-15,2631.46,87.3342,2.98,21.32,0.1
2011-06-16,2623.7,87.6917,2.93,22.73,0.1
2011-06-17,2616.48,87.2179,2.94,21.85,0.1
2011-06-18,,,,,0.1
2011-06-19,,,,,0.1
2011-06-20,2629.66,87.1908,2.97,19.99,0.09
2011-06-21,2687.26,86.857,2.99,18.86,0.09
2011-06-22,2669.19,86.8067,3.01,18.52,0.09
2011-06-23,2686.75,87.455,2.93,19.29,0.08
2011-06-24,2652.89,87.5014,2.88,21.1,0.08
2011-06-25,,,,,0.08
2011-06-26,,,,,0.08
2011-06-27,2688.28,87.5225,2.95,20.56,0.08
2011-06-28,2729.31,87.2178,3.05,19.17,0.08
2011-06-29,2740.49,86.8014,3.14,17.27,0.07
2011-06-30,2773.52,86.4786,3.18,16.52,0.07
2011-07-01,2816.03,86.3613,3.22,15.87,0.08
2011-07-02,,,,,0.08
2011-07-03,,,,,0.08
2011-07-04,,,,,0.08
2011-07-05,2825.77,86.4253,3.16,16.06,0.08
2011-07-06,2834.02,86.6825,3.12,16.34,0.07
2011-07-07,2872.66,86.4825,3.17,15.95,0.07
2011-07-08,2859.81,86.615,3.03,15.95,0.07
2011-07-09,,,,,0.07
2011-07-10,,,,,0.07
2011-07-11,2802.62,87.1013,2.94,18.39,0.07
2011-07-12,2781.91,87.1701,2.92,19.87,0.06
2011-07-13,2796.92,86.5697,2.92,19.91,0.06
2011-07-14,2762.67,86.5234,2.98,20.8,0.06
2011-07-15,2789.8,86.5169,2.94,19.53,0.06
2011-07-16,,,,,0.06
2011-07-17,,,,,0.06
2011-07-18,2765.11,86.9549,2.94,20.95,0.06
2011-07-19,2826.52,86.4386,2.91,19.21,0.06
2011-07-20,2814.23,86.2794,2.96,19.09,0.06
2011-07-21,2834.43,85.8378,3.03,17.56,0.06
2011-07-22,2858.83,85.8623,2.99,17.52,0.06
2011-07-23,,,,,0.06
2011-07-24,,,,,0.06
2011-07-25,2842.8,85.8006,3.03,19.35,0.06
2011-07-26,2839.96,85.4692,2.99,20.23,0.06
2011-07-27,2764.79,85.7126,3.01,22.98,0.07
2011-07-28,2766.25,85.8245,2.98,23.74,0.08
2011-07-29,2756.38,85.7282,2.82,25.25,0.11
2011-07-30,,,,,0.11
2011-07-31,,,,,0.11
2011-08-01,2744.61,86.0391,2.77,23.66,0.17
2011-08-02,2669.24,86.0533,2.66,24.79,0.16
2011-08-03,2693.07,86.0706,2.64,23.38,0.12
2011-08-04,2556.39,86.9299,2.47,31.66,0.09
2011-08-05,2532.41,87.1084,2.58,32.0,0.08
2011-08-06,,,,,0.08
2011-08-07,,,,,0.08
2011-08-08,2357.69,87.1873,2.4,48.0,0.11
2011-08-09,2482.52,87.3919,2.2,35.06,0.1
2011-08-10,2381.05,87.3792,2.17,42.99,0.1
2011-08-11,2492.68,87.3215,2.34,39.0,0.09
2011-08-12,2507.98,87.177,2.24,36.36,0.1
2011-08-13,,,,,0.1
2011-08-14,,,,,0.1
2011-08-15,2555.2,86.7515,2.29,31.87,0.1
2011-08-16,2523.45,86.7115,2.23,32.85,0.09
2011-08-17,2511.48,86.5518,2.17,31.58,0.09
2011-08-18,2380.43,87.1271,2.08,42.67,0.09
2011-08-19,2341.84,86.8286,2.07,43.05,0.09
2011-08-20,,,,,0.09
2011-08-21,,,,,0.09
2011-08-22,2345.38,87.0753,2.1,42.44,0.09
2011-08-23,2446.06,86.9001,2.15,36.27,0.08
2011-08-24,2467.69,87.1316,2.29,35.9,0.08
2011-08-25,2419.63,87.2306,2.23,39.76,0.08
2011-08-26,2479.85,87.0751,2.19,35.59,0.09
2011-08-27,,,,,0.09
2011-08-28,,,,,0.09
2011-08-29,2562.11,86.8433,2.28,32.28,0.09
2011-08-30,2576.11,87.001,2.19,32.89,0.08
2011-08-31,2579.46,86.7739,2.23,31.62,0.08
2011-09-01,2546.04,86.8512,2.15,31.82,0.08
2011-09-02,2480.33,87.1797,2.02,33.92,0.08
2011-09-03,,,,,0.08
2011-09-04,,,,,0.08
2011-09-05,,,,,0.08
2011-09-06,2473.83,88.1645,1.98,37.0,0.09
2011-09-07,2548.94,87.9699,2.05,33.38,0.09
2011-09-08,2529.14,88.1162,2.0,34.32,0.09
2011-09-09,2467.99,88.9514,1.93,38.52,0.09
2011-09-10,,,,,0.09
2011-09-11,,,,,0.09
2011-09-12,2495.09,89.2192,1.94,38.59,0.09
2011-09-13,2532.15,89.2653,2.0,36.91,0.09
2011-09-14,2572.55,89.419,2.03,34.6,0.08
2011-09-15,2607.07,89.0647,2.09,31.97,0.09
2011-09-16,2622.31,89.1108,2.08,30.98,0.09
2011-09-17,,,,,0.09
2011-09-18,,,,,0.09
2011-09-19,2612.83,89.9336,1.97,32.73,0.09
2011-09-20,2590.24,89.8777,1.95,32.86,0.09
2011-09-21,2538.19,90.3453,1.88,37.32,0.08
2011-09-22,2455.67,92.075,1.72,41.35,0.08
2011-09-23,2483.23,91.6904,1.84,41.25,0.08
2011-09-24,,,,,0.08
2011-09-25,,,,,0.08
2011-09-26,2516.69,91.7724,1.91,39.02,0.08
2011-09-27,2546.83,90.8985,2.0,37.71,0.08
2011-09-28,2491.58,91.0227,2.03,41.08,0.08
2011-09-29,2480.76,91.3033,1.99,38.84,0.08
2011-09-30,2415.4,91.9998,1.92,42.96,0.06
2011-10-01,,,,,0.06
2011-10-02,,,,,0.06
2011-10-03,2335.83,92.5128,1.8,45.45,0.08
2011-10-04,2404.82,92.9508,1.81,40.82,0.07
2011-10-05,2460.51,92.3008,1.92,37.81,0.07
2011-10-06,2506.82,91.9661,2.01,36.27,0.07
2011-10-07,2479.35,91.2469,2.1,36.2,0.07
2011-10-08,,,,,0.07
2011-10-09,,,,,0.07
2011-10-10,2566.05,,,33.02,0.07
2011-10-11,2583.03,90.9162,2.18,32.86,0.07
2011-10-12,2604.73,90.3378,2.24,31.26,0.07
2011-10-13,2620.24,90.6603,2.19,30.7,0.07
2011-10-14,2667.85,90.2116,2.26,28.24,0.07
2011-10-15,,,,,0.07
2011-10-16,,,,,0.07
2011-10-17,2614.92,90.266,2.18,33.39,0.07
2011-10-18,2657.43,90.5907,2.19,31.56,0.07
2011-10-19,2604.04,90.3317,2.18,34.44,0.07
2011-10-20,2598.62,91.1026,2.2,34.78,0.07
2011-10-21,2637.46,90.279,2.23,31.32,0.07
2011-10-22,,,,,0.07
2011-10-23,,,,,0.07
2011-10-24,2699.44,89.8558,2.25,29.26,0.07
2011-10-25,2638.42,89.9525,2.14,32.22,0.07
2011-10-26,2650.67,90.0836,2.23,29.86,0.08
2011-10-27,2738.63,88.7882,2.42,25.46,0.07
2011-10-28,2737.15,88.6382,2.34,24.53,0.07
2011-10-29,,,,,0.07
2011-10-30,,,,,0.07
2011-10-31,2684.41,89.2053,2.17,29.96,0.09
2011-11-01,2606.96,90.7296,2.01,34.77,0.08
2011-11-02,2639.98,90.244,2.03,32.74,0.08
2011-11-03,2697.97,90.2961,2.09,30.5,0.09
2011-11-04,2686.15,90.3154,2.06,30.16,0.08
2011-11-05,,,,,0.08
2011-11-06,,,,,0.08
2011-11-07,2695.25,90.3832,2.04,29.85,0.08
2011-11-08,2727.49,90.172,2.1,27.48,0.08
2011-11-09,2621.65,90.6991,2.0,36.16,0.08
2011-11-10,2625.15,90.8588,2.04,32.81,0.08
2011-11-11,2678.75,,,30.04,0.08
2011-11-12,,,,,0.08
2011-11-13,,,,,0.08
2011-11-14,2657.22,90.7215,2.04,31.13,0.08
2011-11-15,2686.2,91.1081,2.06,31.22,0.09
2011-11-16,2639.61,91.1237,2.01,33.51,0.08
2011-11-17,2587.99,91.1822,1.96,34.51,0.08
2011-11-18,2572.5,91.3676,2.01,32.0,0.08
2011-11-19,,,,,0.08
2011-11-20,,,,,0.08
2011-11-21,2523.14,91.9978,1.97,32.91,0.08
2011-11-22,2521.28,92.0193,1.94,31.97,0.08
2011-11-23,2460.08,92.7463,1.89,33.98,0.09
2011-11-24,,,,,0.09
2011-11-25,2441.51,93.1455,1.97,34.47,0.07
2011-11-26,,,,,0.07
2011-11-27,,,,,0.07
2011-11-28,2527.34,92.4983,1.97,32.13,0.08
2011-11-29,2515.51,92.2163,2.0,30.64,0.08
2011-11-30,2620.34,91.4728,2.08,27.8,0.1
2011-12-01,2626.2,91.227,2.11,27.41,0.08
2011-12-02,2626.93,91.3532,2.05,27.52,0.08
2011-12-03,,,,,0.08
2011-12-04,,,,,0.08
2011-12-05,2655.76,91.1087,2.04,27.84,0.08
2011-12-06,2649.56,91.2817,2.08,28.13,0.08
2011-12-07,2649.21,91.2331,2.02,28.67,0.08
2011-12-08,2596.38,91.668,1.99,30.59,0.07
2011-12-09,2646.85,91.6122,2.07,26.38,0.07
2011-12-10,,,,,0.07
2011-12-11,,,,,0.07
2011-12-12,2612.26,92.3375,2.03,25.67,0.07
2011-12-13,2579.27,92.5456,1.96,25.41,0.07
2011-12-14,2539.31,93.2176,1.92,26.04,0.07
2011-12-15,2541.01,92.8858,1.92,25.11,0.07
2011-12-16,2555.33,92.8252,1.86,24.29,0.07
2011-12-17,,,,,0.07
2011-12-18,,,,,0.07
2011-12-19,2523.14,92.8685,1.82,24.92,0.07
2011-12-20,2603.73,92.432,1.94,23.22,0.07
2011-12-21,2577.97,92.5262,1.98,21.43,0.07
2011-12-22,2599.45,92.3883,1.97,21.16,0.07
2011-12-23,2618.64,92.3897,2.03,20.73,0.08
2011-12-24,,,,,0.08
2011-12-25,,,,,0.08
2011-12-26,,,,,0.08
2011-12-27,2625.2,92.4137,2.02,21.91,0.07
2011-12-28,2589.98,92.8374,1.93,23.52,0.07
2011-12-29,2613.74,92.7398,1.91,22.65,0.07
2011-12-30,2605.15,92.4262,1.89,23.4,0.04
2011-12-31,,,,,0.04
2012-01-01,,,,,0.04
2012-01-02,,,,,0.04
2012-01-03,2648.72,91.7551,1.97,22.97,0.07
2012-01-04,2648.36,92.0345,2.0,22.22,0.07
2012-01-05,2669.86,92.5773,2.02,21.48,0.07
2012-01-06,2674.22,92.7183,1.98,20.63,0.07
2012-01-07,,,,,0.07
2012-01-08,,,,,0.07
2012-01-09,2676.56,92.7418,1.98,21.07,0.08
2012-01-10,2702.5,92.2461,2.0,20.69,0.08
2012-01-11,2710.76,92.554,1.93,21.05,0.08
2012-01-12,2724.7,92.2274,1.94,20.47,0.08
2012-01-13,2710.67,92.5385,1.89,20.91,0.09
2012-01-14,,,,,0.09
2012-01-15,,,,,0.09
2012-01-16,,,,,0.09
2012-01-17,2728.08,92.0142,1.87,22.2,0.09
2012-01-18,2769.71,91.6943,1.92,20.89,0.09
2012-01-19,2788.33,91.3316,2.01,19.87,0.1
2012-01-20,2786.7,91.3661,2.05,18.28,0.09
2012-01-21,,,,,0.09
2012-01-22,,,,,0.09
2012-01-23,2784.17,90.986,2.09,18.67,0.09
2012-01-24,2786.64,91.181,2.08,18.91,0.09
2012-01-25,2818.31,91.277,2.01,18.31,0.08
2012-01-26,2805.28,90.3962,1.96,18.57,0.08
2012-01-27,2816.55,90.2559,1.93,18.53,0.09
2012-01-28,,,,,0.09
2012-01-29,,,,,0.09
2012-01-30,2811.94,90.4762,1.87,19.4,0.09
2012-01-31,2813.84,90.5538,1.83,19.44,0.11
2012-02-01,2848.27,90.0963,1.87,18.55,0.11
2012-02-02,2859.68,89.8765,1.86,17.98,0.11
2012-02-03,2905.66,89.8491,1.97,17.1,0.11
2012-02-04,,,,,0.11
2012-02-05,,,,,0.11
2012-02-06,2901.99,89.7907,1.93,17.76,0.11
2012-02-07,2904.08,89.5968,2.0,17.65,0.11
2012-02-08,2915.86,89.6555,2.01,18.16,0.11
2012-02-09,2927.23,89.6246,2.04,18.63,0.11
2012-02-10,2903.88,90.1024,1.96,20.79,0.12
2012-02-11,,,,,0.12
2012-02-12,,,,,0.12
2012-02-13,2931.39,89.8895,1.99,19.04,0.12
2012-02-14,2931.83,90.1919,1.92,19.54,0.12
2012-02-15,2915.83,90.1932,1.93,21.14,0.12
2012-02-16,2959.85,90.3109,1.99,19.22,0.11
2012-02-17,2951.78,90.23,2.01,17.78,0.09
2012-02-18,,,,,0.09
2012-02-19,,,,,0.09
2012-02-20,,,,,0.09
2012-02-21,2948.57,90.0117,2.05,18.19,0.1
2012-02-22,2933.17,90.2472,2.01,18.19,0.08
2012-02-23,2956.98,90.1108,1.99,16.8,0.08
2012-02-24,2963.75,89.9104,1.98,17.31,0.09
2012-02-25,,,,,0.09
2012-02-26,,,,,0.09
2012-02-27,2966.16,89.9635,1.92,18.19,0.1
2012-02-28,2986.76,89.8103,1.94,17.96,0.1
2012-02-29,2966.89,89.7487,1.98,18.43,0.1
2012-03-01,2988.97,89.7817,2.03,17.26,0.11
2012-03-02,2976.19,90.135,1.99,17.29,0.11
2012-03-03,,,,,0.11
2012-03-04,,,,,0.11
2012-03-05,2950.48,90.2748,2.0,18.05,0.11
2012-03-06,2910.32,90.8237,1.96,20.87,0.11
2012-03-07,2935.69,90.6837,1.98,19.07,0.11
2012-03-08,2970.42,90.2598,2.03,17.95,0.11
2012-03-09,2988.34,90.4341,2.04,17.11,0.12
2012-03-10,,,,,0.12
2012-03-11,,,,,0.12
2012-03-12,2983.66,90.6643,2.04,15.64,0.12
2012-03-13,3039.88,90.5363,2.14,14.8,0.12
2012-03-14,3040.73,90.9325,2.29,15.31,0.13
2012-03-15,3056.37,90.7866,2.29,15.42,0.14
2012-03-16,3055.26,90.5245,2.31,14.47,0.15
2012-03-17,,,,,0.15
2012-03-18,,,,,0.15
2012-03-19,3078.32,90.292,2.39,15.04,0.15
2012-03-20,3074.15,90.6065,2.38,15.58,0.15
2012-03-21,3075.32,90.6761,2.31,15.13,0.15
2012-03-22,3063.32,90.8225,2.29,15.57,0.14
2012-03-23,3067.92,90.6156,2.25,14.82,0.14
2012-03-24,,,,,0.14
2012-03-25,,,,,0.14
2012-03-26,3122.57,90.3266,2.26,14.26,0.14
2012-03-27,3120.35,90.2796,2.2,15.59,0.14
2012-03-28,3104.96,90.603,2.21,15.47,0.13
2012-03-29,3095.36,90.7285,2.18,15.48,0.13
2012-03-30,3091.57,90.4593,2.23,15.5,0.09
2012-03-31,,,,,0.09
2012-04-01,,,,,0.09
2012-04-02,3119.7,90.247,2.22,15.64,0.15
2012-04-03,3113.57,90.1921,2.3,15.66,0.15
2012-04-04,3068.09,90.8284,2.25,16.44,0.15
2012-04-05,3080.5,90.8781,2.19,16.7,0.15
2012-04-06,,90.9375,2.07,,0.12
2012-04-07,,,,,0.12
2012-04-08,,,,,0.12
2012-04-09,3047.08,90.9624,2.06,18.81,0.16
2012-04-10,2991.22,91.2728,2.01,20.39,0.15
2012-04-11,3016.46,91.1768,2.05,20.02,0.16
2012-04-12,3055.55,90.7694,2.08,17.2,0.15
2012-04-13,3011.33,91.0558,2.02,19.55,0.15
2012-04-14,,,,,0.15
2012-04-15,,,,,0.15
2012-04-16,2988.4,91.2355,2.0,19.55,0.15
2012-04-17,3042.82,90.7661,2.03,18.46,0.16
2012-04-18,3031.45,90.9326,2.0,18.64,0.15
2012-04-19,3007.56,91.0833,1.98,18.36,0.13
2012-04-20,3000.45,90.8066,1.99,17.44,0.12
2012-04-21,,,,,0.12
2012-04-22,,,,,0.12
2012-04-23,2970.45,91.079,1.96,18.97,0.13
2012-04-24,2961.6,90.8153,2.0,18.1,0.14
2012-04-25,3029.63,90.756,2.01,16.82,0.15
2012-04-26,3050.61,90.6428,1.98,16.24,0.14
2012-04-27,3069.2,90.3269,1.96,16.32,0.13
2012-04-28,,,,,0.13
2012-04-29,,,,,0.13
2012-04-30,3046.36,90.3634,1.95,17.15,0.16
2012-05-01,3050.44,90.3227,1.98,16.6,0.16
2012-05-02,3059.85,90.6144,1.96,16.88,0.15
2012-05-03,3024.3,90.6839,1.96,17.56,0.15
2012-05-04,2956.34,91.0497,1.91,19.16,0.16
2012-05-05,,,,,0.16
2012-05-06,,,,,0.16
2012-05-07,2957.76,91.0747,1.92,18.94,0.16
2012-05-08,2946.27,91.4107,1.88,19.05,0.16
2012-05-09,2934.71,91.7632,1.87,20.08,0.15
2012-05-10,2933.64,91.7077,1.89,18.83,0.15
2012-05-11,2933.82,91.7306,1.84,19.89,0.15
2012-05-12,,,,,0.15
2012-05-13,,,,,0.15
2012-05-14,2902.58,92.2491,1.78,21.87,0.16
2012-05-15,2893.76,92.5235,1.76,21.97,0.16
2012-05-16,2874.04,92.903,1.76,22.27,0.16
2012-05-17,2813.69,92.9632,1.7,24.49,0.16
2012-05-18,2778.79,93.1395,1.71,25.1,0.16
2012-05-19,,,,,0.16
2012-05-20,,,,,0.16
2012-05-21,2847.21,93.0945,1.75,22.01,0.16
2012-05-22,2839.08,93.1113,1.79,22.48,0.16
2012-05-23,2850.12,93.8855,1.73,22.33,0.15
2012-05-24,2839.38,93.8027,1.77,21.54,0.15
2012-05-25,2837.53,93.9488,1.75,21.76,0.15
2012-05-26,,,,,0.15
2012-05-27,,,,,0.15
2012-05-28,,,,,0.15
2012-05-29,2870.99,93.875,1.74,21.03,0.16
2012-05-30,2837.36,94.302,1.63,24.14,0.16
2012-05-31,2827.34,94.6856,1.59,24.06,0.16
2012-06-01,2747.48,94.6979,1.47,26.66,0.16
2012-06-02,,,,,0.16
2012-06-03,,,,,0.16
2012-06-04,2760.01,94.5184,1.53,26.12,0.17
2012-06-05,2778.11,94.6184,1.57,24.68,0.17
2012-06-06,2844.72,94.0362,1.66,22.16,0.16
2012-06-07,2831.02,93.774,1.66,21.72,0.16
2012-06-08,2858.42,94.2024,1.65,21.23,0.17
2012-06-09,,,,,0.17
2012-06-10,,,,,0.17
2012-06-11,2809.73,94.0369,1.6,23.56,0.17
2012-06-12,2843.07,94.0693,1.67,22.09,0.16
2012-06-13,2818.61,93.8309,1.61,24.27,0.17
2012-06-14,2836.33,93.8152,1.64,21.68,0.17
2012-06-15,2872.8,93.5203,1.6,21.11,0.18
2012-06-16,,,,,0.18
2012-06-17,,,,,0.18
2012-06-18,2895.33,93.6431,1.59,18.32,0.17
2012-06-19,2929.76,93.0524,1.64,18.38,0.17
2012-06-20,2930.45,93.1602,1.65,17.24,0.16
2012-06-21,2859.09,93.6378,1.63,20.08,0.17
2012-06-22,2892.42,93.9205,1.69,18.11,0.17
2012-06-23,,,,,0.17
2012-06-24,,,,,0.17
2012-06-25,2836.17,94.1757,1.63,20.38,0.17
2012-06-26,2854.06,93.9859,1.66,19.72,0.16
2012-06-27,2875.32,93.8728,1.65,19.45,0.15
2012-06-28,2849.49,94.0203,1.6,19.71,0.15
2012-06-29,2935.06,92.9096,1.67,17.08,0.09
2012-06-30,,,,,0.09
2012-07-01,,,,,0.09
2012-07-02,2951.24,92.951,1.61,16.8,0.18
2012-07-03,2976.09,92.6508,1.65,16.66,0.17
2012-07-04,,,,,0.17
2012-07-05,2976.12,93.2211,1.62,17.5,0.17
2012-07-06,2937.33,93.7087,1.57,17.1,0.17
2012-07-07,,,,,0.17
2012-07-08,,,,,0.17
2012-07-09,2931.77,93.6974,1.53,17.98,0.17
2012-07-10,2902.34,93.5552,1.53,18.72,0.17
2012-07-11,2887.99,93.5981,1.54,17.95,0.17
2012-07-12,2866.19,93.9298,1.5,18.33,0.18
2012-07-13,2908.47,93.5515,1.52,16.74,0.19
2012-07-14,,,,,0.19
2012-07-15,,,,,0.19
2012-07-16,2896.95,93.3746,1.5,17.11,0.18
2012-07-17,2910.04,93.3479,1.53,16.48,0.17
2012-07-18,2942.61,93.0973,1.52,16.16,0.16
2012-07-19,2965.9,93.0438,1.54,15.45,0.13
2012-07-20,2925.3,93.3653,1.49,16.27,0.13
2012-07-21,,,,,0.13
2012-07-22,,,,,0.13
2012-07-23,2890.16,93.9297,1.47,18.62,0.14
2012-07-24,2863.0,94.2635,1.44,20.47,0.15
2012-07-25,2854.25,94.0564,1.43,19.34,0.15
2012-07-26,2893.25,93.3595,1.45,17.53,0.14
2012-07-27,2958.09,92.9333,1.58,16.7,0.14
2012-07-28,,,,,0.14
2012-07-29,,,,,0.14
2012-07-30,2945.84,93.0524,1.53,18.03,0.14
2012-07-31,2939.52,92.8422,1.51,18.93,0.13
2012-08-01,2920.21,92.8905,1.56,18.96,0.14
2012-08-02,2909.77,93.4269,1.51,17.57,0.14
2012-08-03,2967.9,92.6048,1.6,15.64,0.14
2012-08-04,,,,,0.14
2012-08-05,,,,,0.14
2012-08-06,2989.91,92.4339,1.59,15.95,0.14
2012-08-07,3015.86,92.5128,1.66,15.99,0.13
2012-08-08,3011.25,92.5407,1.68,15.32,0.13
2012-08-09,3018.64,92.6057,1.69,15.28,0.13
2012-08-10,3020.86,92.5129,1.65,14.74,0.13
2012-08-11,,,,,0.13
2012-08-12,,,,,0.13
2012-08-13,3022.52,92.5955,1.65,13.7,0.13
2012-08-14,3016.98,92.6152,1.73,14.85,0.13
2012-08-15,3030.93,92.6838,1.8,14.63,0.13
2012-08-16,3062.39,92.5737,1.83,14.29,0.13
2012-08-17,3076.59,92.711,1.81,13.45,0.13
2012-08-18,,,,,0.13
2012-08-19,,,,,0.13
2012-08-20,3076.21,92.6263,1.82,14.02,0.13
2012-08-21,3067.26,92.3053,1.8,15.02,0.13
2012-08-22,3073.67,92.4362,1.71,15.11,0.13
2012-08-23,3053.4,92.1057,1.68,15.96,0.13
2012-08-24,3069.79,92.2785,1.68,15.18,0.13
2012-08-25,,,,,0.13
2012-08-26,,,,,0.13
2012-08-27,3073.19,92.3135,1.65,16.35,0.13
2012-08-28,3077.14,92.2033,1.64,16.49,0.13
2012-08-29,3081.19,92.3823,1.66,17.06,0.13
2012-08-30,3048.71,92.6239,1.63,17.83,0.14
2012-08-31,3066.96,92.1677,1.57,17.47,0.13
2012-09-01,,,,,0.13
2012-09-02,,,,,0.13
2012-09-03,,,,,0.13
2012-09-04,3075.06,92.1582,1.59,17.98,0.14
2012-09-05,3069.27,92.1262,1.6,17.74,0.16
2012-09-06,3135.81,91.8973,1.68,15.6,0.16
2012-09-07,3136.42,91.3469,1.67,14.38,0.15
2012-09-08,,,,,0.15
2012-09-09,,,,,0.15
2012-09-10,3104.02,91.3102,1.68,16.28,0.15
2012-09-11,3104.53,91.0575,1.7,16.41,0.15
2012-09-12,3114.31,91.0477,1.77,15.8,0.15
2012-09-13,3155.83,90.9632,1.75,14.05,0.15
2012-09-14,3183.95,90.1436,1.88,14.51,0.16
2012-09-15,,,,,0.16
2012-09-16,,,,,0.16
2012-09-17,3178.67,90.2837,1.85,14.59,0.16
2012-09-18,3177.8,90.5029,1.82,14.18,0.16
2012-09-19,3182.62,90.4646,1.79,13.88,0.15
2012-09-20,3175.96,90.7631,1.8,14.07,0.16
2012-09-21,3179.96,90.5342,1.77,13.98,0.15
2012-09-22,,,,,0.15
2012-09-23,,,,,0.15
2012-09-24,3160.78,90.8263,1.74,14.15,0.16
2012-09-25,3117.73,90.6074,1.7,15.43,0.15
2012-09-26,3093.7,91.0028,1.64,16.81,0.15
2012-09-27,3136.6,90.7538,1.66,14.84,0.14
2012-09-28,3116.23,90.8342,1.65,15.73,0.09
2012-09-29,,,,,0.09
2012-09-30,,,,,0.09
2012-10-01,3113.53,90.7011,1.64,16.32,0.15
2012-10-02,3120.04,90.644,1.64,15.71,0.16
2012-10-03,3135.23,90.8726,1.64,15.43,0.16
2012-10-04,3149.46,90.4932,1.7,14.55,0.15
2012-10-05,3136.19,90.2851,1.75,14.33,0.15
2012-10-06,,,,,0.15
2012-10-07,,,,,0.15
2012-10-08,3112.35,,,15.11,0.15
2012-10-09,3065.02,90.8703,1.74,16.37,0.16
2012-10-10,3051.78,90.883,1.72,16.29,0.16
2012-10-11,3049.41,90.7437,1.7,15.59,0.16
2012-10-12,3044.11,90.6833,1.69,16.14,0.16
2012-10-13,,,,,0.16
2012-10-14,,,,,0.16
2012-10-15,3064.18,90.6409,1.7,15.27,0.16
2012-10-16,3101.17,90.5583,1.75,15.22,0.16
2012-10-17,3104.12,90.2309,1.83,15.07,0.15
2012-10-18,3072.87,90.3804,1.86,15.03,0.15
2012-10-19,3005.62,90.8107,1.79,17.06,0.16
2012-10-20,,,,,0.16
2012-10-21,,,,,0.16
2012-10-22,3016.96,90.7911,1.83,16.62,0.15
2012-10-23,2990.46,91.0945,1.79,18.83,0.15
2012-10-24,2981.7,91.1275,1.8,18.33,0.17
2012-10-25,2986.12,91.02,1.86,18.12,0.16
2012-10-26,2987.95,91.1411,1.78,17.81,0.16
2012-10-27,,,,,0.16
2012-10-28,,,,,0.16
2012-10-29,,,1.74,,0.17
2012-10-30,,,,,0.17
2012-10-31,2977.23,91.1609,1.72,18.6,0.18
2012-11-01,3020.06,91.1217,1.75,16.69,0.17
2012-11-02,2982.13,91.281,1.75,17.59,0.16
2012-11-03,,,,,0.16
2012-11-04,,,,,0.16
2012-11-05,2999.66,91.4778,1.72,18.42,0.17
2012-11-06,3011.93,91.2908,1.78,17.58,0.16
2012-11-07,2937.29,91.4514,1.68,19.08,0.16
2012-11-08,2895.58,91.5375,1.62,18.49,0.16
2012-11-09,2904.87,91.6871,1.61,18.61,0.16
2012-11-10,,,,,0.16
2012-11-11,,,,,0.16
2012-11-12,2904.26,,,16.68,0.16
2012-11-13,2883.89,91.7356,1.59,16.65,0.16
2012-11-14,2846.81,91.7942,1.59,17.92,0.16
2012-11-15,2836.94,91.8837,1.58,17.99,0.16
2012-11-16,2853.13,92.0095,1.58,16.41,0.16
2012-11-17,,,,,0.16
2012-11-18,,,,,0.16
2012-11-19,2916.07,91.5653,1.61,15.24,0.16
2012-11-20,2916.68,91.556,1.66,15.08,0.16
2012-11-21,2926.55,91.6645,1.69,15.31,0.16
2012-11-22,,,,,0.16
2012-11-23,2966.85,91.2616,1.7,15.14,0.16
2012-11-24,,,,,0.16
2012-11-25,,,,,0.16
2012-11-26,2976.78,91.2789,1.66,15.5,0.16
2012-11-27,2967.79,91.2608,1.64,15.92,0.16
2012-11-28,2991.78,91.33,1.63,15.51,0.16
2012-11-29,3012.03,91.2104,1.62,15.06,0.16
2012-11-30,3010.24,91.1038,1.62,15.87,0.16
2012-12-01,,,,,0.16
2012-12-02,,,,,0.16
2012-12-03,3002.2,91.0084,1.63,16.64,0.16
2012-12-04,2996.69,90.9748,1.62,17.12,0.17
2012-12-05,2973.7,90.9423,1.6,16.46,0.16
2012-12-06,2989.27,91.0629,1.59,16.58,0.16
2012-12-07,2978.04,91.0437,1.64,15.9,0.16
2012-12-08,,,,,0.16
2012-12-09,,,,,0.16
2012-12-10,2986.96,90.9631,1.63,16.05,0.16
2012-12-11,3022.3,90.8403,1.66,15.57,0.17
2012-12-12,3013.81,90.7708,1.72,15.95,0.17
2012-12-13,2992.16,90.776,1.74,16.56,0.16
2012-12-14,2971.33,90.7156,1.72,17.0,0.17
2012-12-15,,,,,0.17
2012-12-16,,,,,0.17
2012-12-17,3010.6,90.6193,1.78,16.34,0.16
2012-12-18,3054.53,90.5161,1.84,15.57,0.17
2012-12-19,3044.36,90.4896,1.82,17.36,0.17
2012-12-20,3050.39,90.6002,1.81,17.67,0.17
2012-12-21,3021.01,90.9597,1.77,17.84,0.17
2012-12-22,,,,,0.17
2012-12-23,,,,,0.17
2012-12-24,3012.6,91.0354,1.79,17.84,0.18
2012-12-25,,,,,0.18
2012-12-26,2990.16,91.0606,1.77,19.48,0.17
2012-12-27,2985.91,91.1037,1.74,19.47,0.17
2012-12-28,2960.31,91.0419,1.73,22.72,0.17
2012-12-29,,,,,0.17
2012-12-30,,,,,0.17
2012-12-31,3019.51,91.0834,1.78,18.02,0.09
2013-01-01,,,,,0.09
2013-01-02,3112.26,90.6941,1.86,14.68,0.17
2013-01-03,3100.57,90.8097,1.92,14.56,0.17
2013-01-04,3101.66,91.1025,1.93,13.83,0.16
2013-01-05,,,,,0.16
2013-01-06,,,,,0.16
2013-01-07,3098.81,90.9852,1.92,13.79,0.16
2013-01-08,3091.81,91.057,1.89,13.62,0.15
2013-01-09,3105.81,91.0088,1.88,13.81,0.14
2013-01-10,3121.76,90.6425,1.91,13.49,0.14
2013-01-11,3125.63,90.5352,1.89,13.36,0.14
2013-01-12,,,,,0.14
2013-01-13,,,,,0.14
2013-01-14,3117.5,90.4935,1.89,13.52,0.14
2013-01-15,3110.78,90.5191,1.86,13.55,0.15
2013-01-16,3117.54,90.596,1.84,13.42,0.14
2013-01-17,3136.0,90.5401,1.89,13.57,0.14
2013-01-18,3134.71,90.8697,1.87,12.46,0.14
2013-01-19,,,,,0.14
2013-01-20,,,,,0.14
2013-01-21,,,,,0.14
2013-01-22,3143.18,90.7892,1.86,12.43,0.14
2013-01-23,3153.67,90.8376,1.86,12.46,0.13
2013-01-24,3130.38,90.9112,1.88,12.69,0.15
2013-01-25,3149.71,91.0868,1.98,12.89,0.14
2013-01-26,,,,,0.14
2013-01-27,,,,,0.14
2013-01-28,3154.3,91.2354,2.0,13.57,0.14
2013-01-29,3153.66,90.9406,2.03,13.31,0.12
2013-01-30,3142.31,90.8836,2.03,14.32,0.12
2013-01-31,3142.13,90.798,2.02,14.28,0.15
2013-02-01,3179.1,90.6923,2.04,12.9,0.14
2013-02-02,,,,,0.14
2013-02-03,,,,,0.14
2013-02-04,3131.17,90.9774,2.0,14.67,0.13
2013-02-05,3171.58,90.881,2.04,13.72,0.13
2013-02-06,3168.48,91.0176,2.0,13.41,0.13
2013-02-07,3165.13,91.2912,1.99,13.5,0.13
2013-02-08,3193.87,91.3056,1.99,13.02,0.14
2013-02-09,,,,,0.14
2013-02-10,,,,,0.14
2013-02-11,3192.0,91.4451,1.99,12.94,0.14
2013-02-12,3186.49,91.2779,2.02,12.64,0.13
2013-02-13,3196.88,91.2709,2.05,12.98,0.14
2013-02-14,3198.66,91.366,2.0,12.66,0.14
2013-02-15,3192.03,91.4551,2.01,12.46,0.16
2013-02-16,,,,,0.16
2013-02-17,,,,,0.16
2013-02-18,,,,,0.16
2013-02-19,3213.59,91.5073,2.03,12.31,0.15
2013-02-20,3164.41,91.6689,2.02,14.68,0.15
2013-02-21,3131.49,92.0394,1.99,15.22,0.16
2013-02-22,3161.82,92.1197,1.97,14.17,0.16
2013-02-23,,,,,0.16
2013-02-24,,,,,0.16
2013-02-25,3116.25,92.1975,1.88,18.99,0.15
2013-02-26,3129.65,92.4247,1.88,16.87,0.14
2013-02-27,3162.26,92.234,1.91,14.73,0.14
2013-02-28,3160.19,92.295,1.89,15.51,0.14
2013-03-01,3169.74,92.6177,1.86,15.36,0.14
2013-03-02,,,,,0.14
2013-03-03,,,,,0.14
2013-03-04,3182.03,92.6316,1.88,14.01,0.16
2013-03-05,3224.13,92.4965,1.9,13.48,0.15
2013-03-06,3222.37,,1.95,13.53,0.15
2013-03-07,3232.09,92.5462,2.0,13.06,0.16
2013-03-08,3244.37,92.6252,2.06,12.59,0.15
2013-03-09,,,,,0.15
2013-03-10,,,,,0.15
2013-03-11,3252.87,92.5351,2.07,11.56,0.16
2013-03-12,3242.32,92.3853,2.03,12.27,0.15
2013-03-13,3245.12,92.4709,2.04,11.83,0.14
2013-03-14,3258.93,92.4695,2.04,11.3,0.15
2013-03-15,3249.07,92.128,2.01,11.3,0.16
2013-03-16,,,,,0.16
2013-03-17,,,,,0.16
2013-03-18,3237.59,92.3377,1.96,13.36,0.16
2013-03-19,3229.1,92.526,1.92,14.39,0.15
2013-03-20,3254.19,92.4141,1.96,12.67,0.15
2013-03-21,3222.6,92.3322,1.95,13.99,0.16
2013-03-22,3245.0,92.2051,1.93,13.57,0.15
2013-03-23,,,,,0.15
2013-03-24,,,,,0.15
2013-03-25,3235.3,92.3081,1.93,13.74,0.15
2013-03-26,3252.48,92.232,1.92,12.77,0.14
2013-03-27,3256.52,92.446,1.87,13.15,0.12
2013-03-28,3267.52,92.2544,1.87,12.7,0.13
2013-03-29,,92.302,,,0.09
2013-03-30,,,,,0.09
2013-03-31,,,,,0.09
2013-04-01,3239.17,92.1687,1.86,13.58,0.16
2013-04-02,3254.86,92.1432,1.88,12.78,0.15
2013-04-03,3218.6,92.104,1.83,14.21,0.14
2013-04-04,3224.98,92.3896,1.78,13.89,0.14
2013-04-05,3203.86,92.1043,1.72,13.92,0.15
2013-04-06,,,,,0.15
2013-04-07,,,,,0.15
2013-04-08,3222.25,92.2317,1.76,13.19,0.15
2013-04-09,3237.86,91.9669,1.78,12.84,0.15
2013-04-10,3297.25,91.9598,1.84,12.36,0.15
2013-04-11,3300.16,91.6972,1.82,12.24,0.15
2013-04-12,3294.95,91.7967,1.75,12.06,0.15
2013-04-13,,,,,0.15
2013-04-14,,,,,0.15
2013-04-15,3216.49,91.9457,1.72,17.27,0.15
2013-04-16,3264.63,91.8451,1.75,13.96,0.15
2013-04-17,3204.67,92.1372,1.73,16.51,0.15
2013-04-18,3166.36,92.176,1.72,17.56,0.15
2013-04-19,3206.06,92.2166,1.73,14.97,0.15
2013-04-20,,,,,0.15
2013-04-21,,,,,0.15
2013-04-22,3233.55,92.3591,1.72,14.39,0.15
2013-04-23,3269.33,92.3836,1.74,13.48,0.14
2013-04-24,3269.65,92.4581,1.73,13.61,0.13
2013-04-25,3289.99,92.0394,1.74,13.62,0.13
2013-04-26,3279.26,91.9012,1.7,13.61,0.13
2013-04-27,,,,,0.13
2013-04-28,,,,,0.13
2013-04-29,3307.02,91.6539,1.7,13.71,0.13
2013-04-30,3328.79,91.3741,1.7,13.52,0.14
2013-05-01,3299.13,91.4331,1.66,14.49,0.14
2013-05-02,3340.62,91.6174,1.66,13.59,0.15
2013-05-03,3378.63,91.5087,1.78,12.85,0.14
2013-05-04,,,,,0.14
2013-05-05,,,,,0.14
2013-05-06,3392.97,91.6387,1.8,12.66,0.14
2013-05-07,3396.63,91.5201,1.82,12.83,0.12
2013-05-08,3413.27,91.1848,1.81,12.66,0.12
2013-05-09,3409.17,91.3036,1.81,13.13,0.12
2013-05-10,3436.58,92.2527,1.9,12.59,0.12
2013-05-11,,,,,0.12
2013-05-12,,,,,0.12
2013-05-13,3438.79,92.2711,1.92,12.55,0.12
2013-05-14,3462.61,92.3697,1.96,12.77,0.11
2013-05-15,3471.62,92.7691,1.94,12.81,0.12
2013-05-16,3465.24,92.6602,1.87,13.07,0.11
2013-05-17,3498.97,93.1617,1.95,12.45,0.1
2013-05-18,,,,,0.1
2013-05-19,,,,,0.1
2013-05-20,3496.43,93.0359,1.97,13.02,0.1
2013-05-21,3502.12,92.9662,1.94,13.37,0.09
2013-05-22,3463.3,93.3104,2.03,13.82,0.08
2013-05-23,3459.42,93.2113,2.02,14.07,0.08
2013-05-24,3459.14,93.2768,2.01,13.99,0.09
2013-05-25,,,,,0.09
2013-05-26,,,,,0.09
2013-05-27,,,,,0.09
2013-05-28,3488.89,93.5853,2.15,14.48,0.09
2013-05-29,3467.52,93.531,2.13,14.83,0.08
2013-05-30,3491.3,93.4219,2.13,14.53,0.08
2013-05-31,3455.91,93.6076,2.16,16.3,0.09
2013-06-01,,,,,0.09
2013-06-02,,,,,0.09
2013-06-03,3465.37,93.163,2.13,16.28,0.1
2013-06-04,3445.26,93.3067,2.14,16.27,0.11
2013-06-05,3401.48,93.275,2.1,17.5,0.09
2013-06-06,3424.05,92.809,2.08,16.63,0.1
2013-06-07,3469.22,92.6056,2.17,15.14,0.09
2013-06-08,,,,,0.09
2013-06-09,,,,,0.09
2013-06-10,3473.77,92.973,2.22,15.44,0.09
2013-06-11,3436.95,92.7996,2.2,17.07,0.09
2013-06-12,3400.43,92.4775,2.25,18.59,0.08
2013-06-13,3445.37,92.3449,2.19,16.41,0.09
2013-06-14,3423.56,92.1886,2.14,17.15,0.1
2013-06-15,,,,,0.1
2013-06-16,,,,,0.1
2013-06-17,3452.13,92.3332,2.19,16.8,0.11
2013-06-18,3482.18,92.5432,2.2,16.61,0.12
2013-06-19,3443.2,92.4755,2.33,16.64,0.1
2013-06-20,3364.63,94.125,2.41,20.49,0.1
2013-06-21,3357.25,94.4243,2.52,18.9,0.1
2013-06-22,,,,,0.1
2013-06-23,,,,,0.1
2013-06-24,3320.76,94.5714,2.57,20.11,0.1
2013-06-25,3347.89,94.3285,2.6,18.47,0.09
2013-06-26,3376.22,94.3807,2.55,17.21,0.09
2013-06-27,3401.86,94.2429,2.49,16.86,0.09
2013-06-28,3403.25,94.3047,2.52,16.86,0.07
2013-06-29,,,,,0.07
2013-06-30,,,,,0.07
2013-07-01,3434.49,94.0998,2.5,16.37,0.1
2013-07-02,3433.4,94.4051,2.48,16.44,0.1
2013-07-03,3443.67,94.4767,2.52,16.2,0.1
2013-07-04,,,,,0.1
2013-07-05,3479.38,95.0639,2.73,14.89,0.1
2013-07-06,,,,,0.1
2013-07-07,,,,,0.1
2013-07-08,3484.83,94.9954,2.65,14.78,0.1
2013-07-09,3504.26,94.9467,2.65,14.35,0.1
2013-07-10,3520.76,94.7595,2.7,14.21,0.09
2013-07-11,3578.3,93.949,2.6,14.01,0.09
2013-07-12,3600.08,94.0029,2.61,13.84,0.09
2013-07-13,,,,,0.09
2013-07-14,,,,,0.09
2013-07-15,3607.49,93.9729,2.57,13.79,0.09
2013-07-16,3598.5,93.5232,2.55,14.42,0.09
2013-07-17,3610.0,93.5498,2.52,13.78,0.09
2013-07-18,3611.28,93.681,2.56,13.77,0.09
2013-07-19,3587.61,93.4759,2.5,12.54,0.09
2013-07-20,,,,,0.09
2013-07-21,,,,,0.09
2013-07-22,3600.39,93.2253,2.5,12.29,0.09
2013-07-23,3579.27,93.1631,2.53,12.66,0.09
2013-07-24,3579.6,93.3124,2.61,13.18,0.09
2013-07-25,3605.19,93.2862,2.61,12.97,0.09
2013-07-26,3613.16,93.1695,2.58,12.72,0.09
2013-07-27,,,,,0.09
2013-07-28,,,,,0.09
2013-07-29,3599.14,93.1663,2.61,13.39,0.08
2013-07-30,3616.47,93.3976,2.63,13.39,0.09
2013-07-31,3626.37,93.5703,2.6,13.45,0.09
2013-08-01,3675.74,93.7972,2.74,12.94,0.08
2013-08-02,3689.59,93.5789,2.63,11.98,0.09
2013-08-03,,,,,0.09
2013-08-04,,,,,0.09
2013-08-05,3692.95,93.507,2.67,11.84,0.08
2013-08-06,3665.77,93.3199,2.67,12.72,0.09
2013-08-07,3654.01,93.2652,2.61,12.98,0.09
2013-08-08,3669.12,92.8483,2.58,12.73,0.09
2013-08-09,3660.11,92.8394,2.57,13.41,0.08
2013-08-10,,,,,0.08
2013-08-11,,,,,0.08
2013-08-12,3669.95,92.9178,2.61,12.81,0.08
2013-08-13,3684.44,93.476,2.71,12.31,0.08
2013-08-14,3669.27,93.382,2.71,13.04,0.09
2013-08-15,3606.12,93.5059,2.77,14.73,0.08
2013-08-16,3602.78,93.4255,2.84,14.37,0.09
2013-08-17,,,,,0.09
2013-08-18,,,,,0.09
2013-08-19,3589.09,93.6623,2.88,15.1,0.09
2013-08-20,3613.59,93.5536,2.82,14.91,0.09
2013-08-21,3599.79,94.0362,2.87,15.94,0.08
2013-08-22,3638.71,94.2804,2.9,14.76,0.09
2013-08-23,3657.79,93.9466,2.82,13.98,0.08
2013-08-24,,,,,0.08
2013-08-25,,,,,0.08
2013-08-26,3657.57,94.1853,2.79,14.99,0.08
2013-08-27,3578.52,94.3934,2.72,16.77,0.07
2013-08-28,3593.35,94.4127,2.78,16.49,0.07
2013-08-29,3620.3,94.6398,2.75,16.81,0.08
2013-08-30,3589.87,94.7541,2.78,17.01,0.07
2013-08-31,,,,,0.07
2013-09-01,,,,,0.07
2013-09-02,,,,,0.07
2013-09-03,3612.61,94.9574,2.86,16.61,0.09
2013-09-04,3649.04,94.5739,2.9,15.88,0.08
2013-09-05,3658.78,94.8891,2.98,15.77,0.08
2013-09-06,3660.01,94.2487,2.94,15.85,0.08
2013-09-07,,,,,0.08
2013-09-08,,,,,0.08
2013-09-09,3706.18,94.0009,2.9,15.63,0.08
2013-09-10,3729.02,93.938,2.96,14.53,0.08
2013-09-11,3725.01,93.7112,2.93,13.82,0.08
2013-09-12,3715.97,93.5903,2.92,14.29,0.08
2013-09-13,3722.18,93.6666,2.9,14.16,0.08
2013-09-14,,,,,0.08
2013-09-15,,,,,0.08
2013-09-16,3717.85,93.2875,2.88,14.38,0.08
2013-09-17,3745.7,93.2231,2.86,14.53,0.08
2013-09-18,3783.64,93.2569,2.69,13.59,0.08
2013-09-19,3789.38,92.4082,2.76,13.16,0.09
2013-09-20,3774.73,92.6049,2.75,13.12,0.08
2013-09-21,,,,,0.08
2013-09-22,,,,,0.08
2013-09-23,3765.29,92.613,2.72,14.31,0.09
2013-09-24,3768.25,92.7691,2.67,14.08,0.09
2013-09-25,3761.1,92.7675,2.63,14.01,0.08
2013-09-26,3787.43,93.0096,2.66,14.06,0.08
2013-09-27,3781.59,92.9747,2.64,15.46,0.08
2013-09-28,,,,,0.08
2013-09-29,,,,,0.08
2013-09-30,3771.48,92.9207,2.64,16.6,0.06
2013-10-01,3817.98,92.9515,2.66,15.54,0.08
2013-10-02,3815.02,92.772,2.63,16.6,0.07
2013-10-03,3774.34,92.7461,2.62,17.67,0.08
2013-10-04,3807.75,92.6469,2.66,16.74,0.08
2013-10-05,,,,,0.08
2013-10-06,,,,,0.08
2013-10-07,3770.38,92.6725,2.65,19.41,0.08
2013-10-08,3694.83,92.7558,2.66,20.34,0.08
2013-10-09,3677.78,93.0829,2.68,19.6,0.09
2013-10-10,3760.75,92.8579,2.71,16.48,0.09
2013-10-11,3791.87,92.854,2.7,15.72,0.1
2013-10-12,,,,,0.1
2013-10-13,,,,,0.1
2013-10-14,3815.27,,,16.07,0.1
2013-10-15,3794.01,92.7642,2.75,18.66,0.1
2013-10-16,3839.43,92.6819,2.69,14.71,0.11
2013-10-17,3863.15,92.0246,2.61,13.48,0.1
2013-10-18,3914.28,91.9989,2.6,13.04,0.1
2013-10-19,,,,,0.1
2013-10-20,,,,,0.1
2013-10-21,3920.05,92.2498,2.63,13.16,0.09
2013-10-22,3929.57,91.9563,2.54,13.33,0.08
2013-10-23,3907.07,92.0947,2.51,13.42,0.08
2013-10-24,3928.96,92.1867,2.53,13.2,0.08
2013-10-25,3943.36,92.1623,2.53,13.09,0.08
2013-10-26,,,,,0.08
2013-10-27,,,,,0.08
2013-10-28,3940.13,92.1872,2.54,13.31,0.08
2013-10-29,3952.34,92.301,2.53,13.41,0.08
2013-10-30,3930.62,92.3057,2.55,13.65,0.08
2013-10-31,3919.71,92.731,2.57,13.75,0.07
2013-11-01,3922.04,93.155,2.65,13.28,0.08
2013-11-02,,,,,0.08
2013-11-03,,,,,0.08
2013-11-04,3936.59,92.9359,2.63,12.93,0.08
2013-11-05,3939.86,93.2112,2.69,13.27,0.08
2013-11-06,3931.95,93.0943,2.67,12.67,0.08
2013-11-07,3857.33,93.4003,2.63,13.91,0.08
2013-11-08,3919.23,93.6619,2.77,12.9,0.08
2013-11-09,,,,,0.08
2013-11-10,,,,,0.08
2013-11-11,3919.79,,,12.53,0.08
2013-11-12,3919.92,93.7651,2.8,12.82,0.08
2013-11-13,3965.58,93.4848,2.75,12.52,0.08
2013-11-14,3972.74,93.4328,2.69,12.37,0.09
2013-11-15,3985.97,93.2854,2.71,12.19,0.09
2013-11-16,,,,,0.09
2013-11-17,,,,,0.09
2013-11-18,3949.07,92.9824,2.67,13.1,0.09
2013-11-19,3931.55,93.0649,2.71,13.39,0.09
2013-11-20,3921.27,93.2501,2.8,13.4,0.09
2013-11-21,3969.15,93.5638,2.79,12.66,0.09
2013-11-22,3991.65,93.4198,2.75,12.26,0.09
2013-11-23,,,,,0.09
2013-11-24,,,,,0.09
2013-11-25,3994.57,93.5539,2.74,12.79,0.09
2013-11-26,4017.75,93.5226,2.71,12.81,0.09
2013-11-27,4044.75,93.6864,2.74,12.98,0.09
2013-11-28,,,,,0.09
2013-11-29,4059.89,93.6291,2.75,13.7,0.07
2013-11-30,,,,,0.07
2013-12-01,,,,,0.07
2013-12-02,4045.26,93.8856,2.81,14.23,0.09
2013-12-03,4037.2,93.8251,2.79,14.55,0.09
2013-12-04,4038.0,93.8997,2.84,14.7,0.09
2013-12-05,4033.16,93.4954,2.88,15.08,0.09
2013-12-06,4062.52,93.4045,2.88,13.79,0.09
2013-12-07,,,,,0.09
2013-12-08,,,,,0.09
2013-12-09,4068.75,93.1444,2.86,13.49,0.09
2013-12-10,4060.49,,2.81,13.91,0.09
2013-12-11,4003.81,93.0842,2.86,15.42,0.08
2013-12-12,3998.4,93.4292,2.89,15.54,0.09
2013-12-13,4000.98,93.3568,2.88,15.76,0.08
2013-12-14,,,,,0.08
2013-12-15,,,,,0.08
2013-12-16,4029.52,93.2175,2.89,16.03,0.09
2013-12-17,4023.68,93.302,2.85,16.21,0.09
2013-12-18,4070.06,93.4207,2.89,13.8,0.09
2013-12-19,4058.13,93.7368,2.94,14.15,0.09
2013-12-20,4104.74,93.7211,2.89,13.79,0.09
2013-12-21,,,,,0.09
2013-12-22,,,,,0.09
2013-12-23,4148.9,93.572,2.94,13.04,0.09
2013-12-24,4155.42,93.6734,2.99,12.48,0.08
2013-12-25,,,,,0.08
2013-12-26,4167.18,93.766,3.0,12.33,0.08
2013-12-27,4156.59,93.7018,3.02,12.46,0.08
2013-12-28,,,,,0.08
2013-12-29,,,,,0.08
2013-12-30,4154.2,93.4866,2.99,13.56,0.08
2013-12-31,4176.59,93.5576,3.04,13.72,0.07
2014-01-01,,,,,0.07
2014-01-02,4143.07,93.8192,3.0,14.23,0.08
2014-01-03,4131.91,93.853,3.01,13.76,0.08
2014-01-04,,,,,0.08
2014-01-05,,,,,0.08
2014-01-06,4113.68,93.9109,2.98,13.55,0.08
2014-01-07,4153.18,94.0398,2.96,12.92,0.07
2014-01-08,4165.61,94.2181,3.01,12.87,0.07
2014-01-09,4156.19,94.3299,2.97,12.89,0.07
2014-01-10,4174.66,94.0045,2.88,12.14,0.07
2014-01-11,,,,,0.07
2014-01-12,,,,,0.07
2014-01-13,4113.3,93.899,2.84,13.28,0.07
2014-01-14,4183.02,94.0303,2.88,12.28,0.07
2014-01-15,4214.88,94.341,2.9,12.28,0.07
2014-01-16,4218.69,94.5507,2.86,12.53,0.07
2014-01-17,4197.58,94.5846,2.84,12.44,0.07
2014-01-18,,,,,0.07
2014-01-19,,,,,0.07
2014-01-20,,,,,0.07
2014-01-21,4225.76,94.679,2.85,12.87,0.07
2014-01-22,4243.0,94.8479,2.87,12.84,0.07
2014-01-23,4218.87,94.8415,2.79,13.77,0.07
2014-01-24,4128.17,94.8555,2.75,18.14,0.07
2014-01-25,,,,,0.07
2014-01-26,,,,,0.07
2014-01-27,4083.61,94.9059,2.78,17.42,0.07
2014-01-28,4097.96,94.88,2.77,15.8,0.07
2014-01-29,4051.43,94.8621,2.69,17.35,0.07
2014-01-30,4123.13,95.1294,2.72,17.29,0.07
2014-01-31,4103.88,95.1774,2.67,18.41,0.07
2014-02-01,,,,,0.07
2014-02-02,,,,,0.07
2014-02-03,3996.96,95.2469,2.61,21.44,0.07
2014-02-04,4031.52,95.0438,2.64,19.11,0.07
2014-02-05,4011.55,95.0285,2.7,19.95,0.07
2014-02-06,4057.12,94.7177,2.73,17.23,0.07
2014-02-07,4125.86,94.7457,2.71,15.29,0.06
2014-02-08,,,,,0.06
2014-02-09,,,,,0.06
2014-02-10,4148.17,94.7189,2.7,15.26,0.07
2014-02-11,4191.04,94.6377,2.75,14.51,0.06
2014-02-12,4201.29,94.6209,2.8,14.3,0.07
2014-02-13,4240.67,,2.73,14.14,0.06
2014-02-14,4244.03,94.2711,2.75,13.57,0.06
2014-02-15,,,,,0.06
2014-02-16,,,,,0.06
2014-02-17,,,,,0.06
2014-02-18,4272.78,94.1934,2.71,13.87,0.07
2014-02-19,4237.95,94.38,2.73,15.5,0.07
2014-02-20,4267.55,94.6571,2.76,14.79,0.07
2014-02-21,4263.41,,2.73,14.68,0.07
2014-02-22,,,,,0.07
2014-02-23,,,,,0.07
2014-02-24,4292.97,94.4042,2.75,14.23,0.07
2014-02-25,4287.59,94.4735,2.7,13.67,0.07
2014-02-26,4292.06,94.7754,2.67,14.35,0.07
2014-02-27,4318.93,94.6722,2.65,14.04,0.07
2014-02-28,4308.12,94.3879,2.66,14.0,0.06
2014-03-01,,,,,0.06
2014-03-02,,,,,0.06
2014-03-03,4277.3,,2.6,16.0,0.07
2014-03-04,4351.97,94.6568,2.7,14.1,0.07
2014-03-05,4357.97,94.4679,2.7,13.89,0.08
2014-03-06,4352.13,93.9858,2.74,14.21,0.08
2014-03-07,4336.22,94.2532,2.8,14.11,0.08
2014-03-08,,,,,0.08
2014-03-09,,,,,0.08
2014-03-10,4334.45,94.3731,2.79,14.2,0.08
2014-03-11,4307.19,94.387,2.77,14.8,0.08
2014-03-12,4323.33,94.462,2.73,14.47,0.08
2014-03-13,4260.42,94.1872,2.66,16.22,0.08
2014-03-14,4245.4,94.243,2.65,17.82,0.08
2014-03-15,,,,,0.08
2014-03-16,,,,,0.08
2014-03-17,4279.95,,2.7,15.64,0.08
2014-03-18,4333.31,94.2631,2.68,14.52,0.08
2014-03-19,4307.6,94.3752,2.78,15.12,0.08
2014-03-20,4319.29,94.9986,2.79,14.52,0.08
2014-03-21,4276.79,94.8547,2.75,15.0,0.08
2014-03-22,,,,,0.08
2014-03-23,,,,,0.08
2014-03-24,4226.39,94.759,2.74,15.09,0.09
2014-03-25,4234.27,94.6379,2.75,14.02,0.09
2014-03-26,4173.58,94.5281,2.71,14.93,0.08
2014-03-27,4151.23,94.3315,2.69,14.62,0.08
2014-03-28,4155.76,94.3683,2.73,14.41,0.08
2014-03-29,,,,,0.08
2014-03-30,,,,,0.08
2014-03-31,4198.99,94.2432,2.73,13.88,0.06
2014-04-01,4268.04,94.1244,2.77,13.1,0.08
2014-04-02,4276.46,94.3103,2.82,13.09,0.09
2014-04-03,4237.74,94.512,2.8,13.37,0.08
2014-04-04,4127.73,94.2191,2.74,13.96,0.08
2014-04-05,,,,,0.08
2014-04-06,,,,,0.08
2014-04-07,4079.75,94.0881,2.71,15.57,0.09
2014-04-08,4112.99,93.6579,2.69,14.89,0.08
2014-04-09,4183.9,93.6716,2.71,13.82,0.08
2014-04-10,4054.11,93.5123,2.65,15.89,0.08
2014-04-11,3999.73,93.6395,2.63,17.03,0.09
2014-04-12,,,,,0.09
2014-04-13,,,,,0.09
2014-04-14,4022.69,93.8046,2.65,16.11,0.09
2014-04-15,4034.16,93.9486,2.64,15.61,0.1
2014-04-16,4086.23,93.9461,2.65,14.18,0.09
2014-04-17,4095.52,93.8936,2.73,13.36,0.09
2014-04-18,,93.9629,,,0.1
2014-04-19,,,,,0.1
2014-04-20,,,,,0.1
2014-04-21,4121.55,94.0337,2.73,13.25,0.1
2014-04-22,4161.46,94.0802,2.73,13.19,0.1
2014-04-23,4126.97,94.149,2.7,13.27,0.1
2014-04-24,4148.34,94.1294,2.7,13.32,0.1
2014-04-25,4075.56,94.1623,2.68,14.06,0.09
2014-04-26,,,,,0.09
2014-04-27,,,,,0.09
2014-04-28,4074.4,94.1374,2.7,13.97,0.09
2014-04-29,4103.54,94.0295,2.71,13.71,0.1
2014-04-30,4114.56,93.8896,2.67,13.41,0.09
2014-05-01,4127.45,93.8707,2.63,13.25,0.09
2014-05-02,4123.9,93.8182,2.6,12.91,0.09
2014-05-03,,,,,0.09
2014-05-04,,,,,0.09
2014-05-05,4138.06,93.7334,2.63,13.29,0.09
2014-05-06,4080.76,93.4324,2.61,13.8,0.09
2014-05-07,4067.67,93.4337,2.62,13.4,0.08
2014-05-08,4051.5,93.3686,2.61,13.43,0.08
2014-05-09,4071.87,93.6614,2.62,12.92,0.08
2014-05-10,,,,,0.08
2014-05-11,,,,,0.08
2014-05-12,4143.86,93.6537,2.66,12.23,0.08
2014-05-13,4130.17,93.6755,2.61,12.13,0.09
2014-05-14,4100.63,93.5968,2.54,12.17,0.08
2014-05-15,4069.29,93.7065,2.5,13.17,0.09
2014-05-16,4090.59,93.6073,2.52,12.44,0.09
2014-05-17,,,,,0.09
2014-05-18,,,,,0.09
2014-05-19,4125.82,93.502,2.54,12.42,0.09
2014-05-20,4096.89,93.6699,2.52,12.96,0.09
2014-05-21,4131.54,93.7629,2.54,11.91,0.09
2014-05-22,4154.34,93.6944,2.56,12.03,0.09
2014-05-23,4185.81,93.7042,2.54,11.36,0.09
2014-05-24,,,,,0.09
2014-05-25,,,,,0.09
2014-05-26,,,,,0.09
2014-05-27,4237.07,93.8418,2.52,11.51,0.09
2014-05-28,4225.07,93.8793,2.44,11.68,0.09
2014-05-29,4247.95,93.6973,2.45,11.57,0.09
2014-05-30,4242.62,93.7606,2.48,11.4,0.08
2014-05-31,,,,,0.08
2014-06-01,,,,,0.08
2014-06-02,4237.2,94.0006,2.54,11.58,0.09
2014-06-03,4234.08,94.0536,2.6,11.87,0.1
2014-06-04,4251.64,94.1239,2.61,12.08,0.09
2014-06-05,4296.23,93.9732,2.59,11.68,0.09
2014-06-06,4321.4,93.9069,2.6,10.73,0.09
2014-06-07,,,,,0.09
2014-06-08,,,,,0.09
2014-06-09,4336.24,93.9628,2.62,11.15,0.09
2014-06-10,4338.0,94.0638,2.64,10.99,0.09
2014-06-11,4331.93,93.9744,2.65,11.6,0.09
2014-06-12,4297.63,93.8155,2.58,12.56,0.09
2014-06-13,4310.65,93.9168,2.6,12.18,0.1
2014-06-14,,,,,0.1
2014-06-15,,,,,0.1
2014-06-16,4321.11,93.8639,2.61,12.65,0.1
2014-06-17,4337.23,94.0829,2.66,12.06,0.1
2014-06-18,4362.84,94.0525,2.61,10.61,0.1
2014-06-19,4359.33,93.752,2.64,10.62,0.1
2014-06-20,4368.04,93.7591,2.63,10.85,0.1
2014-06-21,,,,,0.1
2014-06-22,,,,,0.1
2014-06-23,4368.68,93.628,2.63,10.98,0.1
2014-06-24,4350.36,93.7093,2.59,12.13,0.1
2014-06-25,4379.76,93.5851,2.57,11.59,0.1
2014-06-26,4379.05,93.5471,2.53,11.63,0.1
2014-06-27,4397.93,93.3983,2.54,11.26,0.1
2014-06-28,,,,,0.1
2014-06-29,,,,,0.1
2014-06-30,4408.18,93.2058,2.53,11.57,0.09
2014-07-01,4458.65,93.1365,2.58,11.15,0.1
2014-07-02,4457.73,93.2478,2.64,10.82,0.1
2014-07-03,4485.93,93.3149,2.65,10.32,0.09
2014-07-04,,,,,0.09
2014-07-05,,,,,0.09
2014-07-06,,,,,0.09
2014-07-07,4451.53,93.3803,2.63,11.33,0.1
2014-07-08,4391.46,93.323,2.58,11.98,0.09
2014-07-09,4419.03,93.228,2.57,11.65,0.09
2014-07-10,4396.2,93.3152,2.55,12.59,0.09
2014-07-11,4415.49,93.4171,2.53,12.08,0.09
2014-07-12,,,,,0.09
2014-07-13,,,,,0.09
2014-07-14,4440.42,93.4101,2.55,11.82,0.09
2014-07-15,4416.39,93.5796,2.56,11.96,0.09
2014-07-16,4425.97,93.5991,2.55,11.0,0.09
2014-07-17,4363.45,93.6586,2.47,14.54,0.09
2014-07-18,4432.15,93.6608,2.5,12.06,0.09
2014-07-19,,,,,0.09
2014-07-20,,,,,0.09
2014-07-21,4424.7,93.6069,2.49,12.81,0.1
2014-07-22,4456.02,93.6306,2.48,12.24,0.09
2014-07-23,4473.7,93.5951,2.48,11.52,0.09
2014-07-24,4472.11,93.6836,2.52,11.84,0.09
2014-07-25,4449.56,93.8294,2.48,12.69,0.09
2014-07-26,,,,,0.09
2014-07-27,,,,,0.09
2014-07-28,4444.91,93.83,2.5,12.56,0.09
2014-07-29,4442.7,94.0443,2.47,13.28,0.09
2014-07-30,4462.9,94.3473,2.57,13.33,0.09
2014-07-31,4369.77,94.4467,2.58,16.95,0.08
2014-08-01,4352.64,94.4754,2.52,17.03,0.09
2014-08-02,,,,,0.09
2014-08-03,,,,,0.09
2014-08-04,4383.89,94.448,2.51,15.12,0.09
2014-08-05,4352.84,94.6754,2.49,16.87,0.09
2014-08-06,4355.05,94.6092,2.49,16.37,0.09
2014-08-07,4334.97,94.6364,2.43,16.66,0.09
2014-08-08,4370.9,94.6027,2.44,15.77,0.09
2014-08-09,,,,,0.09
2014-08-10,,,,,0.09
2014-08-11,4401.33,94.4767,2.44,14.23,0.09
2014-08-12,4389.25,94.5211,2.46,14.13,0.09
2014-08-13,4434.13,94.4681,2.43,12.9,0.09
2014-08-14,4453.0,94.3508,2.4,12.42,0.09
2014-08-15,4464.93,94.2941,2.34,13.15,0.09
2014-08-16,,,,,0.09
2014-08-17,,,,,0.09
2014-08-18,4508.31,94.2519,2.39,12.32,0.09
2014-08-19,4527.51,94.4356,2.4,12.21,0.09
2014-08-20,4526.48,94.5937,2.43,11.78,0.09
2014-08-21,4532.1,94.673,2.41,11.76,0.09
2014-08-22,4538.55,94.8012,2.4,11.47,0.09
2014-08-23,,,,,0.09
2014-08-24,,,,,0.09
2014-08-25,4557.35,94.9159,2.39,11.7,0.09
2014-08-26,4570.64,94.8617,2.39,11.63,0.09
2014-08-27,4569.62,94.6863,2.37,11.78,0.09
2014-08-28,4557.69,94.6947,2.34,12.05,0.09
2014-08-29,4580.27,94.7251,2.35,11.98,0.07
2014-08-30,,,,,0.07
2014-08-31,,,,,0.07
2014-09-01,,,,,0.07
2014-09-02,4598.19,95.063,2.42,12.25,0.09
2014-09-03,4572.57,94.8709,2.41,12.36,0.09
2014-09-04,4562.29,95.2641,2.45,12.64,0.09
2014-09-05,4582.9,95.2203,2.46,12.09,0.09
2014-09-06,,,,,0.09
2014-09-07,,,,,0.09
2014-09-08,4592.29,95.4167,2.48,12.66,0.09
2014-09-09,4552.29,95.8811,2.5,13.5,0.09
2014-09-10,4586.52,95.8641,2.54,12.88,0.09
2014-09-11,4591.81,95.9184,2.54,12.8,0.09
2014-09-12,4567.6,96.0748,2.62,13.31,0.09
2014-09-13,,,,,0.09
2014-09-14,,,,,0.09
2014-09-15,4518.9,96.1195,2.6,14.12,0.09
2014-09-16,4552.76,95.8483,2.6,12.73,0.09
2014-09-17,4562.19,95.9106,2.62,12.65,0.09
2014-09-18,4593.43,96.1284,2.63,12.03,0.09
2014-09-19,4579.79,96.3417,2.59,12.11,0.09
2014-09-20,,,,,0.09
2014-09-21,,,,,0.09
2014-09-22,4527.69,96.4625,2.57,13.69,0.09
2014-09-23,4508.69,96.5112,2.54,14.93,0.09
2014-09-24,4555.22,96.6574,2.57,13.27,0.09
2014-09-25,4466.75,96.8988,2.52,15.64,0.09
2014-09-26,4512.19,97.208,2.54,14.85,0.09
2014-09-27,,,,,0.09
2014-09-28,,,,,0.09
2014-09-29,4505.85,97.3523,2.5,15.98,0.08
2014-09-30,4493.39,97.5261,2.52,16.31,0.07
2014-10-01,4422.09,97.5387,2.42,16.71,0.09
2014-10-02,4430.19,97.3062,2.44,16.16,0.09
2014-10-03,4475.62,97.9846,2.45,14.55,0.09
2014-10-04,,,,,0.09
2014-10-05,,,,,0.09
2014-10-06,4454.8,97.5513,2.43,15.46,0.09
2014-10-07,4385.2,97.4459,2.36,17.2,0.09
2014-10-08,4468.59,97.4945,2.35,15.11,0.09
2014-10-09,4378.34,97.1711,2.34,18.76,0.08
2014-10-10,4276.24,97.4144,2.31,21.24,0.09
2014-10-11,,,,,0.09
2014-10-12,,,,,0.09
2014-10-13,4213.66,,,24.64,0.09
2014-10-14,4227.17,97.3943,2.21,22.79,0.09
2014-10-15,4215.32,97.3532,2.15,26.25,0.09
2014-10-16,4217.39,97.2869,2.17,25.2,0.09
2014-10-17,4258.44,97.3067,2.22,21.99,0.09
2014-10-18,,,,,0.09
2014-10-19,,,,,0.09
2014-10-20,4316.07,97.2874,2.2,18.57,0.09
2014-10-21,4419.48,97.2488,2.23,16.08,0.09
2014-10-22,4382.85,97.459,2.25,17.87,0.09
2014-10-23,4452.79,97.6047,2.29,16.53,0.09
2014-10-24,4483.72,97.4772,2.29,16.11,0.09
2014-10-25,,,,,0.09
2014-10-26,,,,,0.09
2014-10-27,4485.93,97.5423,2.27,16.04,0.09
2014-10-28,4564.29,97.2173,2.3,14.39,0.09
2014-10-29,4549.23,97.0145,2.34,15.15,0.09
2014-10-30,4566.14,97.456,2.32,14.52,0.09
2014-10-31,4630.74,98.1163,2.35,14.03,0.07
2014-11-01,,,,,0.07
2014-11-02,,,,,0.07
2014-11-03,4638.91,98.5336,2.36,14.73,0.09
2014-11-04,4623.64,98.5576,2.35,14.89,0.1
2014-11-05,4620.72,98.8086,2.36,14.17,0.09
2014-11-06,4638.47,99.1325,2.39,13.67,0.09
2014-11-07,4632.53,99.0236,2.32,13.12,0.09
2014-11-08,,,,,0.09
2014-11-09,,,,,0.09
2014-11-10,4651.62,98.9305,2.38,12.67,0.09
2014-11-11,4660.56,,,12.92,0.09
2014-11-12,4675.13,98.8897,2.37,13.02,0.09
2014-11-13,4680.14,99.1045,2.35,13.79,0.09
2014-11-14,4688.54,99.0917,2.32,13.31,0.09
2014-11-15,,,,,0.09
2014-11-16,,,,,0.09
2014-11-17,4671.0,99.2188,2.34,13.99,0.1
2014-11-18,4702.44,99.0185,2.32,13.86,0.11
2014-11-19,4675.71,99.2424,2.36,13.96,0.1
2014-11-20,4701.87,99.2554,2.34,13.58,0.1
2014-11-21,4712.97,99.2894,2.31,12.9,0.1
2014-11-22,,,,,0.1
2014-11-23,,,,,0.1
2014-11-24,4754.89,99.4227,2.3,12.62,0.1
2014-11-25,4758.25,99.2837,2.27,12.25,0.1
2014-11-26,4787.32,99.1893,2.24,12.07,0.1
2014-11-27,,,,,0.1
2014-11-28,4791.63,100.0719,2.18,13.33,0.08
2014-11-29,,,,,0.08
2014-11-30,,,,,0.08
2014-12-01,4727.35,99.8964,2.22,14.29,0.13
2014-12-02,4755.81,100.4478,2.28,12.85,0.12
2014-12-03,4774.47,100.5696,2.29,12.47,0.12
2014-12-04,4769.44,100.3931,2.25,12.38,0.12
2014-12-05,4780.76,101.0989,2.31,11.82,0.12
2014-12-06,,,,,0.12
2014-12-07,,,,,0.12
2014-12-08,4740.69,101.31,2.26,14.21,0.12
2014-12-09,4766.47,100.8095,2.22,14.89,0.12
2014-12-10,4684.03,101.0212,2.18,18.53,0.12
2014-12-11,4708.16,101.4448,2.19,20.08,0.12
2014-12-12,4653.6,101.3735,2.1,21.08,0.12
2014-12-13,,,,,0.12
2014-12-14,,,,,0.12
2014-12-15,4605.16,101.674,2.12,20.42,0.11
2014-12-16,4547.83,101.526,2.07,23.57,0.12
2014-12-17,4644.31,101.5527,2.14,19.44,0.13
2014-12-18,4748.4,101.7531,2.22,16.81,0.13
2014-12-19,4765.38,102.0483,2.17,16.49,0.13
2014-12-20,,,,,0.13
2014-12-21,,,,,0.13
2014-12-22,4781.42,101.9942,2.17,15.25,0.13
2014-12-23,4765.42,102.348,2.26,14.8,0.13
2014-12-24,4773.47,102.3028,2.27,14.37,0.13
2014-12-25,,,,,0.13
2014-12-26,4806.86,,2.25,14.5,0.13
2014-12-27,,,,,0.13
2014-12-28,,,,,0.13
2014-12-29,4806.91,102.3767,2.22,15.06,0.13
2014-12-30,4777.44,102.1019,2.2,15.92,0.13
2014-12-31,4736.05,102.2843,2.17,19.2,0.06
2015-01-01,,,,,0.06
2015-01-02,4726.81,102.9027,2.12,17.79,0.12
2015-01-03,,,,,0.12
2015-01-04,,,,,0.12
2015-01-05,4652.57,103.4976,2.04,19.92,0.12
2015-01-06,4592.74,103.2938,1.97,21.12,0.12
2015-01-07,4650.47,103.6316,1.96,19.31,0.12
2015-01-08,4736.19,103.2799,2.03,17.01,0.12
2015-01-09,4704.07,103.1213,1.98,17.55,0.12
2015-01-10,,,,,0.12
2015-01-11,,,,,0.12
2015-01-12,4664.71,103.2372,1.92,19.6,0.12
2015-01-13,4661.5,103.27,1.91,20.56,0.12
2015-01-14,4639.32,103.0903,1.86,21.48,0.12
2015-01-15,4570.82,103.0829,1.77,22.39,0.12
2015-01-16,4634.38,103.2189,1.83,20.95,0.13
2015-01-17,,,,,0.13
2015-01-18,,,,,0.13
2015-01-19,,,,,0.13
2015-01-20,4654.85,103.5233,1.82,19.89,0.12
2015-01-21,4667.42,103.7858,1.87,18.85,0.12
2015-01-22,4750.4,103.9271,1.9,16.4,0.12
2015-01-23,4757.88,104.3676,1.81,16.66,0.12
2015-01-24,,,,,0.12
2015-01-25,,,,,0.12
2015-01-26,4771.76,104.4818,1.83,15.52,0.12
2015-01-27,4681.5,104.1646,1.83,17.22,0.11
2015-01-28,4637.99,104.4737,1.73,20.44,0.12
2015-01-29,4683.41,105.2763,1.77,18.76,0.11
2015-01-30,4635.24,105.5884,1.68,20.97,0.06
2015-01-31,,,,,0.06
2015-02-01,,,,,0.06
2015-02-02,4676.69,105.2058,1.68,19.43,0.12
2015-02-03,4727.74,104.6063,1.79,17.33,0.12
2015-02-04,4716.7,104.785,1.81,18.33,0.11
2015-02-05,4765.1,104.4915,1.83,16.85,0.12
2015-02-06,4744.4,105.1283,1.95,17.29,0.11
2015-02-07,,,,,0.11
2015-02-08,,,,,0.11
2015-02-09,4726.01,104.9889,1.96,18.55,0.12
2015-02-10,4787.64,105.2897,2.01,17.23,0.12
2015-02-11,4801.18,105.7901,2.0,16.96,0.12
2015-02-12,4857.61,104.9385,1.99,15.34,0.12
2015-02-13,4893.84,104.8452,2.02,14.69,0.12
2015-02-14,,,,,0.12
2015-02-15,,,,,0.12
2015-02-16,,,,,0.12
2015-02-17,4899.27,,2.14,15.8,0.12
2015-02-18,4906.36,105.2514,2.07,15.45,0.12
2015-02-19,4924.7,105.1407,2.11,15.29,0.12
2015-02-20,4955.97,105.3387,2.13,14.3,0.12
2015-02-21,,,,,0.12
2015-02-22,,,,,0.12
2015-02-23,4960.97,105.5359,2.06,14.56,0.11
2015-02-24,4968.12,105.5472,1.99,13.69,0.11
2015-02-25,4967.14,105.0503,1.96,13.84,0.11
2015-02-26,4987.89,105.5021,2.03,13.91,0.11
2015-02-27,4963.53,105.5981,2.0,13.34,0.06
2015-02-28,,,,,0.06
2015-03-01,,,,,0.06
2015-03-02,5008.1,105.8151,2.08,13.04,0.12
2015-03-03,4979.9,105.5562,2.12,13.86,0.12
2015-03-04,4967.14,106.1333,2.12,14.23,0.11
2015-03-05,4982.81,,2.11,14.04,0.11
2015-03-06,4927.37,107.4337,2.24,15.2,0.12
2015-03-07,,,,,0.12
2015-03-08,,,,,0.12
2015-03-09,4942.44,107.5199,2.2,15.06,0.12
2015-03-10,4859.79,108.1165,2.14,16.69,0.12
2015-03-11,4849.94,108.5235,2.11,16.87,0.11
2015-03-12,4893.29,108.1741,2.1,15.42,0.11
2015-03-13,4871.76,108.9174,2.13,16.0,0.11
2015-03-14,,,,,0.11
2015-03-15,,,,,0.11
2015-03-16,4929.51,108.6422,2.1,15.61,0.12
2015-03-17,4937.43,108.5805,2.06,15.66,0.12
2015-03-18,4982.83,108.408,1.93,13.97,0.11
2015-03-19,4992.38,108.1826,1.98,14.07,0.12
2015-03-20,5026.42,107.1671,1.93,13.02,0.12
2015-03-21,,,,,0.12
2015-03-22,,,,,0.12
2015-03-23,5010.97,106.5022,1.92,13.41,0.12
2015-03-24,4994.73,106.4401,1.88,13.62,0.11
2015-03-25,4876.52,106.2636,1.93,15.44,0.12
2015-03-26,4863.36,106.5582,2.01,15.8,0.11
2015-03-27,4891.22,106.8916,1.95,15.07,0.12
2015-03-28,,,,,0.12
2015-03-29,,,,,0.12
2015-03-30,4947.44,107.3941,1.96,14.51,0.12
2015-03-31,4900.88,107.4396,1.94,15.29,0.06
2015-04-01,4880.23,107.06,1.87,15.11,0.12
2015-04-02,4886.94,106.6738,1.92,14.67,0.12
2015-04-03,,105.8861,1.85,,0.12
2015-04-04,,,,,0.12
2015-04-05,,,,,0.12
2015-04-06,4917.32,105.7876,1.92,14.74,0.13
2015-04-07,4910.23,106.4488,1.89,14.78,0.12
2015-04-08,4950.82,106.4231,1.92,13.98,0.12
2015-04-09,4974.56,107.0335,1.97,13.09,0.12
2015-04-10,4995.98,107.4526,1.96,12.58,0.12
2015-04-11,,,,,0.12
2015-04-12,,,,,0.12
2015-04-13,4988.25,107.7508,1.94,13.94,0.13
2015-04-14,4977.29,107.0547,1.9,13.67,0.13
2015-04-15,5011.02,107.1855,1.91,12.84,0.13
2015-04-16,5007.79,106.2761,1.9,12.6,0.13
2015-04-17,4931.81,106.329,1.87,13.89,0.13
2015-04-18,,,,,0.13
2015-04-19,,,,,0.13
2015-04-20,4994.6,106.4902,1.9,13.3,0.13
2015-04-21,5014.1,106.5582,1.92,13.25,0.13
2015-04-22,5035.17,106.5815,1.99,12.71,0.13
2015-04-23,5056.06,106.1658,1.96,12.48,0.13
2015-04-24,5092.08,105.905,1.93,12.29,0.13
2015-04-25,,,,,0.13
2015-04-26,,,,,0.13
2015-04-27,5060.25,105.6891,1.94,13.12,0.13
2015-04-28,5055.42,105.1234,2.0,12.41,0.13
2015-04-29,5023.64,104.5634,2.06,13.39,0.13
2015-04-30,4941.42,105.312,2.05,14.55,0.08
2015-05-01,5005.39,105.6382,2.12,12.7,0.13
2015-05-02,,,,,0.13
2015-05-03,,,,,0.13
2015-05-04,5016.93,105.6679,2.16,12.85,0.13
2015-05-05,4939.33,105.2396,2.19,14.31,0.13
2015-05-06,4919.64,104.6935,2.25,15.15,0.13
2015-05-07,4945.54,105.1941,2.18,15.13,0.13
2015-05-08,5003.55,104.8424,2.16,12.86,0.13
2015-05-09,,,,,0.13
2015-05-10,,,,,0.13
2015-05-11,4993.57,105.3075,2.28,13.85,0.13
2015-05-12,4976.19,104.8924,2.28,13.86,0.13
2015-05-13,4981.69,104.3608,2.27,13.76,0.13
2015-05-14,5050.8,104.2359,2.23,12.74,0.13
2015-05-15,5048.29,104.0202,2.14,12.38,0.13
2015-05-16,,,,,0.13
2015-05-17,,,,,0.13
2015-05-18,5078.44,104.6068,2.23,12.73,0.13
2015-05-19,5070.03,105.3448,2.27,12.85,0.12
2015-05-20,5071.74,105.5605,2.26,12.88,0.12
2015-05-21,5090.79,105.3808,2.19,12.11,0.12
2015-05-22,5089.36,105.8487,2.21,12.13,0.13
2015-05-23,,,,,0.13
2015-05-24,,,,,0.13
2015-05-25,,,,,0.13
2015-05-26,5032.75,106.7294,2.14,14.06,0.12
2015-05-27,5106.59,106.908,2.14,13.27,0.12
2015-05-28,5097.98,106.92,2.13,13.31,0.12
2015-05-29,5070.03,106.7388,2.12,13.84,0.08
2015-05-30,,,,,0.08
2015-05-31,,,,,0.08
2015-06-01,5082.93,107.2238,2.19,13.97,0.12
2015-06-02,5076.52,106.4507,2.27,14.24,0.12
2015-06-03,5099.23,106.1443,2.38,13.66,0.13
2015-06-04,5059.12,106.4725,2.31,14.71,0.13
2015-06-05,5068.46,107.1336,2.41,14.21,0.13
2015-06-06,,,,,0.13
2015-06-07,,,,,0.13
2015-06-08,5021.63,106.7693,2.39,15.29,0.13
2015-06-09,5013.87,106.2238,2.42,14.47,0.13
2015-06-10,5076.69,105.8037,2.5,13.22,0.13
2015-06-11,5082.51,106.0934,2.39,12.85,0.13
2015-06-12,5051.1,105.9015,2.39,13.78,0.13
2015-06-13,,,,,0.13
2015-06-14,,,,,0.13
2015-06-15,5029.97,105.9989,2.36,15.39,0.13
2015-06-16,5055.55,106.0473,2.32,14.81,0.14
2015-06-17,5064.88,106.058,2.32,14.5,0.14
2015-06-18,5132.95,105.102,2.35,13.19,0.14
2015-06-19,5117.0,105.4496,2.26,13.96,0.13
2015-06-20,,,,,0.13
2015-06-21,,,,,0.13
2015-06-22,5153.97,105.3846,2.37,12.74,0.13
2015-06-23,5160.09,105.9678,2.42,12.11,0.13
2015-06-24,5122.41,106.2522,2.38,13.26,0.13
2015-06-25,5112.19,106.1515,2.4,14.01,0.13
2015-06-26,5080.51,106.4116,2.49,14.02,0.13
2015-06-27,,,,,0.13
2015-06-28,,,,,0.13
2015-06-29,4958.47,106.3785,2.33,18.85,0.14
2015-06-30,4986.87,106.5191,2.35,18.23,0.08
2015-07-01,5013.12,107.0101,2.43,16.09,0.13
2015-07-02,5009.21,106.9106,2.4,16.79,0.13
2015-07-03,,,,,0.13
2015-07-04,,,,,0.13
2015-07-05,,,,,0.13
2015-07-06,4991.94,107.1343,2.3,17.01,0.13
2015-07-07,4997.46,107.785,2.27,16.09,0.13
2015-07-08,4909.76,107.4734,2.22,19.66,0.13
2015-07-09,4922.4,107.5595,2.32,19.97,0.13
2015-07-10,4997.7,107.213,2.42,16.83,0.13
2015-07-11,,,,,0.13
2015-07-12,,,,,0.13
2015-07-13,5071.51,107.5849,2.44,13.9,0.13
2015-07-14,5104.89,107.4843,2.41,13.37,0.13
2015-07-15,5098.94,108.0149,2.36,13.23,0.13
2015-07-16,5163.18,108.1726,2.36,12.11,0.14
2015-07-17,5210.14,108.5374,2.34,11.95,0.13
2015-07-18,,,,,0.13
2015-07-19,,,,,0.13
2015-07-20,5218.86,108.6944,2.38,12.25,0.14
2015-07-21,5208.12,108.3893,2.35,12.22,0.13
2015-07-22,5171.77,108.7817,2.33,12.12,0.13
2015-07-23,5146.41,108.7565,2.28,12.64,0.13
2015-07-24,5088.63,109.0174,2.27,13.74,0.13
2015-07-25,,,,,0.13
2015-07-26,,,,,0.13
2015-07-27,5039.78,108.6924,2.23,15.6,0.14
2015-07-28,5089.21,108.6881,2.26,13.44,0.14
2015-07-29,5111.73,108.604,2.29,12.5,0.14
2015-07-30,5128.78,109.4328,2.28,12.13,0.14
2015-07-31,5128.28,108.7819,2.2,12.12,0.08
2015-08-01,,,,,0.08
2015-08-02,,,,,0.08
2015-08-03,5115.38,109.214,2.16,12.56,0.14
2015-08-04,5105.55,109.2244,2.23,13.0,0.14
2015-08-05,5139.94,109.842,2.28,12.51,0.14
2015-08-06,5056.44,109.722,2.23,13.77,0.14
2015-08-07,5043.54,109.4376,2.18,13.39,0.14
2015-08-08,,,,,0.14
2015-08-09,,,,,0.14
2015-08-10,5101.8,109.1931,2.24,12.23,0.14
2015-08-11,5036.79,109.9464,2.15,13.71,0.15
2015-08-12,5044.39,109.4655,2.14,13.61,0.15
2015-08-13,5033.56,109.9025,2.19,13.49,0.15
2015-08-14,5048.24,109.9174,2.2,12.83,0.14
2015-08-15,,,,,0.14
2015-08-16,,,,,0.14
2015-08-17,5091.7,110.1435,2.16,13.02,0.15
2015-08-18,5059.35,110.2504,2.2,13.79,0.15
2015-08-19,5019.05,110.4333,2.12,15.25,0.15
2015-08-20,4877.49,110.1077,2.09,19.14,0.15
2015-08-21,4706.04,110.1443,2.05,28.03,0.15
2015-08-22,,,,,0.15
2015-08-23,,,,,0.15
2015-08-24,4526.25,109.9306,2.01,40.74,0.15
2015-08-25,4506.49,110.3394,2.12,36.02,0.15
2015-08-26,4697.54,110.5807,2.18,30.32,0.14
2015-08-27,4812.71,110.4834,2.18,26.1,0.14
2015-08-28,4828.32,110.6714,2.19,26.05,0.14
2015-08-29,,,,,0.14
2015-08-30,,,,,0.14
2015-08-31,4776.51,110.5621,2.21,28.43,0.08
2015-09-01,4636.1,110.4506,2.17,31.4,0.14
2015-09-02,4749.98,110.7979,2.2,26.09,0.14
2015-09-03,4733.5,110.8566,2.18,25.61,0.14
2015-09-04,4683.92,111.1018,2.13,27.8,0.14
2015-09-05,,,,,0.14
2015-09-06,,,,,0.14
2015-09-07,,,,,0.14
2015-09-08,4811.93,110.7942,2.2,24.9,0.14
2015-09-09,4756.53,110.9225,2.21,26.23,0.14
2015-09-10,4796.25,110.6331,2.23,24.37,0.14
2015-09-11,4822.34,110.6109,2.2,23.2,0.14
2015-09-12,,,,,0.14
2015-09-13,,,,,0.14
2015-09-14,4805.76,110.5005,2.18,24.25,0.14
2015-09-15,4860.52,110.6394,2.28,22.54,0.14
2015-09-16,4889.24,110.1021,2.3,21.35,0.14
2015-09-17,4893.95,110.1212,2.21,21.14,0.14
2015-09-18,4827.23,109.8165,2.13,22.28,0.14
2015-09-19,,,,,0.14
2015-09-20,,,,,0.14
2015-09-21,4828.95,110.6414,2.2,20.14,0.14
2015-09-22,4756.72,111.1967,2.14,22.44,0.14
2015-09-23,4752.74,111.6287,2.16,22.13,0.14
2015-09-24,4734.48,111.4454,2.13,23.47,0.14
2015-09-25,4686.5,111.3725,2.17,23.62,0.13
2015-09-26,,,,,0.13
2015-09-27,,,,,0.13
2015-09-28,4543.97,111.3914,2.1,27.63,0.13
2015-09-29,4517.32,111.5219,2.05,26.83,0.13
2015-09-30,4620.16,111.3311,2.06,24.5,0.07
2015-10-01,4627.08,111.0439,2.05,22.55,0.13
2015-10-02,4707.78,110.7006,1.99,20.94,0.13
2015-10-03,,,,,0.13
2015-10-04,,,,,0.13
2015-10-05,4781.26,110.4445,2.07,19.54,0.13
2015-10-06,4748.36,110.1371,2.05,19.4,0.13
2015-10-07,4791.15,109.8162,2.08,18.4,0.13
2015-10-08,4810.79,109.6452,2.12,17.42,0.13
2015-10-09,4830.47,109.0782,2.12,17.08,0.13
2015-10-10,,,,,0.13
2015-10-11,,,,,0.13
2015-10-12,4838.64,,,16.17,0.13
2015-10-13,4796.61,109.4119,2.06,17.67,0.13
2015-10-14,4782.85,109.1244,1.99,18.03,0.13
2015-10-15,4870.1,108.6671,2.04,16.05,0.13
2015-10-16,4886.69,108.9956,2.04,15.05,0.13
2015-10-17,,,,,0.13
2015-10-18,,,,,0.13
2015-10-19,4905.47,109.3858,2.04,14.98,0.13
2015-10-20,4880.97,109.3368,2.08,15.75,0.13
2015-10-21,4840.12,109.7746,2.04,16.7,0.13
2015-10-22,4920.05,110.0342,2.04,14.45,0.12
2015-10-23,5031.86,110.4329,2.09,14.46,0.12
2015-10-24,,,,,0.12
2015-10-25,,,,,0.12
2015-10-26,5034.7,110.2089,2.07,15.29,0.12
2015-10-27,5030.15,110.4875,2.05,15.43,0.12
2015-10-28,5095.69,110.2334,2.1,14.33,0.12
2015-10-29,5074.27,110.8083,2.19,14.61,0.12
2015-10-30,5053.75,110.2079,2.16,15.07,0.07
2015-10-31,,,,,0.07
2015-11-01,,,,,0.07
2015-11-02,5127.15,110.2188,2.2,14.15,0.12
2015-11-03,5145.13,110.244,2.23,14.54,0.12
2015-11-04,5142.48,110.7139,2.25,15.51,0.12
2015-11-05,5127.74,110.8302,2.26,15.05,0.12
2015-11-06,5147.12,111.7603,2.34,14.33,0.12
2015-11-07,,,,,0.12
2015-11-08,,,,,0.12
2015-11-09,5095.3,111.9112,2.36,16.52,0.12
2015-11-10,5083.24,111.9919,2.32,15.29,0.12
2015-11-11,5067.02,,,16.06,0.12
2015-11-12,5005.08,111.7965,2.32,18.37,0.12
2015-11-13,4927.88,112.0264,2.28,20.08,0.12
2015-11-14,,,,,0.12
2015-11-15,,,,,0.12
2015-11-16,4984.62,112.2199,2.27,18.16,0.13
2015-11-17,4986.01,112.3141,2.25,18.84,0.13
2015-11-18,5075.2,112.3663,2.27,16.85,0.12
2015-11-19,5073.64,111.5749,2.24,16.99,0.12
2015-11-20,5104.92,111.7799,2.26,15.47,0.12
2015-11-21,,,,,0.12
2015-11-22,,,,,0.12
2015-11-23,5102.48,112.1125,2.25,15.62,0.12
2015-11-24,5102.81,111.7638,2.24,15.93,0.12
2015-11-25,5116.14,111.8936,2.23,15.19,0.12
2015-11-26,,,,,0.12
2015-11-27,5127.52,112.2824,2.22,15.12,0.12
2015-11-28,,,,,0.12
2015-11-29,,,,,0.12
2015-11-30,5108.67,112.34,2.21,16.13,0.08
2015-12-01,5156.31,112.1134,2.15,14.67,0.13
2015-12-02,5123.22,112.3715,2.18,15.91,0.13
2015-12-03,5037.53,111.6407,2.33,18.11,0.13
2015-12-04,5142.27,111.5463,2.28,14.81,0.13
2015-12-05,,,,,0.13
2015-12-06,,,,,0.13
2015-12-07,5101.81,112.3056,2.23,15.84,0.13
2015-12-08,5098.24,112.5485,2.24,17.6,0.13
2015-12-09,5022.87,112.1918,2.22,19.61,0.14
2015-12-10,5045.17,112.2672,2.24,19.34,0.14
2015-12-11,4933.47,112.7147,2.13,24.39,0.14
2015-12-12,,,,,0.14
2015-12-13,,,,,0.14
2015-12-14,4952.23,112.7521,2.23,22.73,0.15
2015-12-15,4995.36,112.8609,2.28,20.95,0.15
2015-12-16,5071.13,112.9864,2.3,17.86,0.15
2015-12-17,5002.55,113.8177,2.24,18.94,0.37
2015-12-18,4923.08,113.2837,2.19,20.7,0.37
2015-12-19,,,,,0.37
2015-12-20,,,,,0.37
2015-12-21,4968.92,113.4144,2.2,18.7,0.36
2015-12-22,5001.11,113.211,2.24,16.6,0.36
2015-12-23,5045.93,113.1847,2.27,15.57,0.36
2015-12-24,5048.49,113.0496,2.25,15.74,0.36
2015-12-25,,,,,0.36
2015-12-26,,,,,0.36
2015-12-27,,,,,0.36
2015-12-28,5040.99,113.0461,2.24,16.91,0.36
2015-12-29,5107.94,113.1664,2.32,16.08,0.36
2015-12-30,5065.85,113.4707,2.31,17.29,0.35
2015-12-31,5007.41,113.3429,2.27,18.21,0.2
2016-01-01,,,,,0.2
2016-01-02,,,,,0.2
2016-01-03,,,,,0.2
2016-01-04,4903.09,114.1595,2.24,20.7,0.36
2016-01-05,4891.43,114.2649,2.25,19.34,0.36
2016-01-06,4835.76,114.6177,2.18,20.59,0.36
2016-01-07,4689.43,114.6516,2.16,24.99,0.36
2016-01-08,4643.63,115.0095,2.13,27.01,0.36
2016-01-09,,,,,0.36
2016-01-10,,,,,0.36
2016-01-11,4637.99,115.0139,2.17,24.3,0.36
2016-01-12,4685.92,115.3128,2.12,22.47,0.36
2016-01-13,4526.06,115.1425,2.08,25.22,0.36
2016-01-14,4615.0,115.3846,2.1,23.95,0.36
2016-01-15,4488.42,115.7404,2.03,27.02,0.36
2016-01-16,,,,,0.36
2016-01-17,,,,,0.36
2016-01-18,,,,,0.36
2016-01-19,4476.95,115.8155,2.06,26.05,0.36
2016-01-20,4471.69,116.3498,2.01,27.59,0.37
2016-01-21,4472.06,115.9833,2.02,26.69,0.37
2016-01-22,4591.18,,2.07,22.34,0.38
2016-01-23,,,,,0.38
2016-01-24,,,,,0.38
2016-01-25,4518.49,,2.03,24.15,0.38
2016-01-26,4567.67,,2.01,22.5,0.38
2016-01-27,4468.17,115.5087,2.02,23.11,0.38
2016-01-28,4506.68,115.2224,2.0,22.42,0.38
2016-01-29,4613.95,115.5731,1.94,20.2,0.29
2016-01-30,,,,,0.29
2016-01-31,,,,,0.29
2016-02-01,4620.37,115.3331,1.97,19.98,0.38
2016-02-02,4516.95,115.553,1.87,21.98,0.38
2016-02-03,4504.24,114.6144,1.88,21.65,0.38
2016-02-04,4509.56,113.6012,1.87,21.84,0.38
2016-02-05,4363.14,114.2935,1.86,23.38,0.38
2016-02-06,,,,,0.38
2016-02-07,,,,,0.38
2016-02-08,4283.75,114.4351,1.75,26.0,0.38
2016-02-09,4268.76,114.127,1.74,26.54,0.38
2016-02-10,4283.59,114.2877,1.71,26.29,0.38
2016-02-11,4266.84,114.1845,1.63,28.14,0.38
2016-02-12,4337.51,114.2992,1.74,25.4,0.38
2016-02-13,,,,,0.38
2016-02-14,,,,,0.38
2016-02-15,,,,,0.38
2016-02-16,4435.96,114.4905,1.78,24.11,0.38
2016-02-17,4534.06,113.8634,1.81,22.31,0.37
2016-02-18,4487.54,113.8897,1.75,21.64,0.38
2016-02-19,4504.43,113.9558,1.76,20.53,0.38
2016-02-20,,,,,0.38
2016-02-21,,,,,0.38
2016-02-22,4570.61,113.8232,1.77,19.38,0.38
2016-02-23,4503.58,114.177,1.74,20.98,0.38
2016-02-24,4542.61,114.1716,1.75,20.72,0.38
2016-02-25,4582.2,113.9222,1.71,19.11,0.37
2016-02-26,4590.47,114.3708,1.76,19.81,0.37
2016-02-27,,,,,0.37
2016-02-28,,,,,0.37
2016-02-29,4557.95,114.2418,1.74,20.55,0.29
2016-03-01,4689.6,113.9265,1.83,17.7,0.36
2016-03-02,4703.42,113.7965,1.84,17.09,0.37
2016-03-03,4707.42,113.2482,1.83,16.7,0.37
2016-03-04,4717.02,112.6387,1.88,16.86,0.36
2016-03-05,,,,,0.36
2016-03-06,,,,,0.36
2016-03-07,4708.25,112.6219,1.91,17.35,0.36
2016-03-08,4648.82,112.8465,1.83,18.67,0.36
2016-03-09,4674.38,112.4268,1.9,18.34,0.36
2016-03-10,4662.16,112.4191,1.93,18.05,0.36
2016-03-11,4748.47,111.741,1.98,16.5,0.36
2016-03-12,,,,,0.36
2016-03-13,,,,,0.36
2016-03-14,4750.28,112.1688,1.97,16.92,0.36
2016-03-15,4728.67,112.5545,1.97,16.84,0.37
2016-03-16,4763.97,112.7759,1.94,14.99,0.37
2016-03-17,4774.99,110.445,1.91,14.44,0.37
2016-03-18,4795.65,110.4002,1.88,14.02,0.37
2016-03-19,,,,,0.37
2016-03-20,,,,,0.37
2016-03-21,4808.87,110.737,1.92,13.79,0.37
2016-03-22,4821.66,110.7877,1.94,14.17,0.37
2016-03-23,4768.86,111.5473,1.88,14.94,0.37
2016-03-24,4773.5,111.816,1.91,14.74,0.37
2016-03-25,,111.7698,,,0.37
2016-03-26,,,,,0.37
2016-03-27,,,,,0.37
2016-03-28,4766.79,111.3578,1.89,15.24,0.37
2016-03-29,4846.62,111.3736,1.81,13.82,0.37
2016-03-30,4869.29,110.2301,1.83,13.56,0.37
2016-03-31,4869.85,109.9191,1.78,13.95,0.25
2016-04-01,4914.54,110.2977,1.79,13.1,0.37
2016-04-02,,,,,0.37
2016-04-03,,,,,0.37
2016-04-04,4891.8,110.3987,1.78,14.12,0.37
2016-04-05,4843.93,110.9478,1.73,15.42,0.37
2016-04-06,4920.72,110.5347,1.76,14.09,0.37
2016-04-07,4848.37,110.8876,1.7,16.16,0.37
2016-04-08,4850.69,110.4213,1.72,15.36,0.37
2016-04-09,,,,,0.37
2016-04-10,,,,,0.37
2016-04-11,4833.4,109.9758,1.73,16.26,0.37
2016-04-12,4872.09,109.816,1.79,14.85,0.37
2016-04-13,4947.42,110.1436,1.77,13.84,0.37
2016-04-14,4945.89,110.1691,1.8,13.72,0.37
2016-04-15,4938.22,110.1933,1.76,13.62,0.37
2016-04-16,,,,,0.37
2016-04-17,,,,,0.37
2016-04-18,4960.02,109.9892,1.78,13.35,0.37
2016-04-19,4940.33,109.2782,1.79,13.24,0.37
2016-04-20,4948.15,109.3926,1.85,13.28,0.37
2016-04-21,4945.93,109.8533,1.88,13.95,0.37
2016-04-22,4906.2,110.2331,1.89,13.22,0.37
2016-04-23,,,,,0.37
2016-04-24,,,,,0.37
2016-04-25,4895.79,110.1865,1.91,14.08,0.37
2016-04-26,4888.28,109.7496,1.94,13.96,0.37
2016-04-27,4863.14,109.8483,1.87,13.77,0.37
2016-04-28,4805.29,109.2148,1.84,15.22,0.37
2016-04-29,4775.36,108.8274,1.83,15.7,0.3
2016-04-30,,,,,0.3
2016-05-01,,,,,0.3
2016-05-02,4817.59,108.671,1.88,14.68,0.37
2016-05-03,4763.22,109.3613,1.81,15.6,0.37
2016-05-04,4725.64,109.9952,1.79,16.05,0.37
2016-05-05,4717.09,110.2417,1.76,15.91,0.37
2016-05-06,4736.16,110.3801,1.79,14.72,0.37
2016-05-07,,,,,0.37
2016-05-08,,,,,0.37
2016-05-09,4750.21,110.9466,1.77,14.57,0.37
2016-05-10,4809.88,110.8225,1.77,13.63,0.37
2016-05-11,4760.69,110.2806,1.73,14.69,0.37
2016-05-12,4737.33,110.6935,1.75,14.41,0.37
2016-05-13,4717.68,111.2521,1.71,15.04,0.37
2016-05-14,,,,,0.37
2016-05-15,,,,,0.37
2016-05-16,4775.46,111.1217,1.75,14.68,0.37
2016-05-17,4715.73,111.0867,1.76,15.57,0.37
2016-05-18,4739.12,111.4995,1.87,15.95,0.37
2016-05-19,4712.53,112.2331,1.85,16.33,0.37
2016-05-20,4769.56,112.1822,1.85,15.2,0.37
2016-05-21,,,,,0.37
2016-05-22,,,,,0.37
2016-05-23,4765.78,112.284,1.84,15.82,0.37
2016-05-24,4861.06,112.2912,1.86,14.42,0.37
2016-05-25,4894.89,112.2001,1.87,13.9,0.37
2016-05-26,4901.77,111.8979,1.83,13.43,0.37
2016-05-27,4933.5,112.0822,1.85,13.12,0.37
2016-05-28,,,,,0.37
2016-05-29,,,,,0.37
2016-05-30,,,,,0.37
2016-05-31,4948.05,112.4276,1.84,14.19,0.29
2016-06-01,4952.25,112.462,1.85,14.2,0.37
2016-06-02,4971.36,112.4564,1.81,13.63,0.37
2016-06-03,4942.52,111.4451,1.71,13.47,0.37
2016-06-04,,,,,0.37
2016-06-05,,,,,0.37
2016-06-06,4968.71,111.2295,1.73,13.65,0.37
2016-06-07,4961.75,110.8378,1.72,14.05,0.37
2016-06-08,4974.64,110.1916,1.71,14.08,0.37
2016-06-09,4958.62,110.6168,1.68,14.64,0.37
2016-06-10,4894.55,111.1027,1.64,17.03,0.37
2016-06-11,,,,,0.37
2016-06-12,,,,,0.37
2016-06-13,4848.44,111.5036,1.62,20.97,0.37
2016-06-14,4843.55,111.9826,1.62,20.5,0.37
2016-06-15,4834.93,111.7671,1.6,20.14,0.37
2016-06-16,4844.91,112.2347,1.57,19.37,0.38
2016-06-17,4800.34,111.5332,1.62,19.41,0.38
2016-06-18,,,,,0.38
2016-06-19,,,,,0.38
2016-06-20,4837.21,110.8693,1.67,18.37,0.38
2016-06-21,4843.76,111.0077,1.71,18.48,0.38
2016-06-22,4833.32,110.7681,1.69,21.17,0.38
2016-06-23,4910.04,110.262,1.74,17.25,0.39
2016-06-24,4707.98,112.1355,1.57,25.76,0.4
2016-06-25,,,,,0.4
2016-06-26,,,,,0.4
2016-06-27,4594.44,113.1301,1.46,23.85,0.41
2016-06-28,4691.87,112.7545,1.46,18.75,0.41
2016-06-29,4779.25,111.8597,1.5,16.64,0.41
2016-06-30,4842.67,112.1618,1.49,15.63,0.3
2016-07-01,4862.57,111.6509,1.46,14.77,0.41
2016-07-02,,,,,0.41
2016-07-03,,,,,0.41
2016-07-04,,,,,0.41
2016-07-05,4822.9,112.4231,1.37,15.58,0.4
2016-07-06,4859.16,112.5438,1.38,14.96,0.4
2016-07-07,4876.81,112.5775,1.4,14.76,0.4
2016-07-08,4956.76,112.3963,1.37,13.2,0.4
2016-07-09,,,,,0.4
2016-07-10,,,,,0.4
2016-07-11,4988.64,112.5254,1.43,13.54,0.4
2016-07-12,5022.82,112.1102,1.53,13.55,0.4
2016-07-13,5005.73,112.0266,1.48,13.04,0.4
2016-07-14,5034.06,111.7692,1.53,12.82,0.4
2016-07-15,5029.59,112.2833,1.6,12.67,0.4
2016-07-16,,,,,0.4
2016-07-17,,,,,0.4
2016-07-18,5055.78,112.2463,1.59,12.44,0.4
2016-07-19,5036.37,112.638,1.56,11.97,0.4
2016-07-20,5089.93,112.6743,1.59,11.77,0.4
2016-07-21,5073.9,112.6239,1.57,12.74,0.4
2016-07-22,5100.16,112.989,1.57,12.02,0.4
2016-07-23,,,,,0.4
2016-07-24,,,,,0.4
2016-07-25,5097.63,113.1784,1.58,12.87,0.4
2016-07-26,5110.05,113.0593,1.57,13.05,0.4
2016-07-27,5139.81,113.217,1.52,12.83,0.4
2016-07-28,5154.98,112.7393,1.52,12.72,0.4
2016-07-29,5162.13,111.874,1.46,11.87,0.3
2016-07-30,,,,,0.3
2016-07-31,,,,,0.3
2016-08-01,5184.2,111.9757,1.51,12.44,0.4
2016-08-02,5137.73,111.7124,1.55,13.37,0.4
2016-08-03,5159.74,111.9419,1.55,12.86,0.4
2016-08-04,5166.25,111.9149,1.51,12.42,0.4
2016-08-05,5221.12,112.3589,1.59,11.39,0.4
2016-08-06,,,,,0.4
2016-08-07,,,,,0.4
2016-08-08,5213.14,112.1456,1.59,11.5,0.4
2016-08-09,5225.48,111.722,1.55,11.66,0.4
2016-08-10,5204.58,111.3238,1.5,12.05,0.4
2016-08-11,5228.4,111.1954,1.57,11.68,0.4
2016-08-12,5232.89,111.1787,1.51,11.55,0.4
2016-08-13,,,,,0.4
2016-08-14,,,,,0.4
2016-08-15,5262.02,110.9212,1.55,11.81,0.4
2016-08-16,5227.11,110.4295,1.57,12.64,0.4
2016-08-17,5228.66,110.9459,1.56,12.19,0.4
2016-08-18,5240.15,110.3134,1.53,11.43,0.4
2016-08-19,5238.38,110.8163,1.58,11.34,0.4
2016-08-20,,,,,0.4
2016-08-21,,,,,0.4
2016-08-22,5244.6,110.9997,1.55,12.27,0.4
2016-08-23,5260.08,110.9414,1.55,12.38,0.4
2016-08-24,5217.69,111.2958,1.56,13.45,0.4
2016-08-25,5212.2,111.1726,1.58,13.63,0.4
2016-08-26,5218.92,111.2035,1.62,13.65,0.4
2016-08-27,,,,,0.4
2016-08-28,,,,,0.4
2016-08-29,5232.33,111.8775,1.57,12.94,0.4
2016-08-30,5222.99,112.2928,1.57,13.12,0.4
2016-08-31,5213.22,112.4036,1.58,13.42,0.3
2016-09-01,5227.21,112.1733,1.57,13.48,0.4
2016-09-02,5249.9,112.0009,1.6,11.98,0.4
2016-09-03,,,,,0.4
2016-09-04,,,,,0.4
2016-09-05,,,,,0.4
2016-09-06,5275.91,110.9613,1.55,12.02,0.4
2016-09-07,5283.93,110.9717,1.54,11.94,0.4
2016-09-08,5259.48,111.2609,1.61,12.51,0.4
2016-09-09,5125.91,111.9879,1.67,17.5,0.4
2016-09-10,,,,,0.4
2016-09-11,,,,,0.4
2016-09-12,5211.89,112.1516,1.68,15.16,0.4
2016-09-13,5155.25,112.5207,1.73,17.85,0.4
2016-09-14,5173.77,112.4678,1.7,18.14,0.4
2016-09-15,5249.69,112.4753,1.71,16.3,0.4
2016-09-16,5244.57,113.1765,1.7,15.37,0.4
2016-09-17,,,,,0.4
2016-09-18,,,,,0.4
2016-09-19,5235.03,112.903,1.7,15.53,0.4
2016-09-20,5241.35,113.1848,1.69,15.92,0.4
2016-09-21,5295.18,112.9842,1.66,13.3,0.4
2016-09-22,5339.52,112.2592,1.63,12.02,0.4
2016-09-23,5305.75,112.7166,1.62,12.29,0.4
2016-09-24,,,,,0.4
2016-09-25,,,,,0.4
2016-09-26,5257.49,112.7112,1.59,14.5,0.4
2016-09-27,5305.71,112.5515,1.56,13.1,0.4
2016-09-28,5318.55,112.6283,1.57,12.39,0.4
2016-09-29,5269.15,112.2879,1.56,14.02,0.4
2016-09-30,5312.0,112.2795,1.6,13.29,0.29
2016-10-01,,,,,0.29
2016-10-02,,,,,0.29
2016-10-03,5300.87,112.5077,1.63,13.57,0.4
2016-10-04,5289.66,112.6579,1.69,13.63,0.4
2016-10-05,5316.02,112.7946,1.72,12.99,0.4
2016-10-06,5306.85,113.0066,1.75,12.84,0.4
2016-10-07,5292.4,113.2915,1.73,13.48,0.4
2016-10-08,,,,,0.4
2016-10-09,,,,,0.4
2016-10-10,5328.67,,,13.38,0.4
2016-10-11,5246.79,113.4461,1.77,15.36,0.41
2016-10-12,5239.02,113.7442,1.79,15.91,0.41
2016-10-13,5213.33,113.6238,1.75,16.69,0.41
2016-10-14,5214.16,113.7119,1.8,16.12,0.41
2016-10-15,,,,,0.41
2016-10-16,,,,,0.41
2016-10-17,5199.82,113.5488,1.77,16.21,0.41
2016-10-18,5243.84,113.1393,1.75,15.28,0.41
2016-10-19,5246.41,113.0547,1.76,14.41,0.41
2016-10-20,5241.83,113.4033,1.76,13.75,0.41
2016-10-21,5257.4,113.9015,1.74,13.34,0.41
2016-10-22,,,,,0.41
2016-10-23,,,,,0.41
2016-10-24,5309.83,113.8571,1.77,13.02,0.41
2016-10-25,5283.4,113.6801,1.77,13.46,0.41
2016-10-26,5250.27,113.8131,1.79,14.24,0.41
2016-10-27,5215.97,114.1998,1.85,15.36,0.41
2016-10-28,5190.1,114.0931,1.86,16.19,0.41
2016-10-29,,,,,0.41
2016-10-30,,,,,0.41
2016-10-31,5189.13,114.0188,1.84,17.06,0.31
2016-11-01,5153.58,113.9915,1.83,18.56,0.41
2016-11-02,5105.57,113.9206,1.81,19.32,0.41
2016-11-03,5058.41,113.7664,1.82,22.08,0.41
2016-11-04,5046.37,113.5828,1.79,22.51,0.41
2016-11-05,,,,,0.41
2016-11-06,,,,,0.41
2016-11-07,5166.17,113.5443,1.83,18.71,0.41
2016-11-08,5193.49,113.3017,1.88,18.74,0.41
2016-11-09,5251.07,114.6956,2.07,14.38,0.41
2016-11-10,5208.8,115.9375,2.15,14.74,0.41
2016-11-11,5237.11,,,14.17,0.41
2016-11-12,,,,,0.41
2016-11-13,,,,,0.41
2016-11-14,5218.4,117.2245,2.23,14.48,0.41
2016-11-15,5275.62,116.7724,2.23,13.37,0.41
2016-11-16,5294.58,116.8062,2.22,13.72,0.41
2016-11-17,5333.97,116.8952,2.29,13.35,0.41
2016-11-18,5321.51,117.5936,2.34,12.85,0.41
2016-11-19,,,,,0.41
2016-11-20,,,,,0.41
2016-11-21,5368.86,117.4762,2.33,12.42,0.41
2016-11-22,5386.35,117.4508,2.31,12.41,0.41
2016-11-23,5380.68,118.0356,2.36,12.43,0.41
2016-11-24,,,,,0.41
2016-11-25,5398.92,118.02,2.36,12.34,0.41
2016-11-26,,,,,0.41
2016-11-27,,,,,0.41
2016-11-28,5368.81,117.7278,2.32,13.15,0.41
2016-11-29,5379.92,117.644,2.3,12.9,0.41
2016-11-30,5323.68,117.7636,2.37,13.33,0.31
2016-12-01,5251.11,117.6642,2.45,14.07,0.41
2016-12-02,5255.65,117.3116,2.4,14.12,0.41
2016-12-03,,,,,0.41
2016-12-04,,,,,0.41
2016-12-05,5308.89,117.1008,2.39,12.14,0.41
2016-12-06,5333.0,116.9225,2.39,11.79,0.41
2016-12-07,5393.76,116.672,2.34,12.22,0.41
2016-12-08,5417.36,117.0327,2.4,12.64,0.41
2016-12-09,5444.5,117.2834,2.47,11.75,0.41
2016-12-10,,,,,0.41
2016-12-11,,,,,0.41
2016-12-12,5412.54,116.9161,2.49,12.64,0.41
2016-12-13,5463.83,116.8029,2.48,12.72,0.41
2016-12-14,5436.67,116.7332,2.54,13.19,0.41
2016-12-15,5456.85,118.8072,2.6,12.79,0.66
2016-12-16,5437.16,118.3584,2.6,12.2,0.66
2016-12-17,,,,,0.66
2016-12-18,,,,,0.66
2016-12-19,5457.44,118.3875,2.54,11.71,0.66
2016-12-20,5483.94,118.63,2.57,11.45,0.66
2016-12-21,5471.43,118.581,2.55,11.27,0.66
2016-12-22,5447.42,118.8209,2.55,11.43,0.66
2016-12-23,5462.69,118.7856,2.55,11.44,0.66
2016-12-24,,,,,0.66
2016-12-25,,,,,0.66
2016-12-26,,,,,0.66
2016-12-27,5487.44,118.9506,2.57,11.99,0.66
2016-12-28,5438.56,119.2305,2.51,12.95,0.66
2016-12-29,5432.09,118.6637,2.49,13.37,0.66
2016-12-30,5383.12,118.3466,2.45,14.04,0.55
2016-12-31,,,,,0.55
2017-01-01,,,,,0.55
2017-01-02,,,,,0.55
2017-01-03,5429.08,119.0903,2.45,12.85,0.66
2017-01-04,5477.0,118.8803,2.46,11.85,0.66
2017-01-05,5487.94,117.9999,2.37,11.67,0.66
2017-01-06,5521.06,118.3495,2.42,11.32,0.66
2017-01-07,,,,,0.66
2017-01-08,,,,,0.66
2017-01-09,5531.82,118.4111,2.38,11.56,0.66
2017-01-10,5551.82,118.5386,2.38,11.49,0.66
2017-01-11,5563.65,119.0219,2.38,11.26,0.66
2017-01-12,5547.49,117.8001,2.36,11.54,0.66
2017-01-13,5574.12,117.9884,2.4,11.23,0.66
2017-01-14,,,,,0.66
2017-01-15,,,,,0.66
2017-01-16,,,,,0.66
2017-01-17,5538.73,117.2656,2.33,11.87,0.66
2017-01-18,5555.65,117.7242,2.42,12.48,0.66
2017-01-19,5540.08,118.3182,2.47,12.78,0.66
2017-01-20,5555.33,,2.48,11.54,0.66
2017-01-21,,,,,0.66
2017-01-22,,,,,0.66
2017-01-23,5552.94,117.2479,2.41,11.77,0.66
2017-01-24,5600.96,117.0516,2.47,11.07,0.66
2017-01-25,5656.34,116.9355,2.53,10.81,0.66
2017-01-26,5655.18,117.2766,2.51,10.63,0.66
2017-01-27,5660.78,117.0735,2.49,10.58,0.66
2017-01-28,,,,,0.66
2017-01-29,,,,,0.66
2017-01-30,5613.71,116.7325,2.49,11.88,0.66
2017-01-31,5614.79,116.2241,2.45,11.99,0.56
2017-02-01,5642.65,116.3914,2.48,11.81,0.66
2017-02-02,5636.2,115.903,2.48,11.93,0.66
2017-02-03,5666.77,115.6259,2.49,10.97,0.66
2017-02-04,,,,,0.66
2017-02-05,,,,,0.66
2017-02-06,5663.55,116.0504,2.42,11.37,0.66
2017-02-07,5674.22,116.4082,2.4,11.29,0.66
2017-02-08,5682.45,116.1382,2.34,11.45,0.66
2017-02-09,5715.18,116.306,2.4,10.88,0.66
2017-02-10,5734.13,116.148,2.41,10.85,0.66
2017-02-11,,,,,0.66
2017-02-12,,,,,0.66
2017-02-13,5763.96,116.3427,2.43,11.07,0.66
2017-02-14,5782.57,116.3949,2.47,10.74,0.66
2017-02-15,5819.44,116.2162,2.51,11.97,0.66
2017-02-16,5814.9,116.0067,2.45,11.76,0.66
2017-02-17,5838.58,116.4035,2.42,11.49,0.66
2017-02-18,,,,,0.66
2017-02-19,,,,,0.66
2017-02-20,,,,,0.66
2017-02-21,5865.95,116.5921,2.43,11.57,0.66
2017-02-22,5860.63,116.2136,2.42,11.74,0.66
2017-02-23,5835.51,115.6527,2.38,11.71,0.66
2017-02-24,5845.31,115.8143,2.31,11.47,0.66
2017-02-25,,,,,0.66
2017-02-26,,,,,0.66
2017-02-27,5861.9,115.6764,2.36,12.09,0.66
2017-02-28,5825.44,116.0032,2.36,12.92,0.57
2017-03-01,5904.03,116.438,2.46,12.54,0.66
2017-03-02,5861.22,116.8429,2.49,11.81,0.66
2017-03-03,5870.75,116.6438,2.49,10.96,0.66
2017-03-04,,,,,0.66
2017-03-05,,,,,0.66
2017-03-06,5849.17,116.4313,2.49,11.24,0.66
2017-03-07,5833.93,116.4303,2.52,11.45,0.66
2017-03-08,5837.55,116.875,2.57,11.86,0.66
2017-03-09,5838.81,116.9959,2.6,12.3,0.66
2017-03-10,5861.73,116.616,2.58,11.66,0.66
2017-03-11,,,,,0.66
2017-03-12,,,,,0.66
2017-03-13,5875.78,116.4004,2.62,11.35,0.66
2017-03-14,5856.82,116.5646,2.6,12.3,0.66
2017-03-15,5900.05,116.3584,2.51,11.63,0.66
2017-03-16,5900.76,115.4456,2.53,11.21,0.91
2017-03-17,5901.0,115.2783,2.5,11.28,0.91
2017-03-18,,,,,0.91
2017-03-19,,,,,0.91
2017-03-20,5901.53,115.0426,2.47,11.34,0.91
2017-03-21,5793.83,114.8119,2.43,12.47,0.91
2017-03-22,5821.64,114.7937,2.4,12.81,0.91
2017-03-23,5817.69,114.7899,2.41,13.12,0.91
2017-03-24,5828.74,114.6372,2.4,12.96,0.91
2017-03-25,,,,,0.91
2017-03-26,,,,,0.91
2017-03-27,5840.37,114.2347,2.38,12.5,0.91
2017-03-28,5875.14,114.419,2.42,11.53,0.91
2017-03-29,5897.55,114.7167,2.39,11.42,0.91
2017-03-30,5914.34,114.5245,2.42,11.54,0.91
2017-03-31,5911.74,114.7938,2.4,12.37,0.82
2017-04-01,,,,,0.82
2017-04-02,,,,,0.82
2017-04-03,5894.68,114.8734,2.35,12.38,0.91
2017-04-04,5898.61,115.0038,2.36,11.79,0.91
2017-04-05,5864.48,114.9494,2.34,12.89,0.91
2017-04-06,5878.95,115.0181,2.34,12.39,0.91
2017-04-07,5877.81,115.0547,2.38,12.87,0.91
2017-04-08,,,,,0.91
2017-04-09,,,,,0.91
2017-04-10,5880.93,115.11,2.37,14.05,0.91
2017-04-11,5866.77,115.009,2.32,15.07,0.91
2017-04-12,5836.16,114.9162,2.28,15.77,0.91
2017-04-13,5805.15,114.5059,2.24,15.96,0.91
2017-04-14,,114.5368,,,0.91
2017-04-15,,,,,0.91
2017-04-16,,,,,0.91
2017-04-17,5856.79,114.3283,2.26,14.66,0.91
2017-04-18,5849.47,114.2575,2.18,14.42,0.91
2017-04-19,5863.03,114.7923,2.21,14.93,0.91
2017-04-20,5916.78,114.6205,2.24,14.15,0.91
2017-04-21,5910.52,114.8128,2.24,14.63,0.91
2017-04-22,,,,,0.91
2017-04-23,,,,,0.91
2017-04-24,5983.82,114.3659,2.28,10.84,0.91
2017-04-25,6025.49,114.5111,2.35,10.76,0.91
2017-04-26,6025.23,114.9479,2.32,10.85,0.91
2017-04-27,6048.94,114.9946,2.3,10.36,0.91
2017-04-28,6047.61,114.7877,2.29,10.82,0.83
2017-04-29,,,,,0.83
2017-04-30,,,,,0.83
2017-05-01,6091.6,114.5921,2.33,10.11,0.91
2017-05-02,6095.37,114.6792,2.29,10.59,0.91
2017-05-03,6072.55,114.6637,2.33,10.68,0.91
2017-05-04,6075.34,114.9076,2.36,10.46,0.91
2017-05-05,6100.76,114.7725,2.36,10.57,0.91
2017-05-06,,,,,0.91
2017-05-07,,,,,0.91
2017-05-08,6102.66,115.0895,2.39,9.77,0.91
2017-05-09,6120.59,115.3933,2.42,9.96,0.91
2017-05-10,6129.14,115.1145,2.41,10.21,0.91
2017-05-11,6115.96,115.0669,2.39,10.6,0.91
2017-05-12,6121.23,114.7479,2.33,10.4,0.91
2017-05-13,,,,,0.91
2017-05-14,,,,,0.91
2017-05-15,6149.67,114.3504,2.34,10.42,0.91
2017-05-16,6169.87,113.9923,2.33,10.65,0.91
2017-05-17,6011.24,113.7506,2.22,15.59,0.91
2017-05-18,6055.13,114.2683,2.23,14.66,0.91
2017-05-19,6083.7,113.7001,2.23,12.04,0.91
2017-05-20,,,,,0.91
2017-05-21,,,,,0.91
2017-05-22,6133.62,113.5442,2.25,10.93,0.91
2017-05-23,6138.71,113.6862,2.29,10.72,0.91
2017-05-24,6163.02,113.675,2.26,10.02,0.91
2017-05-25,6205.26,113.3719,2.25,9.99,0.91
2017-05-26,6210.19,113.4839,2.25,9.81,0.91
2017-05-27,,,,,0.91
2017-05-28,,,,,0.91
2017-05-29,,,,,0.91
2017-05-30,6203.19,113.5552,2.21,10.38,0.91
2017-05-31,6198.52,113.2956,2.21,10.41,0.83
2017-06-01,6246.83,113.3017,2.21,9.89,0.91
2017-06-02,6305.8,113.1908,2.15,9.75,0.91
2017-06-03,,,,,0.91
2017-06-04,,,,,0.91
2017-06-05,6295.68,112.9755,2.18,10.07,0.91
2017-06-06,6275.06,112.7095,2.14,10.45,0.91
2017-06-07,6297.38,112.8191,2.18,10.39,0.91
2017-06-08,6321.76,112.8351,2.19,10.16,0.91
2017-06-09,6207.92,112.9562,2.21,10.7,0.91
2017-06-10,,,,,0.91
2017-06-11,,,,,0.91
2017-06-12,6175.46,112.9837,2.21,11.46,0.91
2017-06-13,6220.37,112.6271,2.21,10.42,0.91
2017-06-14,6194.89,112.0734,2.15,10.64,0.91
2017-06-15,6165.5,112.8708,2.16,10.9,1.16
2017-06-16,6151.76,112.6155,2.16,10.38,1.16
2017-06-17,,,,,1.16
2017-06-18,,,,,1.16
2017-06-19,6239.01,112.7576,2.19,10.37,1.16
2017-06-20,6188.03,113.2698,2.16,10.86,1.16
2017-06-21,6233.95,113.3327,2.16,10.75,1.16
2017-06-22,6236.69,113.1654,2.15,10.48,1.16
2017-06-23,6265.25,112.8665,2.15,10.02,1.16
2017-06-24,,,,,1.16
2017-06-25,,,,,1.16
2017-06-26,6247.15,112.7633,2.14,9.9,1.16
2017-06-27,6146.62,112.55,2.21,11.06,1.16
2017-06-28,6234.41,112.0747,2.22,10.03,1.16
2017-06-29,6144.35,111.998,2.27,11.44,1.16
2017-06-30,6140.42,111.9896,2.31,11.18,1.06
2017-07-01,,,,,1.06
2017-07-02,,,,,1.06
2017-07-03,6110.06,112.4268,2.35,11.22,1.16
2017-07-04,,,,,1.16
2017-07-05,6150.86,112.6534,2.33,11.07,1.16
2017-07-06,6089.46,112.4199,2.37,12.54,1.16
2017-07-07,6153.08,112.3137,2.39,11.19,1.16
2017-07-08,,,,,1.16
2017-07-09,,,,,1.16
2017-07-10,6176.39,112.1587,2.38,11.11,1.16
2017-07-11,6193.3,112.1434,2.37,10.89,1.16
2017-07-12,6261.17,111.5904,2.33,10.3,1.16
2017-07-13,6274.44,111.5365,2.35,9.9,1.16
2017-07-14,6312.47,110.9075,2.33,9.51,1.16
2017-07-15,,,,,1.16
2017-07-16,,,,,1.16
2017-07-17,6314.43,110.9304,2.31,9.82,1.16
2017-07-18,6344.31,110.4356,2.27,9.89,1.16
2017-07-19,6385.04,110.4339,2.27,9.79,1.16
2017-07-20,6390.0,110.2512,2.27,9.58,1.16
2017-07-21,6387.75,110.191,2.24,9.36,1.16
2017-07-22,,,,,1.16
2017-07-23,,,,,1.16
2017-07-24,6410.81,110.2004,2.26,9.43,1.16
2017-07-25,6412.17,110.2835,2.33,9.43,1.16
2017-07-26,6422.75,110.3811,2.29,9.6,1.16
2017-07-27,6382.19,110.216,2.32,10.11,1.16
2017-07-28,6374.68,109.92,2.3,10.29,1.16
2017-07-29,,,,,1.16
2017-07-30,,,,,1.16
2017-07-31,6348.12,109.8177,2.3,10.26,1.07
2017-08-01,6362.94,109.8495,2.26,10.09,1.16
2017-08-02,6362.65,109.7503,2.27,10.28,1.16
2017-08-03,6340.34,109.8332,2.24,10.44,1.16
2017-08-04,6351.56,110.2808,2.27,10.03,1.16
2017-08-05,,,,,1.16
2017-08-06,,,,,1.16
2017-08-07,6383.77,110.373,2.26,9.93,1.16
2017-08-08,6370.46,110.396,2.29,10.96,1.16
2017-08-09,6352.33,110.3671,2.24,11.11,1.16
2017-08-10,6216.87,110.1886,2.2,16.04,1.16
2017-08-11,6256.56,110.0422,2.19,15.51,1.16
2017-08-12,,,,,1.16
2017-08-13,,,,,1.16
2017-08-14,6340.23,110.095,2.22,12.33,1.16
2017-08-15,6333.01,110.4846,2.27,12.04,1.16
2017-08-16,6345.11,110.4394,2.23,11.74,1.16
2017-08-17,6221.91,110.1673,2.19,15.55,1.16
2017-08-18,6216.53,110.041,2.19,14.26,1.16
2017-08-19,,,,,1.16
2017-08-20,,,,,1.16
2017-08-21,6213.13,109.7349,2.18,13.19,1.16
2017-08-22,6297.48,109.8386,2.22,11.35,1.16
2017-08-23,6278.41,109.8095,2.17,12.25,1.16
2017-08-24,6271.33,109.7524,2.19,12.23,1.16
2017-08-25,6265.64,109.3415,2.17,11.28,1.16
2017-08-26,,,,,1.16
2017-08-27,,,,,1.16
2017-08-28,6283.02,109.1815,2.16,11.32,1.16
2017-08-29,6301.89,109.0946,2.13,11.7,1.16
2017-08-30,6368.31,109.4052,2.15,11.22,1.16
2017-08-31,6428.66,109.3686,2.12,10.59,1.07
2017-09-01,6435.33,109.0504,2.16,10.13,1.16
2017-09-02,,,,,1.16
2017-09-03,,,,,1.16
2017-09-04,,,,,1.16
2017-09-05,6375.57,108.8664,2.07,12.23,1.16
2017-09-06,6393.31,108.4897,2.1,11.63,1.16
2017-09-07,6397.87,107.9224,2.05,11.55,1.16
2017-09-08,6360.19,107.808,2.06,12.12,1.16
2017-09-09,,,,,1.16
2017-09-10,,,,,1.16
2017-09-11,6432.26,108.153,2.14,10.73,1.16
2017-09-12,6454.28,108.3239,2.17,10.58,1.16
2017-09-13,6460.19,108.6628,2.2,10.5,1.16
2017-09-14,6429.08,108.618,2.2,10.44,1.16
2017-09-15,6448.47,108.3147,2.2,10.17,1.16
2017-09-16,,,,,1.16
2017-09-17,,,,,1.16
2017-09-18,6454.64,108.6401,2.23,10.15,1.16
2017-09-19,6461.32,108.6142,2.24,10.18,1.16
2017-09-20,6456.04,108.4329,2.28,9.78,1.16
2017-09-21,6422.69,108.9267,2.27,9.67,1.16
2017-09-22,6426.92,108.7542,2.26,9.59,1.16
2017-09-23,,,,,1.16
2017-09-24,,,,,1.16
2017-09-25,6370.59,109.3302,2.22,10.21,1.16
2017-09-26,6380.16,109.7769,2.24,10.17,1.16
2017-09-27,6453.26,110.0722,2.31,9.87,1.16
2017-09-28,6453.45,110.2415,2.31,9.55,1.16
2017-09-29,6495.96,110.0867,2.33,9.51,1.06
2017-09-30,,,,,1.06
2017-10-01,,,,,1.06
2017-10-02,6516.72,110.3686,2.34,9.45,1.16
2017-10-03,6531.71,110.3281,2.33,9.51,1.16
2017-10-04,6534.63,110.2425,2.33,9.63,1.16
2017-10-05,6585.36,110.5823,2.35,9.19,1.16
2017-10-06,6590.18,110.7841,2.37,9.65,1.16
2017-10-07,,,,,1.16
2017-10-08,,,,,1.16
2017-10-09,6579.73,,,10.33,1.16
2017-10-10,6587.25,110.3034,2.35,10.08,1.16
2017-10-11,6603.55,110.3037,2.35,9.85,1.16
2017-10-12,6591.51,110.3152,2.33,9.91,1.16
2017-10-13,6605.8,110.2669,2.28,9.61,1.16
2017-10-14,,,,,1.16
2017-10-15,,,,,1.16
2017-10-16,6624.0,110.5432,2.3,9.91,1.16
2017-10-17,6623.66,110.9141,2.3,10.31,1.16
2017-10-18,6624.22,110.7214,2.34,10.07,1.16
2017-10-19,6605.07,110.4577,2.33,10.05,1.16
2017-10-20,6629.05,111.0375,2.39,9.97,1.16
2017-10-21,,,,,1.16
2017-10-22,,,,,1.16
2017-10-23,6586.83,111.2134,2.38,11.07,1.16
2017-10-24,6598.43,111.4027,2.42,11.16,1.16
2017-10-25,6563.89,111.3904,2.44,11.23,1.16
2017-10-26,6556.77,111.6418,2.46,11.3,1.16
2017-10-27,6701.26,112.1495,2.42,9.8,1.16
2017-10-28,,,,,1.16
2017-10-29,,,,,1.16
2017-10-30,6698.96,111.901,2.37,10.5,1.16
2017-10-31,6727.67,111.8052,2.38,10.18,1.07
2017-11-01,6716.53,111.7942,2.37,10.2,1.16
2017-11-02,6714.94,111.5474,2.35,9.93,1.16
2017-11-03,6764.44,111.9383,2.34,9.14,1.16
2017-11-04,,,,,1.16
2017-11-05,,,,,1.16
2017-11-06,6786.44,111.7197,2.32,9.4,1.16
2017-11-07,6767.78,111.9446,2.32,9.89,1.16
2017-11-08,6789.12,111.6935,2.32,9.78,1.16
2017-11-09,6750.05,111.5626,2.33,10.5,1.16
2017-11-10,6750.94,,2.4,11.29,1.16
2017-11-11,,,,,1.16
2017-11-12,,,,,1.16
2017-11-13,6757.6,111.7833,2.4,11.5,1.16
2017-11-14,6737.87,111.5097,2.38,11.59,1.16
2017-11-15,6706.21,111.4809,2.33,13.13,1.16
2017-11-16,6793.29,111.2568,2.37,11.76,1.16
2017-11-17,6782.79,111.0016,2.35,11.43,1.16
2017-11-18,,,,,1.16
2017-11-19,,,,,1.16
2017-11-20,6790.71,111.2599,2.37,10.65,1.16
2017-11-21,6862.48,110.9828,2.36,9.73,1.16
2017-11-22,6867.36,110.5632,2.32,9.88,1.16
2017-11-23,,,,,1.16
2017-11-24,6889.16,110.0253,2.34,9.67,1.16
2017-11-25,,,,,1.16
2017-11-26,,,,,1.16
2017-11-27,6878.52,110.1136,2.32,9.87,1.16
2017-11-28,6912.36,110.3018,2.34,10.03,1.16
2017-11-29,6824.34,110.3265,2.37,10.7,1.16
2017-11-30,6873.97,110.4648,2.42,11.28,1.07
2017-12-01,6847.59,110.1413,2.37,11.43,1.16
2017-12-02,,,,,1.16
2017-12-03,,,,,1.16
2017-12-04,6775.37,110.397,2.37,11.68,1.16
2017-12-05,6762.21,110.4905,2.36,11.33,1.16
2017-12-06,6776.38,110.8711,2.33,11.02,1.16
2017-12-07,6812.84,111.0178,2.37,10.16,1.16
2017-12-08,6840.08,111.2273,2.38,9.58,1.16
2017-12-09,,,,,1.16
2017-12-10,,,,,1.16
2017-12-11,6875.08,111.0827,2.39,9.34,1.16
2017-12-12,6862.32,111.5214,2.4,9.92,1.17
2017-12-13,6875.8,111.2759,2.36,10.18,1.17
2017-12-14,6856.53,111.0893,2.35,10.49,1.41
2017-12-15,6936.58,111.1286,2.35,9.42,1.41
2017-12-16,,,,,1.41
2017-12-17,,,,,1.41
2017-12-18,6994.76,110.9086,2.39,9.53,1.42
2017-12-19,6963.85,111.1255,2.46,10.03,1.42
2017-12-20,6960.96,110.8361,2.49,9.72,1.42
2017-12-21,6965.36,110.8786,2.48,9.62,1.42
2017-12-22,6959.96,111.0997,2.48,9.9,1.42
2017-12-23,,,,,1.42
2017-12-24,,,,,1.42
2017-12-25,,,,,1.42
2017-12-26,6936.25,110.9758,2.47,10.25,1.42
2017-12-27,6939.34,110.8553,2.42,10.47,1.42
2017-12-28,6950.16,110.5154,2.43,10.18,1.42
2017-12-29,6903.39,110.0783,2.4,11.04,1.33
2017-12-30,,,,,1.33
2017-12-31,,,,,1.33
2018-01-01,,,,,1.33
2018-01-02,7006.9,109.6445,2.46,9.77,1.42
2018-01-03,7065.53,109.6751,2.44,9.15,1.42
2018-01-04,7077.91,109.4777,2.46,9.22,1.42
2018-01-05,7136.56,109.3496,2.47,9.22,1.42
2018-01-06,,,,,1.42
2018-01-07,,,,,1.42
2018-01-08,7157.39,109.5681,2.49,9.52,1.42
2018-01-09,7163.58,109.9025,2.55,10.08,1.42
2018-01-10,7153.57,109.628,2.55,9.82,1.42
2018-01-11,7211.78,109.4888,2.54,9.88,1.42
2018-01-12,7261.06,108.901,2.55,10.16,1.42
2018-01-13,,,,,1.42
2018-01-14,,,,,1.42
2018-01-15,,,,,1.42
2018-01-16,7223.69,108.3218,2.54,11.66,1.42
2018-01-17,7298.28,108.1526,2.57,11.91,1.42
2018-01-18,7296.05,108.0655,2.62,12.22,1.42
2018-01-19,7336.38,107.9455,2.64,11.27,1.42
2018-01-20,,,,,1.42
2018-01-21,,,,,1.42
2018-01-22,7408.03,108.107,2.66,11.03,1.42
2018-01-23,7460.29,107.9979,2.63,11.1,1.42
2018-01-24,7415.06,107.0802,2.65,11.47,1.42
2018-01-25,7411.16,106.5052,2.63,11.58,1.42
2018-01-26,7505.77,106.6911,2.66,11.08,1.42
2018-01-27,,,,,1.42
2018-01-28,,,,,1.42
2018-01-29,7466.51,107.1142,2.7,13.84,1.42
2018-01-30,7402.48,107.1064,2.73,14.79,1.42
2018-01-31,7411.48,106.7696,2.72,13.54,1.34
2018-02-01,7385.86,106.4877,2.78,13.47,1.42
2018-02-02,7240.95,107.1151,2.84,17.31,1.42
2018-02-03,,,,,1.42
2018-02-04,,,,,1.42
2018-02-05,6967.53,107.33,2.77,37.32,1.42
2018-02-06,7115.88,107.5204,2.79,29.98,1.42
2018-02-07,7051.98,107.7175,2.84,27.73,1.42
2018-02-08,6777.16,108.3025,2.85,33.46,1.42
2018-02-09,6874.49,108.2582,2.83,29.06,1.42
2018-02-10,,,,,1.42
2018-02-11,,,,,1.42
2018-02-12,6981.96,108.0332,2.86,25.61,1.42
2018-02-13,7013.51,107.7574,2.83,24.97,1.42
2018-02-14,7143.62,107.4691,2.91,19.26,1.42
2018-02-15,7256.43,106.9867,2.9,19.13,1.42
2018-02-16,7239.47,107.0359,2.87,19.46,1.42
2018-02-17,,,,,1.42
2018-02-18,,,,,1.42
2018-02-19,,,,,1.42
2018-02-20,7234.31,107.6249,2.88,20.6,1.42
2018-02-21,7218.23,107.8679,2.94,20.02,1.42
2018-02-22,7210.09,107.8668,2.92,18.72,1.42
2018-02-23,7337.39,107.6804,2.88,16.49,1.42
2018-02-24,,,,,1.42
2018-02-25,,,,,1.42
2018-02-26,7421.46,107.7347,2.86,15.8,1.42
2018-02-27,7330.35,108.1731,2.9,18.59,1.42
2018-02-28,7273.01,108.3903,2.87,19.85,1.35
2018-03-01,7180.56,108.5358,2.81,22.47,1.42
2018-03-02,7257.87,,2.86,19.59,1.42
2018-03-03,,,,,1.42
2018-03-04,,,,,1.42
2018-03-05,7330.7,108.3614,2.88,18.73,1.42
2018-03-06,7372.01,107.7969,2.88,18.36,1.42
2018-03-07,7396.65,108.0911,2.89,17.76,1.42
2018-03-08,7427.95,108.2671,2.86,16.54,1.42
2018-03-09,7560.81,107.923,2.9,14.64,1.42
2018-03-10,,,,,1.42
2018-03-11,,,,,1.42
2018-03-12,7588.32,107.9438,2.87,15.78,1.42
2018-03-13,7511.01,107.7384,2.84,16.35,1.42
2018-03-14,7496.81,107.8623,2.81,17.23,1.42
2018-03-15,7481.74,108.2032,2.82,16.59,1.43
2018-03-16,7481.99,108.4332,2.85,15.8,1.43
2018-03-17,,,,,1.43
2018-03-18,,,,,1.43
2018-03-19,7344.24,108.3145,2.85,19.02,1.43
2018-03-20,7364.3,108.4953,2.89,18.2,1.44
2018-03-21,7345.29,,2.89,17.86,1.44
2018-03-22,7166.68,107.9935,2.83,23.34,1.68
2018-03-23,6992.67,107.7495,2.82,24.87,1.68
2018-03-24,,,,,1.68
2018-03-25,,,,,1.68
2018-03-26,7220.54,107.1819,2.85,21.03,1.68
2018-03-27,7008.81,107.3359,2.78,22.5,1.68
2018-03-28,6949.23,107.5733,2.77,22.87,1.68
2018-03-29,7063.44,107.665,2.74,19.97,1.68
2018-03-30,,107.4784,,,1.67
2018-03-31,,,,,1.67
2018-04-01,,,,,1.67
2018-04-02,6870.12,107.7033,2.73,23.62,1.68
2018-04-03,6941.28,107.5624,2.79,21.1,1.69
2018-04-04,7042.11,107.6361,2.79,20.06,1.69
2018-04-05,7076.55,107.7281,2.83,18.94,1.69
2018-04-06,6915.11,107.7886,2.77,21.49,1.69
2018-04-07,,,,,1.69
2018-04-08,,,,,1.69
2018-04-09,6950.34,107.5316,2.78,21.77,1.69
2018-04-10,7094.3,107.3659,2.8,20.47,1.69
2018-04-11,7069.03,107.1224,2.79,20.24,1.69
2018-04-12,7140.25,107.2905,2.83,18.49,1.69
2018-04-13,7106.65,107.2368,2.82,17.41,1.69
2018-04-14,,,,,1.69
2018-04-15,,,,,1.69
2018-04-16,7156.28,107.0595,2.83,16.56,1.69
2018-04-17,7281.1,107.0344,2.82,15.25,1.69
2018-04-18,7295.24,107.1096,2.87,15.6,1.69
2018-04-19,7238.06,107.5197,2.92,15.96,1.69
2018-04-20,7146.13,108.1787,2.96,16.88,1.7
2018-04-21,,,,,1.7
2018-04-22,,,,,1.7
2018-04-23,7128.6,108.9332,2.98,16.34,1.7
2018-04-24,7007.35,108.7906,3.0,18.02,1.7
2018-04-25,7003.74,109.3447,3.03,17.84,1.7
2018-04-26,7118.68,109.3646,3.0,16.24,1.7
2018-04-27,7119.8,109.1735,2.96,15.41,1.7
2018-04-28,,,,,1.7
2018-04-29,,,,,1.7
2018-04-30,7066.27,109.3363,2.95,15.93,1.69
2018-05-01,7130.7,109.7445,2.97,15.49,1.7
2018-05-02,7100.9,110.1625,2.97,15.97,1.7
2018-05-03,7088.15,110.1803,2.94,15.9,1.7
2018-05-04,7209.62,110.25,2.95,14.77,1.7
2018-05-05,,,,,1.7
2018-05-06,,,,,1.7
2018-05-07,7265.21,110.5721,2.95,14.75,1.7
2018-05-08,7266.9,111.063,2.97,14.71,1.7
2018-05-09,7339.91,110.8818,3.0,13.42,1.7
2018-05-10,7404.97,110.405,2.97,13.23,1.7
2018-05-11,7402.88,110.2847,2.97,12.65,1.7
2018-05-12,,,,,1.7
2018-05-13,,,,,1.7
2018-05-14,7411.32,110.408,3.0,12.93,1.7
2018-05-15,7351.63,111.2292,3.08,14.63,1.7
2018-05-16,7398.3,111.3068,3.09,13.42,1.7
2018-05-17,7382.47,111.3547,3.11,13.43,1.7
2018-05-18,7354.34,111.7171,3.06,13.42,1.7
2018-05-19,,,,,1.7
2018-05-20,,,,,1.7
2018-05-21,7394.04,111.6394,3.06,13.08,1.7
2018-05-22,7378.46,111.1945,3.06,13.22,1.7
2018-05-23,7425.96,111.6933,3.01,12.58,1.7
2018-05-24,7424.43,111.4885,2.98,12.53,1.7
2018-05-25,7433.85,111.5843,2.93,13.22,1.7
2018-05-26,,,,,1.7
2018-05-27,,,,,1.7
2018-05-28,,,,,1.7
2018-05-29,7396.59,112.2127,2.77,17.02,1.7
2018-05-30,7462.45,111.6731,2.84,14.94,1.7
2018-05-31,7442.12,111.9894,2.83,15.43,1.7
2018-06-01,7554.33,111.8265,2.89,13.46,1.7
2018-06-02,,,,,1.7
2018-06-03,,,,,1.7
2018-06-04,7606.46,111.8247,2.94,12.74,1.7
2018-06-05,7637.86,112.264,2.92,12.4,1.7
2018-06-06,7689.24,111.7525,2.97,11.64,1.7
2018-06-07,7635.07,112.0725,2.93,12.13,1.7
2018-06-08,7645.51,112.1066,2.93,12.18,1.7
2018-06-09,,,,,1.7
2018-06-10,,,,,1.7
2018-06-11,7659.93,112.1106,2.96,12.35,1.7
2018-06-12,7703.79,112.2138,2.96,12.34,1.7
2018-06-13,7695.7,112.2577,2.98,12.94,1.7
2018-06-14,7761.04,112.8593,2.94,12.12,1.9
2018-06-15,7746.38,113.3379,2.93,11.98,1.9
2018-06-16,,,,,1.9
2018-06-17,,,,,1.9
2018-06-18,7747.03,113.4899,2.92,12.31,1.9
2018-06-19,7725.59,113.639,2.89,13.35,1.91
2018-06-20,7781.51,113.4784,2.93,12.79,1.92
2018-06-21,7712.95,113.6109,2.9,14.64,1.92
2018-06-22,7692.82,113.3047,2.9,13.77,1.92
2018-06-23,,,,,1.92
2018-06-24,,,,,1.92
2018-06-25,7532.01,113.286,2.87,17.33,1.92
2018-06-26,7561.63,113.3016,2.88,15.92,1.92
2018-06-27,7445.08,113.8971,2.83,17.91,1.91
2018-06-28,7503.68,113.8405,2.84,16.85,1.91
2018-06-29,7510.3,113.2586,2.85,16.09,1.91
2018-06-30,,,,,1.91
2018-07-01,,,,,1.91
2018-07-02,7567.69,114.1673,2.87,15.6,1.91
2018-07-03,7502.67,113.3222,2.83,16.14,1.91
2018-07-04,,,,,1.91
2018-07-05,7586.43,112.9759,2.84,14.97,1.91
2018-07-06,7688.39,112.6428,2.82,13.37,1.91
2018-07-07,,,,,1.91
2018-07-08,,,,,1.91
2018-07-09,7756.2,112.6425,2.86,12.69,1.91
2018-07-10,7759.2,112.5794,2.87,12.64,1.91
2018-07-11,7716.61,112.8582,2.85,13.63,1.91
2018-07-12,7823.92,112.779,2.85,12.58,1.91
2018-07-13,7825.98,113.0705,2.83,12.18,1.91
2018-07-14,,,,,1.91
2018-07-15,,,,,1.91
2018-07-16,7805.72,112.8437,2.85,12.83,1.91
2018-07-17,7855.12,113.1504,2.86,12.06,1.91
2018-07-18,7854.44,113.3348,2.88,12.1,1.91
2018-07-19,7825.3,113.9463,2.84,12.87,1.91
2018-07-20,7820.2,113.3213,2.89,12.86,1.91
2018-07-21,,,,,1.91
2018-07-22,,,,,1.91
2018-07-23,7841.87,113.4246,2.96,12.62,1.91
2018-07-24,7840.77,113.2045,2.95,12.41,1.91
2018-07-25,7932.24,112.9221,2.94,12.29,1.91
2018-07-26,7852.18,112.9179,2.98,12.14,1.91
2018-07-27,7737.42,112.8125,2.96,13.03,1.91
2018-07-28,,,,,1.91
2018-07-29,,,,,1.91
2018-07-30,7630.0,112.6044,2.98,14.26,1.91
2018-07-31,7671.79,112.7299,2.96,12.83,1.91
2018-08-01,7707.29,112.8899,3.0,13.15,1.91
2018-08-02,7802.69,113.1679,2.98,12.19,1.91
2018-08-03,7812.01,113.012,2.95,11.64,1.91
2018-08-04,,,,,1.91
2018-08-05,,,,,1.91
2018-08-06,7859.68,113.229,2.94,11.27,1.91
2018-08-07,7883.66,112.9759,2.98,10.93,1.91
2018-08-08,7888.33,113.1411,2.96,10.85,1.91
2018-08-09,7891.78,113.3806,2.93,11.27,1.91
2018-08-10,7839.11,114.3005,2.87,13.16,1.91
2018-08-11,,,,,1.91
2018-08-12,,,,,1.91
2018-08-13,7819.71,114.851,2.88,14.78,1.91
2018-08-14,7870.89,114.658,2.89,13.31,1.91
2018-08-15,7774.12,115.1526,2.86,14.64,1.91
2018-08-16,7806.52,114.6416,2.87,13.45,1.92
2018-08-17,7816.33,114.5339,2.87,12.64,1.92
2018-08-18,,,,,1.92
2018-08-19,,,,,1.92
2018-08-20,7821.01,114.3504,2.82,12.49,1.92
2018-08-21,7859.17,113.8604,2.85,12.86,1.92
2018-08-22,7889.1,113.663,2.82,12.25,1.92
2018-08-23,7878.46,114.0932,2.82,12.41,1.92
2018-08-24,7945.98,113.5985,2.82,11.99,1.92
2018-08-25,,,,,1.92
2018-08-26,,,,,1.92
2018-08-27,8017.9,113.2721,2.85,12.16,1.92
2018-08-28,8030.04,113.3444,2.88,12.5,1.92
2018-08-29,8109.69,113.6461,2.89,12.25,1.92
2018-08-30,8088.36,114.0899,2.86,13.53,1.92
2018-08-31,8109.54,114.2755,2.86,12.86,1.91
2018-09-01,,,,,1.91
2018-09-02,,,,,1.91
2018-09-03,,,,,1.91
2018-09-04,8091.25,114.8584,2.9,13.16,1.92
2018-09-05,7995.17,114.7477,2.9,13.91,1.92
2018-09-06,7922.73,114.6479,2.88,14.65,1.92
2018-09-07,7902.54,114.5816,2.94,14.88,1.92
2018-09-08,,,,,1.92
2018-09-09,,,,,1.92
2018-09-10,7924.16,114.6802,2.94,14.16,1.92
2018-09-11,7972.47,114.7051,2.98,13.22,1.92
2018-09-12,7954.23,114.2192,2.97,13.14,1.92
2018-09-13,8013.71,113.9268,2.97,12.37,1.92
2018-09-14,8010.04,114.0657,2.99,12.07,1.92
2018-09-15,,,,,1.92
2018-09-16,,,,,1.92
2018-09-17,7895.79,113.9158,2.99,13.68,1.92
2018-09-18,7956.11,113.7739,3.05,12.79,1.92
2018-09-19,7950.04,113.6532,3.08,11.75,1.92
2018-09-20,8028.23,113.4989,3.07,11.8,1.92
2018-09-21,7986.96,113.5099,3.07,11.68,1.92
2018-09-22,,,,,1.92
2018-09-23,,,,,1.92
2018-09-24,7993.25,113.5301,3.08,12.2,1.93
2018-09-25,8007.47,113.7202,3.1,12.42,1.93
2018-09-26,7990.37,113.6739,3.06,12.89,1.93
2018-09-27,8041.97,113.9784,3.06,12.41,2.18
2018-09-28,8046.35,113.8077,3.05,12.12,2.18
2018-09-29,,,,,2.18
2018-09-30,,,,,2.18
2018-10-01,8037.3,113.8235,3.09,12.0,2.18
2018-10-02,7999.55,113.8954,3.05,12.05,2.18
2018-10-03,8025.09,114.1569,3.15,11.61,2.18
2018-10-04,7879.51,114.6867,3.19,14.22,2.18
2018-10-05,7788.45,114.561,3.23,14.82,2.18
2018-10-06,,,,,2.18
2018-10-07,,,,,2.18
2018-10-08,7735.95,,,15.69,2.18
2018-10-09,7738.02,114.6583,3.21,15.95,2.18
2018-10-10,7422.05,114.6072,3.22,22.96,2.18
2018-10-11,7329.06,114.4074,3.14,24.98,2.18
2018-10-12,7496.89,114.3691,3.15,21.31,2.18
2018-10-13,,,,,2.18
2018-10-14,,,,,2.18
2018-10-15,7430.74,114.045,3.16,21.3,2.18
2018-10-16,7645.49,113.8963,3.16,17.62,2.18
2018-10-17,7642.7,114.1755,3.19,17.4,2.19
2018-10-18,7485.14,114.8164,3.17,20.06,2.19
2018-10-19,7449.03,114.8567,3.2,19.89,2.19
2018-10-20,,,,,2.19
2018-10-21,,,,,2.19
2018-10-22,7468.63,115.1782,3.2,19.64,2.19
2018-10-23,7437.54,115.1651,3.17,20.71,2.2
2018-10-24,7108.4,115.3755,3.1,25.23,2.2
2018-10-25,7318.34,115.4831,3.14,24.22,2.2
2018-10-26,7167.21,115.473,3.08,24.16,2.2
2018-10-27,,,,,2.2
2018-10-28,,,,,2.2
2018-10-29,7050.29,115.8936,3.08,24.7,2.2
2018-10-30,7161.65,116.2357,3.12,23.35,2.2
2018-10-31,7305.9,116.5281,3.15,21.23,2.2
2018-11-01,7434.06,115.8657,3.14,19.34,2.2
2018-11-02,7356.99,115.643,3.22,19.51,2.19
2018-11-03,,,,,2.19
2018-11-04,,,,,2.19
2018-11-05,7328.85,115.703,3.2,19.96,2.2
2018-11-06,7375.96,115.5622,3.22,19.91,2.2
2018-11-07,7570.75,115.2519,3.22,16.36,2.2
2018-11-08,7530.88,115.6478,3.24,16.72,2.2
2018-11-09,7406.9,116.4778,3.19,17.36,2.19
2018-11-10,,,,,2.19
2018-11-11,,,,,2.19
2018-11-12,7200.87,,,20.45,2.19
2018-11-13,7200.87,116.6694,3.14,20.02,2.2
2018-11-14,7136.39,116.498,3.12,21.25,2.2
2018-11-15,7259.03,116.3861,3.11,19.98,2.2
2018-11-16,7247.87,115.9258,3.08,18.14,2.2
2018-11-17,,,,,2.2
2018-11-18,,,,,2.2
2018-11-19,7028.48,115.9859,3.06,20.1,2.2
2018-11-20,6908.82,116.2367,3.06,22.48,2.2
2018-11-21,6972.25,116.092,3.06,20.8,2.2
2018-11-22,,,,,2.2
2018-11-23,6938.98,116.4713,3.05,21.52,2.2
2018-11-24,,,,,2.2
2018-11-25,,,,,2.2
2018-11-26,7081.85,116.6208,3.07,18.9,2.2
2018-11-27,7082.7,116.9001,3.06,19.02,2.2
2018-11-28,7291.59,116.8343,3.06,18.49,2.2
2018-11-29,7273.08,116.1961,3.03,18.79,2.2
2018-11-30,7330.54,116.413,3.01,18.07,2.2
2018-12-01,,,,,2.2
2018-12-02,,,,,2.2
2018-12-03,7441.51,115.9057,2.98,16.44,2.19
2018-12-04,7158.43,116.0028,2.91,20.74,2.2
2018-12-05,,,,,2.2
2018-12-06,7188.26,116.3991,2.87,21.19,2.2
2018-12-07,6969.25,116.0847,2.85,23.23,2.19
2018-12-08,,,,,2.19
2018-12-09,,,,,2.19
2018-12-10,7020.52,116.6746,2.85,22.64,2.2
2018-12-11,7031.83,116.7564,2.89,21.76,2.19
2018-12-12,7098.31,116.2214,2.91,21.46,2.19
2018-12-13,7070.33,116.3974,2.91,20.65,2.19
2018-12-14,6910.66,116.79,2.89,21.63,2.19
2018-12-15,,,,,2.19
2018-12-16,,,,,2.19
2018-12-17,6753.73,116.4532,2.86,24.52,2.2
2018-12-18,6783.91,116.4127,2.82,25.58,2.2
2018-12-19,6636.83,116.0676,2.77,25.58,2.2
2018-12-20,6528.41,116.0183,2.79,28.38,2.4
2018-12-21,6332.99,116.2227,2.79,30.11,2.4
2018-12-22,,,,,2.4
2018-12-23,,,,,2.4
2018-12-24,6192.92,116.2182,2.74,36.07,2.4
2018-12-25,,,,,2.4
2018-12-26,6554.36,116.1162,2.81,30.41,2.4
2018-12-27,6579.49,115.9927,2.77,29.96,2.4
2018-12-28,6584.52,115.7232,2.72,28.34,2.4
2018-12-29,,,,,2.4
2018-12-30,,,,,2.4
2018-12-31,6635.28,115.5674,2.69,25.42,2.4
2019-01-01,,,,,2.4
2019-01-02,6665.94,115.7689,2.66,23.22,2.4
2019-01-03,6463.5,115.4622,2.56,25.45,2.4
2019-01-04,6738.86,114.9821,2.67,21.38,2.4
2019-01-05,,,,,2.4
2019-01-06,,,,,2.4
2019-01-07,6823.47,114.5628,2.7,21.4,2.4
2019-01-08,6897.0,114.7281,2.73,20.47,2.4
2019-01-09,6957.08,114.1406,2.74,19.98,2.4
2019-01-10,6986.07,114.0496,2.74,19.5,2.4
2019-01-11,6971.48,114.0404,2.71,18.19,2.4
2019-01-12,,,,,2.4
2019-01-13,,,,,2.4
2019-01-14,6905.92,,2.71,19.07,2.4
2019-01-15,7023.83,114.3402,2.72,18.6,2.4
2019-01-16,7034.69,114.137,2.73,19.04,2.4
2019-01-17,7084.46,114.4115,2.75,18.06,2.4
2019-01-18,7157.23,114.558,2.79,17.8,2.4
2019-01-19,,,,,2.4
2019-01-20,,,,,2.4
2019-01-21,,,,,2.4
2019-01-22,7020.36,114.7541,2.74,20.8,2.4
2019-01-23,7025.77,114.5759,2.76,19.52,2.4
2019-01-24,7073.46,114.617,2.72,18.89,2.4
2019-01-25,7164.86,114.0197,2.76,17.42,2.4
2019-01-26,,,,,2.4
2019-01-27,,,,,2.4
2019-01-28,7085.68,114.0522,2.75,18.87,2.4
2019-01-29,7028.29,114.026,2.72,19.13,2.4
2019-01-30,7183.08,114.0731,2.7,17.66,2.4
2019-01-31,7281.74,113.5504,2.63,16.57,2.4
2019-02-01,7263.87,113.7548,2.7,16.14,2.4
2019-02-02,,,,,2.4
2019-02-03,,,,,2.4
2019-02-04,7347.54,113.8766,2.73,15.73,2.4
2019-02-05,7402.08,114.0431,2.71,15.57,2.4
2019-02-06,7375.28,114.2305,2.7,15.38,2.4
2019-02-07,7288.35,114.4339,2.65,16.37,2.4
2019-02-08,7298.2,114.5003,2.63,15.72,2.4
2019-02-09,,,,,2.4
2019-02-10,,,,,2.4
2019-02-11,7307.9,115.031,2.65,15.97,2.4
2019-02-12,7414.62,114.7297,2.68,15.43,2.4
2019-02-13,7420.38,114.9407,2.71,15.65,2.4
2019-02-14,7426.95,115.1007,2.66,16.22,2.4
2019-02-15,7472.41,114.9923,2.66,14.91,2.4
2019-02-16,,,,,2.4
2019-02-17,,,,,2.4
2019-02-18,,,,,2.4
2019-02-19,7486.77,114.57,2.65,14.88,2.4
2019-02-20,7489.07,,2.65,14.02,2.4
2019-02-21,7459.71,114.5091,2.69,14.46,2.4
2019-02-22,7527.54,114.2716,2.65,13.51,2.4
2019-02-23,,,,,2.4
2019-02-24,,,,,2.4
2019-02-25,7554.46,114.1457,2.67,14.85,2.4
2019-02-26,7549.3,114.0687,2.64,15.17,2.4
2019-02-27,7554.51,114.0363,2.69,14.7,2.4
2019-02-28,7532.53,114.1991,2.73,14.78,2.4
2019-03-01,7595.35,114.537,2.76,13.57,2.4
2019-03-02,,,,,2.4
2019-03-03,,,,,2.4
2019-03-04,7577.57,114.6925,2.72,14.63,2.4
2019-03-05,7576.36,114.804,2.72,14.74,2.4
2019-03-06,7505.92,114.9714,2.69,15.74,2.4
2019-03-07,7421.46,115.4919,2.64,16.59,2.4
2019-03-08,7408.14,115.3599,2.62,16.05,2.4
2019-03-09,,,,,2.4
2019-03-10,,,,,2.4
2019-03-11,7558.06,115.2967,2.64,14.33,2.4
2019-03-12,7591.03,114.939,2.61,13.77,2.4
2019-03-13,7643.41,114.7372,2.61,13.41,2.4
2019-03-14,7630.91,114.79,2.63,13.5,2.4
2019-03-15,7688.53,114.5815,2.59,12.88,2.4
2019-03-16,,,,,2.4
2019-03-17,,,,,2.4
2019-03-18,7714.48,114.4375,2.6,13.1,2.4
2019-03-19,7723.95,114.2324,2.61,13.56,2.4
2019-03-20,7728.97,114.1509,2.54,13.91,2.41
2019-03-21,7838.96,114.1684,2.54,13.63,2.41
2019-03-22,7642.67,114.6856,2.44,16.48,2.41
2019-03-23,,,,,2.41
2019-03-24,,,,,2.41
2019-03-25,7637.54,114.4171,2.43,16.33,2.4
2019-03-26,7691.52,114.6414,2.41,14.68,2.4
2019-03-27,7643.38,115.1243,2.39,15.15,2.41
2019-03-28,7669.17,115.2581,2.39,14.43,2.41
2019-03-29,7729.32,115.1371,2.41,13.71,2.43
2019-03-30,,,,,2.43
2019-03-31,,,,,2.43
2019-04-01,7828.91,114.9362,2.49,13.4,2.41
2019-04-02,7848.69,115.1173,2.48,13.36,2.41
2019-04-03,7895.55,114.7211,2.52,13.74,2.41
2019-04-04,7891.78,114.9697,2.51,13.58,2.41
2019-04-05,7938.69,114.9726,2.5,12.82,2.41
2019-04-06,,,,,2.41
2019-04-07,,,,,2.41
2019-04-08,7953.88,114.6893,2.52,13.18,2.41
2019-04-09,7909.28,114.5321,2.51,14.28,2.41
2019-04-10,7964.24,114.4269,2.48,13.3,2.41
2019-04-11,7947.36,114.6303,2.51,13.02,2.41
2019-04-12,7984.16,114.3531,2.56,12.01,2.41
2019-04-13,,,,,2.41
2019-04-14,,,,,2.41
2019-04-15,7976.01,114.495,2.55,12.32,2.41
2019-04-16,8000.23,114.6756,2.6,12.18,2.41
2019-04-17,7996.08,114.5141,2.59,12.6,2.42
2019-04-18,7998.06,114.7073,2.57,12.09,2.43
2019-04-19,7998.063,114.6977,,,2.44
2019-04-20,,,,,2.44
2019-04-21,,,,,2.44
2019-04-22,8015.27,114.7694,2.59,12.42,2.44
2019-04-23,8120.82,115.1578,2.57,12.28,2.44
2019-04-24,8102.01,115.4187,2.53,13.14,2.44
2019-04-25,8106.29,115.7709,2.54,13.25,2.44
2019-04-26,8133.96,115.4767,2.51,12.73,2.44
2019-04-27,,,,,2.44
2019-04-28,,,,,2.44
2019-04-29,8149.39,115.5227,2.54,13.11,2.45
2019-04-30,8095.39,115.3281,2.51,13.12,2.45
2019-05-01,8049.64,115.0022,2.52,14.8,2.45
2019-05-02,8036.77,115.5617,2.55,14.42,2.41
2019-05-03,8164.0,115.2646,2.54,12.87,2.4
2019-05-04,,,,,2.4
2019-05-05,,,,,2.4
2019-05-06,8123.29,115.3811,2.51,15.44,2.4
2019-05-07,7963.76,115.6116,2.45,19.32,2.4
2019-05-08,7943.32,115.5171,2.49,19.4,2.39
2019-05-09,7910.59,115.8421,2.45,19.1,2.38
2019-05-10,7916.94,115.5334,2.47,16.04,2.38
2019-05-11,,,,,2.38
2019-05-12,,,,,2.38
2019-05-13,7647.02,115.915,2.4,20.55,2.38
2019-05-14,7734.49,115.9425,2.42,18.06,2.38
2019-05-15,7822.15,115.8565,2.37,16.44,2.4
2019-05-16,7898.05,116.0346,2.4,15.29,2.39
2019-05-17,7816.28,116.448,2.39,15.96,2.39
2019-05-18,,,,,2.39
2019-05-19,,,,,2.39
2019-05-20,7702.38,116.3119,2.41,16.31,2.39
2019-05-21,7785.72,116.2844,2.43,14.95,2.39
2019-05-22,7750.84,116.2412,2.39,14.75,2.38
2019-05-23,7628.28,116.2368,2.31,16.92,2.38
2019-05-24,7637.01,116.0806,2.32,15.85,2.38
2019-05-25,,,,,2.38
2019-05-26,,,,,2.38
2019-05-27,,,,,2.38
2019-05-28,7607.35,116.3174,2.26,17.5,2.39
2019-05-29,7547.31,116.5535,2.25,17.9,2.39
2019-05-30,7567.72,116.3989,2.22,17.3,2.39
2019-05-31,7453.15,116.7273,2.14,18.71,2.4
2019-06-01,,,,,2.4
2019-06-02,,,,,2.4
2019-06-03,7333.02,116.4764,2.07,18.86,2.38
2019-06-04,7527.12,116.091,2.12,16.97,2.38
2019-06-05,7575.48,116.03,2.12,16.09,2.38
2019-06-06,7615.55,115.9771,2.12,15.93,2.37
2019-06-07,7742.1,115.7368,2.09,16.3,2.37
2019-06-08,,,,,2.37
2019-06-09,,,,,2.37
2019-06-10,7823.17,115.5001,2.15,15.94,2.37
2019-06-11,7822.57,115.3794,2.15,15.99,2.37
2019-06-12,7792.72,115.438,2.13,15.91,2.37
2019-06-13,7837.13,115.6275,2.1,15.82,2.37
2019-06-14,7796.66,115.9057,2.09,15.28,2.36
2019-06-15,,,,,2.36
2019-06-16,,,,,2.36
2019-06-17,7845.02,115.9684,2.09,15.35,2.38
2019-06-18,7953.88,115.8797,2.06,15.15,2.37
2019-06-19,7987.32,115.7889,2.03,14.33,2.37
2019-06-20,8051.34,114.8046,2.01,14.75,2.37
2019-06-21,8031.71,114.8377,2.07,15.4,2.38
2019-06-22,,,,,2.38
2019-06-23,,,,,2.38
2019-06-24,8005.7,114.6559,2.02,15.26,2.38
2019-06-25,7884.72,114.6363,2.0,16.28,2.38
2019-06-26,7909.97,114.5608,2.05,16.21,2.38
2019-06-27,7967.76,114.665,2.01,15.82,2.38
2019-06-28,8006.24,114.5821,2.0,15.08,2.4
2019-06-29,,,,,2.4
2019-06-30,,,,,2.4
2019-07-01,8091.16,114.7239,2.03,14.06,2.39
2019-07-02,8109.09,114.8258,1.98,12.93,2.4
2019-07-03,8170.23,114.8135,1.96,12.57,2.41
2019-07-04,,,,,2.41
2019-07-05,8161.79,115.1132,2.04,13.28,2.42
2019-07-06,,,,,2.42
2019-07-07,,,,,2.42
2019-07-08,8098.38,115.0254,2.05,13.96,2.41
2019-07-09,8141.73,115.1017,2.07,14.09,2.41
2019-07-10,8202.53,115.0879,2.07,13.03,2.41
2019-07-11,8196.04,114.8361,2.13,12.93,2.4
2019-07-12,8244.14,114.7685,2.12,12.39,2.38
2019-07-13,,,,,2.38
2019-07-14,,,,,2.38
2019-07-15,8258.19,114.6819,2.09,12.68,2.4
2019-07-16,8222.8,115.0111,2.13,12.86,2.41
2019-07-17,8185.21,114.8819,2.06,13.97,2.41
2019-07-18,8207.24,114.8744,2.04,13.53,2.41
2019-07-19,8146.49,114.8695,2.05,14.45,2.41
2019-07-20,,,,,2.41
2019-07-21,,,,,2.41
2019-07-22,8204.14,115.0018,2.05,13.53,2.4
2019-07-23,8251.4,115.2995,2.08,12.61,2.4
2019-07-24,8321.5,115.2436,2.05,12.07,2.4
2019-07-25,8238.54,115.2982,2.08,12.74,2.4
2019-07-26,8330.21,115.5449,2.08,12.16,2.4
2019-07-27,,,,,2.4
2019-07-28,,,,,2.4
2019-07-29,8293.33,115.5885,2.06,12.83,2.4
2019-07-30,8273.61,115.6211,2.06,13.94,2.39
2019-07-31,8175.42,115.4946,2.02,16.12,2.4
2019-08-01,8111.12,116.0499,1.9,17.87,2.14
2019-08-02,8004.07,116.1864,1.86,17.61,2.14
2019-08-03,,,,,2.14
2019-08-04,,,,,2.14
2019-08-05,7726.04,116.5851,1.75,24.59,2.13
2019-08-06,7833.27,116.6904,1.73,20.17,2.13
2019-08-07,7862.83,116.7987,1.71,19.49,2.12
2019-08-08,8039.16,116.474,1.72,16.91,2.12
2019-08-09,7959.14,116.4419,1.74,17.97,2.12
2019-08-10,,,,,2.12
2019-08-11,,,,,2.12
2019-08-12,7863.41,116.7548,1.65,21.09,2.12
2019-08-13,8016.36,116.7267,1.68,17.52,2.12
2019-08-14,7773.94,117.0913,1.59,22.1,2.12
2019-08-15,7766.62,117.2239,1.52,21.18,2.13
2019-08-16,7895.99,117.0786,1.55,18.47,2.13
2019-08-17,,,,,2.13
2019-08-18,,,,,2.13
2019-08-19,8002.81,117.3886,1.6,16.88,2.13
2019-08-20,7948.56,117.3726,1.55,17.5,2.13
2019-08-21,8020.21,117.1764,1.59,15.8,2.12
2019-08-22,7991.39,117.3558,1.62,16.68,2.12
2019-08-23,7751.77,117.3009,1.52,19.87,2.12
2019-08-24,,,,,2.12
2019-08-25,,,,,2.12
2019-08-26,7853.74,117.6658,1.54,19.32,2.12
2019-08-27,7826.95,117.75,1.49,20.31,2.12
2019-08-28,7856.88,117.8767,1.47,19.35,2.12
2019-08-29,7973.39,118.0625,1.5,17.88,2.12
2019-08-30,7962.88,118.1575,1.5,18.98,2.13
2019-08-31,,,,,2.13
2019-09-01,,,,,2.13
2019-09-02,,,,,2.13
2019-09-03,7874.16,118.3113,1.47,19.66,2.13
2019-09-04,7976.88,117.6729,1.47,17.33,2.13
2019-09-05,8116.83,117.4776,1.57,16.27,2.13
2019-09-06,8103.07,117.1292,1.55,15.0,2.12
2019-09-07,,,,,2.12
2019-09-08,,,,,2.12
2019-09-09,8087.44,117.0601,1.63,15.27,2.13
2019-09-10,8084.16,117.0887,1.72,15.2,2.13
2019-09-11,8169.68,117.3125,1.75,14.61,2.13
2019-09-12,8194.47,116.8375,1.79,14.22,2.13
2019-09-13,8176.71,116.7677,1.9,13.74,2.14
2019-09-14,,,,,2.14
2019-09-15,,,,,2.14
2019-09-16,8153.54,117.0251,1.84,14.67,2.25
2019-09-17,8186.02,116.9826,1.81,14.44,2.3
2019-09-18,8177.39,116.9766,1.8,13.95,2.25
2019-09-19,8182.88,117.0861,1.79,14.05,1.9
2019-09-20,8117.67,117.1819,1.74,15.32,1.9
2019-09-21,,,,,1.9
2019-09-22,,,,,1.9
2019-09-23,8112.46,117.2986,1.72,14.91,1.9
2019-09-24,7993.63,117.2227,1.64,17.05,1.9
2019-09-25,8077.38,117.6527,1.73,15.96,1.9
2019-09-26,8030.66,117.7267,1.7,16.07,1.85
2019-09-27,7939.63,117.7218,1.69,17.22,1.83
2019-09-28,,,,,1.83
2019-09-29,,,,,1.83
2019-09-30,7999.33,117.9461,1.68,16.24,1.9
2019-10-01,7908.67,117.9595,1.65,18.56,1.88
2019-10-02,7785.23,117.9671,1.6,20.56,1.85
2019-10-03,7872.25,117.6608,1.54,19.12,1.83
2019-10-04,7982.46,117.5288,1.52,17.04,1.82
2019-10-05,,,,,1.82
2019-10-06,,,,,1.82
2019-10-07,7956.28,117.5533,1.56,17.86,1.82
2019-10-08,7823.76,117.7407,1.54,20.28,1.82
2019-10-09,7903.73,117.6835,1.59,18.64,1.82
2019-10-10,7950.77,117.2801,1.67,17.57,1.82
2019-10-11,8057.04,116.8239,1.76,15.58,1.82
2019-10-12,,,,,1.82
2019-10-13,,,,,1.82
2019-10-14,8048.65,,,14.57,1.82
2019-10-15,8148.71,116.8111,1.77,13.54,1.9
2019-10-16,8124.18,116.6425,1.75,13.68,1.9
2019-10-17,8156.85,116.2615,1.76,13.79,1.85
2019-10-18,8089.54,116.1344,1.76,14.25,1.85
2019-10-19,,,,,1.85
2019-10-20,,,,,1.85
2019-10-21,8162.99,116.0436,1.8,14.0,1.85
2019-10-22,8104.3,115.9851,1.78,14.46,1.85
2019-10-23,8119.79,116.0586,1.77,14.01,1.85
2019-10-24,8185.8,116.1278,1.77,13.71,1.85
2019-10-25,8243.12,116.0774,1.8,12.65,1.83
2019-10-26,,,,,1.83
2019-10-27,,,,,1.83
2019-10-28,8325.99,116.0222,1.85,13.11,1.83
2019-10-29,8276.85,115.9797,1.84,13.2,1.82
2019-10-30,8303.98,116.1636,1.78,12.33,1.82
2019-10-31,8292.36,115.9125,1.69,13.22,1.58
2019-11-01,8386.4,115.7312,1.73,12.3,1.57
2019-11-02,,,,,1.57
2019-11-03,,,,,1.57
2019-11-04,8433.2,115.8624,1.79,12.83,1.56
2019-11-05,8434.68,116.1138,1.86,13.1,1.56
2019-11-06,8410.63,116.1004,1.81,12.62,1.55
2019-11-07,8434.52,116.1172,1.92,12.73,1.55
2019-11-08,8475.31,116.3436,1.94,12.07,1.55
2019-11-09,,,,,1.55
2019-11-10,,,,,1.55
2019-11-11,8464.28,,,12.69,1.55
2019-11-12,8486.09,116.5837,1.92,12.68,1.55
2019-11-13,8482.1,116.8397,1.88,13.0,1.55
2019-11-14,8479.02,116.8022,1.82,13.05,1.55
2019-11-15,8540.83,116.4401,1.84,12.05,1.55
2019-11-16,,,,,1.55
2019-11-17,,,,,1.55
2019-11-18,8549.94,116.3625,1.81,12.46,1.55
2019-11-19,8570.66,116.5391,1.79,12.86,1.55
2019-11-20,8526.73,116.828,1.73,12.78,1.55
2019-11-21,8506.21,116.7435,1.77,13.13,1.55
2019-11-22,8519.88,116.9137,1.77,12.34,1.55
2019-11-23,,,,,1.55
2019-11-24,,,,,1.55
2019-11-25,8632.49,117.0098,1.76,11.87,1.55
2019-11-26,8647.93,117.0513,1.74,11.54,1.55
2019-11-27,8705.18,117.1273,1.77,11.75,1.55
2019-11-28,,,,,1.55
2019-11-29,8665.47,117.1204,1.78,12.62,1.56
2019-11-30,,,,,1.56
2019-12-01,,,,,1.56
2019-12-02,8567.99,116.9647,1.83,14.91,1.56
2019-12-03,8520.64,116.8898,1.72,15.96,1.55
2019-12-04,8566.67,116.692,1.77,14.8,1.55
2019-12-05,8570.7,116.3838,1.8,14.52,1.55
2019-12-06,8656.53,116.5381,1.84,13.62,1.55
2019-12-07,,,,,1.55
2019-12-08,,,,,1.55
2019-12-09,8621.83,116.3283,1.83,15.86,1.55
2019-12-10,8616.18,116.2542,1.85,15.68,1.55
2019-12-11,8654.05,116.1478,1.79,14.99,1.55
2019-12-12,8717.32,115.8741,1.9,13.94,1.55
2019-12-13,8734.88,115.6967,1.82,12.63,1.55
2019-12-14,,,,,1.55
2019-12-15,,,,,1.55
2019-12-16,8814.23,115.555,1.89,12.14,1.56
2019-12-17,8823.36,115.5553,1.89,12.29,1.55
2019-12-18,8827.73,115.6618,1.92,12.58,1.55
2019-12-19,8887.22,115.5988,1.92,12.5,1.55
2019-12-20,8924.96,115.7598,1.92,12.51,1.55
2019-12-21,,,,,1.55
2019-12-22,,,,,1.55
2019-12-23,8945.65,115.8059,1.93,12.61,1.55
2019-12-24,8952.88,,1.9,12.67,1.55
2019-12-25,,,,,1.55
2019-12-26,9022.39,115.634,1.9,12.65,1.55
2019-12-27,9006.62,115.22,1.88,13.43,1.55
2019-12-28,,,,,1.55
2019-12-29,,,,,1.55
2019-12-30,8945.99,114.9631,1.9,14.82,1.55
2019-12-31,8972.6,114.669,1.92,13.78,1.55
2020-01-01,,,,,1.55
2020-01-02,9092.19,114.9745,1.88,12.47,1.55
2020-01-03,9020.77,114.9867,1.8,14.02,1.55
2020-01-04,,,,,1.55
2020-01-05,,,,,1.55
2020-01-06,9071.46,114.9557,1.81,13.85,1.55
2020-01-07,9068.58,115.1477,1.83,13.79,1.55
2020-01-08,9129.24,115.1328,1.87,13.45,1.55
2020-01-09,9203.43,115.2331,1.85,12.54,1.55
2020-01-10,9178.86,115.0677,1.83,12.56,1.54
2020-01-11,,,,,1.54
2020-01-12,,,,,1.54
2020-01-13,9273.93,115.0342,1.85,12.32,1.54
2020-01-14,9251.33,115.0239,1.82,12.39,1.54
2020-01-15,9258.7,114.9528,1.79,12.42,1.54
2020-01-16,9357.13,115.0006,1.81,12.32,1.54
2020-01-17,9388.94,115.0656,1.84,12.1,1.55
2020-01-18,,,,,1.55
2020-01-19,,,,,1.55
2020-01-20,,,,,1.55
2020-01-21,9370.81,115.1876,1.78,12.85,1.55
2020-01-22,9383.77,115.2273,1.77,12.91,1.55
2020-01-23,9402.48,115.5545,1.74,12.98,1.55
2020-01-24,9314.91,115.5556,1.7,14.56,1.55
2020-01-25,,,,,1.55
2020-01-26,,,,,1.55
2020-01-27,9139.31,115.8004,1.61,18.23,1.55
2020-01-28,9269.68,115.7239,1.65,16.28,1.55
2020-01-29,9275.16,115.7003,1.6,16.39,1.55
2020-01-30,9298.93,115.8077,1.57,15.49,1.6
2020-01-31,9150.94,115.7345,1.51,18.84,1.59
2020-02-01,,,,,1.59
2020-02-02,,,,,1.59
2020-02-03,9273.4,116.1172,1.54,17.97,1.59
2020-02-04,9467.97,115.9291,1.61,16.05,1.59
2020-02-05,9508.68,116.009,1.66,15.15,1.59
2020-02-06,9572.15,116.1518,1.65,14.96,1.59
2020-02-07,9520.51,116.5086,1.59,15.47,1.58
2020-02-08,,,,,1.58
2020-02-09,,,,,1.58
2020-02-10,9628.39,116.5711,1.56,15.04,1.58
2020-02-11,9638.94,116.3585,1.59,15.18,1.58
2020-02-12,9725.96,116.2794,1.62,13.74,1.58
2020-02-13,9711.97,116.3999,1.61,14.15,1.58
2020-02-14,9731.18,116.4223,1.59,13.68,1.58
2020-02-15,,,,,1.58
2020-02-16,,,,,1.58
2020-02-17,,,,,1.58
2020-02-18,9732.74,116.6039,1.55,14.83,1.59
2020-02-19,9817.18,116.7829,1.56,14.38,1.59
2020-02-20,9750.96,117.2454,1.52,15.56,1.59
2020-02-21,9576.59,117.0473,1.46,17.08,1.58
2020-02-22,,,,,1.58
2020-02-23,,,,,1.58
2020-02-24,9221.28,117.4018,1.38,25.03,1.58
2020-02-25,8965.61,117.2425,1.33,27.85,1.58
2020-02-26,8980.77,117.405,1.33,27.56,1.58
2020-02-27,8566.48,117.3678,1.3,39.16,1.58
2020-02-28,8567.37,117.6568,1.13,40.11,1.58
2020-02-29,,,,,1.58
2020-03-01,,,,,1.58
2020-03-02,8952.16,116.8144,1.1,33.42,1.59
2020-03-03,8684.09,116.4958,1.02,36.82,1.59
2020-03-04,9018.09,116.7802,1.02,31.99,1.09
2020-03-05,8738.6,116.7901,0.92,39.62,1.09
2020-03-06,8575.62,116.7106,0.74,41.94,1.09
2020-03-07,,,,,1.09
2020-03-08,,,,,1.09
2020-03-09,7950.68,117.1871,0.54,54.46,1.09
2020-03-10,8344.25,117.9027,0.76,47.3,1.09
2020-03-11,7952.05,118.2505,0.82,53.9,1.09
2020-03-12,7201.8,120.4883,0.88,75.47,1.1
2020-03-13,7874.88,120.4388,0.94,57.83,1.1
2020-03-14,,,,,1.1
2020-03-15,,,,,1.1
2020-03-16,6904.59,120.9352,0.73,82.69,0.25
2020-03-17,7334.78,122.4816,1.02,75.91,0.25
2020-03-18,6989.84,124.1623,1.18,76.45,0.25
2020-03-19,7150.58,125.0587,1.12,72.0,0.2
2020-03-20,6879.52,124.9362,0.92,66.04,0.15
2020-03-21,,,,,0.15
2020-03-22,,,,,0.15
2020-03-23,6860.67,126.1262,0.76,61.59,0.15
2020-03-24,7417.86,125.5001,0.84,61.67,0.12
2020-03-25,7384.3,124.7916,0.88,63.95,0.1
2020-03-26,7797.54,122.4308,0.83,61.0,0.1
2020-03-27,7502.38,122.4007,0.72,65.54,0.1
2020-03-28,,,,,0.1
2020-03-29,,,,,0.1
2020-03-30,7774.15,123.2883,0.7,57.08,0.09
2020-03-31,7700.1,122.5301,0.7,53.54,0.08
2020-04-01,7360.58,123.7933,0.62,57.06,0.06
2020-04-02,7487.31,123.5916,0.63,50.91,0.05
2020-04-03,7373.08,124.4152,0.62,46.8,0.05
2020-04-04,,,,,0.05
2020-04-05,,,,,0.05
2020-04-06,7913.24,124.16,0.67,45.24,0.05
2020-04-07,7887.26,123.0956,0.75,46.7,0.05
2020-04-08,8090.9,123.2216,0.77,43.35,0.05
2020-04-09,8153.58,122.476,0.73,41.67,0.05
2020-04-10,,122.1592,,,0.05
2020-04-11,,,,,0.05
2020-04-12,,,,,0.05
2020-04-13,8192.42,122.5203,0.76,41.17,0.05
2020-04-14,8515.74,122.1121,0.76,37.76,0.05
2020-04-15,8393.18,123.0752,0.63,40.84,0.05
2020-04-16,8532.36,123.4615,0.61,40.11,0.05
2020-04-17,8650.14,122.871,0.65,38.15,0.05
2020-04-18,,,,,0.05
2020-04-19,,,,,0.05
2020-04-20,8560.73,123.1033,0.63,43.83,0.05
2020-04-21,8263.23,123.9116,0.58,45.41,0.05
2020-04-22,8495.38,123.9256,0.63,41.98,0.05
2020-04-23,8494.75,123.7542,0.61,41.38,0.04
2020-04-24,8634.52,124.1615,0.6,35.93,0.05
2020-04-25,,,,,0.05
2020-04-26,,,,,0.05
2020-04-27,8730.16,123.8843,0.67,33.29,0.04
2020-04-28,8607.73,123.3693,0.62,33.57,0.04
2020-04-29,8914.71,122.7782,0.63,31.23,0.04
2020-04-30,8889.55,122.327,0.64,34.15,0.05
2020-05-01,8604.95,123.1492,0.64,37.19,0.05
2020-05-02,,,,,0.05
2020-05-03,,,,,0.05
2020-05-04,8710.71,123.2117,0.64,35.97,0.05
2020-05-05,8809.12,122.803,0.66,33.61,0.05
2020-05-06,8854.39,123.609,0.72,34.12,0.05
2020-05-07,8979.66,123.1249,0.63,31.44,0.05
2020-05-08,9121.32,122.5379,0.69,27.98,0.05
2020-05-09,,,,,0.05
2020-05-10,,,,,0.05
2020-05-11,9192.34,123.2333,0.73,27.57,0.05
2020-05-12,9002.55,123.0592,0.69,33.04,0.05
2020-05-13,8863.17,123.5408,0.64,35.28,0.05
2020-05-14,8943.72,123.6429,0.63,32.61,0.05
2020-05-15,9014.56,123.5991,0.64,31.89,0.05
2020-05-16,,,,,0.05
2020-05-17,,,,,0.05
2020-05-18,9234.83,122.7968,0.73,29.3,0.05
2020-05-19,9185.1,122.5655,0.7,30.53,0.05
2020-05-20,9375.78,122.1007,0.68,27.99,0.05
2020-05-21,9284.88,122.0914,0.68,29.53,0.05
2020-05-22,9324.59,122.3211,0.66,28.16,0.05
2020-05-23,,,,,0.05
2020-05-24,,,,,0.05
2020-05-25,,,,,0.05
2020-05-26,9340.22,121.3864,0.69,28.01,0.05
2020-05-27,9412.36,121.5677,0.68,27.62,0.05
2020-05-28,9368.99,121.0138,0.7,28.59,0.05
2020-05-29,9489.87,120.9458,0.65,27.51,0.05
2020-05-30,,,,,0.05
2020-05-31,,,,,0.05
2020-06-01,9552.05,120.2686,0.66,28.23,0.05
2020-06-02,9608.37,119.6854,0.68,26.84,0.06
2020-06-03,9682.91,119.2556,0.77,25.66,0.06
2020-06-04,9615.81,119.3014,0.82,25.81,0.06
2020-06-05,9814.08,118.8138,0.91,24.52,0.07
2020-06-06,,,,,0.07
2020-06-07,,,,,0.07
2020-06-08,9924.74,118.6621,0.88,25.81,0.07
2020-06-09,9953.75,118.5893,0.84,27.57,0.07
2020-06-10,10020.35,118.5231,0.75,27.57,0.08
2020-06-11,9492.73,119.2347,0.66,40.79,0.08
2020-06-12,9588.81,119.6645,0.71,36.09,0.08
2020-06-13,,,,,0.08
2020-06-14,,,,,0.08
2020-06-15,9726.02,119.9539,0.71,34.4,0.09
2020-06-16,9895.87,119.567,0.75,33.67,0.09
2020-06-17,9910.53,119.9105,0.74,33.47,0.09
2020-06-18,9943.05,120.2173,0.71,32.94,0.09
2020-06-19,9946.12,120.2186,0.7,35.12,0.09
2020-06-20,,,,,0.09
2020-06-21,,,,,0.09
2020-06-22,10056.47,119.7532,0.71,31.77,0.08
2020-06-23,10131.37,119.3285,0.72,31.37,0.08
2020-06-24,9909.17,119.9744,0.69,33.84,0.08
2020-06-25,10017.0,120.2997,0.68,32.22,0.08
2020-06-26,9757.22,120.533,0.64,34.73,0.08
2020-06-27,,,,,0.08
2020-06-28,,,,,0.08
2020-06-29,9874.15,120.6658,0.64,31.78,0.08
2020-06-30,10058.77,120.4649,0.66,30.43,0.08
2020-07-01,10154.63,120.0808,0.69,28.62,0.08
2020-07-02,10207.63,119.8555,0.68,27.68,0.09
2020-07-03,,,,,0.09
2020-07-04,,,,,0.09
2020-07-05,,,,,0.09
2020-07-06,10433.65,119.2852,0.69,27.94,0.09
2020-07-07,10343.89,119.5717,0.65,29.43,0.09
2020-07-08,10492.5,119.5525,0.67,28.08,0.09
2020-07-09,10547.75,119.5129,0.62,29.26,0.09
2020-07-10,10617.44,119.3509,0.65,27.29,0.09
2020-07-11,,,,,0.09
2020-07-12,,,,,0.09
2020-07-13,10390.84,119.1891,0.64,32.19,0.09
2020-07-14,10488.58,119.3901,0.63,29.52,0.09
2020-07-15,10550.49,119.0331,0.64,27.76,0.1
2020-07-16,10473.83,118.9275,0.62,28.0,0.1
2020-07-17,10503.19,119.124,0.64,25.68,0.09
2020-07-18,,,,,0.09
2020-07-19,,,,,0.09
2020-07-20,10767.09,119.0483,0.62,24.46,0.1
2020-07-21,10680.36,118.4042,0.61,24.84,0.1
2020-07-22,10706.13,118.1337,0.6,24.32,0.09
2020-07-23,10461.42,118.0613,0.59,26.08,0.09
2020-07-24,10363.18,118.1329,0.59,25.84,0.09
2020-07-25,,,,,0.09
2020-07-26,,,,,0.09
2020-07-27,10536.27,117.3869,0.62,24.74,0.1
2020-07-28,10402.09,117.3189,0.59,25.44,0.1
2020-07-29,10542.94,117.2126,0.58,24.1,0.1
2020-07-30,10587.81,117.4008,0.55,24.76,0.1
2020-07-31,10745.27,117.2082,0.55,24.46,0.1
2020-08-01,,,,,0.1
2020-08-02,,,,,0.1
2020-08-03,10902.8,117.8074,0.56,24.28,0.1
2020-08-04,10941.17,117.7833,0.52,23.76,0.1
2020-08-05,10998.4,116.8736,0.55,22.99,0.1
2020-08-06,11108.07,117.0422,0.55,22.65,0.1
2020-08-07,11010.98,117.6239,0.57,22.21,0.1
2020-08-08,,,,,0.1
2020-08-09,,,,,0.1
2020-08-10,10968.36,117.5821,0.59,22.13,0.1
2020-08-11,10782.82,117.3781,0.64,24.03,0.1
2020-08-12,11012.24,117.2559,0.69,22.28,0.1
2020-08-13,11042.5,117.1193,0.71,22.13,0.1
2020-08-14,11019.3,116.9395,0.71,22.05,0.1
2020-08-15,,,,,0.1
2020-08-16,,,,,0.1
2020-08-17,11129.73,116.749,0.69,21.35,0.1
2020-08-18,11210.84,116.5593,0.67,21.51,0.09
2020-08-19,11146.46,116.567,0.68,22.54,0.09
2020-08-20,11264.95,116.8126,0.65,22.72,0.09
2020-08-21,11311.8,117.0572,0.64,22.54,0.09
2020-08-22,,,,,0.09
2020-08-23,,,,,0.09
2020-08-24,11379.72,116.912,0.65,22.37,0.09
2020-08-25,11466.47,116.8206,0.69,22.03,0.09
2020-08-26,11665.06,116.6243,0.69,23.27,0.09
2020-08-27,11625.34,116.649,0.74,24.47,0.08
2020-08-28,11695.63,115.9374,0.74,22.96,0.09
2020-08-29,,,,,0.09
2020-08-30,,,,,0.09
2020-08-31,11775.46,115.7586,0.72,26.41,0.09
2020-09-01,11939.67,115.5687,0.68,26.12,0.09
2020-09-02,12056.44,116.0304,0.66,26.57,0.09
2020-09-03,11458.1,116.0685,0.63,33.6,0.09
2020-09-04,11313.13,116.0347,0.72,30.75,0.09
2020-09-05,,,,,0.09
2020-09-06,,,,,0.09
2020-09-07,,,,,0.09
2020-09-08,10847.69,116.4618,0.69,31.46,0.09
2020-09-09,11141.56,116.1291,0.71,28.81,0.09
2020-09-10,10919.59,115.8806,0.68,29.71,0.09
2020-09-11,10853.55,116.0866,0.67,26.87,0.09
2020-09-12,,,,,0.09
2020-09-13,,,,,0.09
2020-09-14,11056.65,115.6428,0.68,25.85,0.09
2020-09-15,11190.32,115.5908,0.68,25.59,0.09
2020-09-16,11050.47,115.3537,0.69,26.04,0.09
2020-09-17,10910.28,115.4392,0.69,26.46,0.09
2020-09-18,10793.28,115.2395,0.7,25.83,0.09
2020-09-19,,,,,0.09
2020-09-20,,,,,0.09
2020-09-21,10778.94,116.378,0.68,27.78,0.09
2020-09-22,10963.77,116.5438,0.68,26.86,0.09
2020-09-23,10633.15,117.2526,0.68,28.58,0.09
2020-09-24,10672.43,117.5473,0.67,28.51,0.09
2020-09-25,10913.73,117.8679,0.66,26.38,0.09
2020-09-26,,,,,0.09
2020-09-27,,,,,0.09
2020-09-28,11117.7,117.6178,0.67,26.19,0.09
2020-09-29,11085.42,117.526,0.66,26.27,0.09
2020-09-30,11167.68,116.946,0.69,26.37,0.09
2020-10-01,11326.61,116.7227,0.68,26.7,0.09
2020-10-02,11075.11,116.7321,0.7,27.63,0.09
2020-10-03,,,,,0.09
2020-10-04,,,,,0.09
2020-10-05,11332.58,116.1767,0.78,27.96,0.09
2020-10-06,11154.7,116.2681,0.76,29.48,0.09
2020-10-07,11364.7,116.3447,0.81,28.06,0.09
2020-10-08,11421.08,116.1657,0.78,26.36,0.09
2020-10-09,11580.05,115.2757,0.79,25.0,0.09
2020-10-10,,,,,0.09
2020-10-11,,,,,0.09
2020-10-12,11876.36,,,25.07,0.09
2020-10-13,11864.0,115.9107,0.74,26.07,0.09
2020-10-14,11768.83,115.6872,0.73,26.4,0.09
2020-10-15,11713.97,116.0964,0.74,26.97,0.09
2020-10-16,11671.66,115.7679,0.76,27.41,0.09
2020-10-17,,,,,0.09
2020-10-18,,,,,0.09
2020-10-19,11478.98,115.4031,0.78,29.18,0.09
2020-10-20,11516.49,115.2485,0.81,29.35,0.09
2020-10-21,11484.69,114.9108,0.83,28.65,0.09
2020-10-22,11506.01,115.1158,0.87,28.11,0.09
2020-10-23,11548.28,115.0126,0.85,27.55,0.09
2020-10-24,,,,,0.09
2020-10-25,,,,,0.09
2020-10-26,11358.94,115.2797,0.81,32.46,0.09
2020-10-27,11431.35,115.0131,0.79,33.35,0.09
2020-10-28,11004.87,115.8023,0.79,40.28,0.09
2020-10-29,11185.59,116.3069,0.85,37.59,0.09
2020-10-30,10911.59,116.1354,0.88,38.02,0.09
2020-10-31,,,,,0.09
2020-11-01,,,,,0.09
2020-11-02,10957.61,116.2361,0.87,37.13,0.09
2020-11-03,11160.57,115.4802,0.9,35.55,0.09
2020-11-04,11590.78,115.1677,0.78,29.57,0.09
2020-11-05,11890.93,114.4556,0.79,27.58,0.09
2020-11-06,11895.23,113.9919,0.83,24.86,0.09
2020-11-07,,,,,0.09
2020-11-08,,,,,0.09
2020-11-09,11713.78,114.0895,0.96,25.75,0.09
2020-11-10,11553.86,114.0757,0.98,24.8,0.09
2020-11-11,11786.43,,,23.45,0.09
2020-11-12,11709.59,114.2843,0.88,25.35,0.09
2020-11-13,11829.29,114.2397,0.89,23.1,0.09
2020-11-14,,,,,0.09
2020-11-15,,,,,0.09
2020-11-16,11924.13,113.8312,0.91,22.45,0.09
2020-11-17,11899.34,113.682,0.87,22.71,0.09
2020-11-18,11801.6,113.46,0.88,23.84,0.09
2020-11-19,11904.71,113.694,0.86,23.11,0.08
2020-11-20,11854.97,113.489,0.83,23.7,0.08
2020-11-21,,,,,0.08
2020-11-22,,,,,0.08
2020-11-23,11881.17,113.7548,0.86,22.66,0.08
2020-11-24,12037.33,113.4316,0.88,21.64,0.08
2020-11-25,12094.4,113.1823,0.88,21.25,0.08
2020-11-26,,,,,0.08
2020-11-27,12205.85,,0.84,20.84,0.08
2020-11-28,,,,,0.08
2020-11-29,,,,,0.08
2020-11-30,12198.74,113.2256,0.84,20.57,0.09
2020-12-01,12355.11,112.8063,0.92,20.77,0.09
2020-12-02,12349.37,112.6115,0.95,21.17,0.09
2020-12-03,12377.18,112.0236,0.92,21.28,0.09
2020-12-04,12464.23,111.7778,0.97,20.79,0.09
2020-12-05,,,,,0.09
2020-12-06,,,,,0.09
2020-12-07,12519.95,111.8385,0.94,21.3,0.09
2020-12-08,12582.77,111.8639,0.92,20.68,0.09
2020-12-09,12338.95,112.0305,0.95,22.27,0.09
2020-12-10,12405.81,111.9788,0.92,22.52,0.09
2020-12-11,12377.87,112.1417,0.9,23.31,0.09
2020-12-12,,,,,0.09
2020-12-13,,,,,0.09
2020-12-14,12440.04,112.1708,0.9,24.72,0.09
2020-12-15,12595.06,111.8601,0.92,22.89,0.09
2020-12-16,12658.19,111.7157,0.92,22.5,0.09
2020-12-17,12764.75,111.2226,0.94,21.93,0.09
2020-12-18,12755.64,111.6071,0.95,21.57,0.09
2020-12-19,,,,,0.09
2020-12-20,,,,,0.09
2020-12-21,12742.52,111.9415,0.95,25.16,0.09
2020-12-22,12807.92,112.1947,0.93,24.23,0.09
2020-12-23,12771.11,111.9807,0.96,23.31,0.09
2020-12-24,12804.73,,0.94,21.53,0.09
2020-12-25,,,,,0.09
2020-12-26,,,,,0.09
2020-12-27,,,,,0.09
2020-12-28,12899.42,111.9752,0.94,21.7,0.09
2020-12-29,12850.22,111.5172,0.94,23.08,0.09
2020-12-30,12870.0,111.3084,0.93,22.77,0.09
2020-12-31,12888.28,111.3169,0.93,22.75,0.09
2021-01-01,,,,,0.09
2021-01-02,,,,,0.09
2021-01-03,,,,,0.09
2021-01-04,12698.45,111.2075,0.93,26.97,0.09
2021-01-05,12818.96,110.9574,0.96,25.34,0.09
2021-01-06,12740.79,110.8502,1.04,25.07,0.09
2021-01-07,13067.48,111.3042,1.08,22.37,0.09
2021-01-08,13201.98,111.2847,1.13,21.56,0.09
2021-01-09,,,,,0.09
2021-01-10,,,,,0.09
2021-01-11,13036.43,111.8257,1.15,24.08,0.09
2021-01-12,13072.43,111.5501,1.15,23.33,0.09
2021-01-13,13128.95,111.3622,1.1,22.21,0.09
2021-01-14,13112.64,111.1567,1.15,23.25,0.09
2021-01-15,12998.5,111.5106,1.11,24.34,0.09
2021-01-16,,,,,0.09
2021-01-17,,,,,0.09
2021-01-18,,,,,0.09
2021-01-19,13197.18,111.4527,1.1,23.24,0.09
2021-01-20,13457.25,,1.1,21.58,0.09
2021-01-21,13530.91,111.1973,1.12,21.32,0.08
2021-01-22,13543.06,111.5516,1.1,21.91,0.08
2021-01-23,,,,,0.08
2021-01-24,,,,,0.08
2021-01-25,13635.99,111.8676,1.05,23.19,0.08
2021-01-26,13626.06,111.6572,1.05,23.02,0.08
2021-01-27,13270.6,112.0782,1.04,37.21,0.08
2021-01-28,13337.16,112.0059,1.07,30.21,0.07
2021-01-29,13070.69,111.9511,1.11,33.09,0.07
2021-01-30,,,,,0.07
2021-01-31,,,,,0.07
2021-02-01,13403.39,112.4189,1.09,30.24,0.08
2021-02-02,13612.78,112.2862,1.12,25.56,0.08
2021-02-03,13610.54,112.2567,1.15,22.91,0.08
2021-02-04,13777.74,112.7469,1.15,21.77,0.08
2021-02-05,13856.3,112.2379,1.19,20.87,0.08
2021-02-06,,,,,0.08
2021-02-07,,,,,0.08
2021-02-08,13987.64,112.0428,1.19,21.24,0.07
2021-02-09,14007.7,111.7675,1.18,21.63,0.08
2021-02-10,13972.53,111.5834,1.15,21.99,0.08
2021-02-11,14025.77,111.5272,1.16,21.25,0.08
2021-02-12,14095.47,111.4889,1.2,19.97,0.08
2021-02-13,,,,,0.08
2021-02-14,,,,,0.08
2021-02-15,,,,,0.08
2021-02-16,14047.5,111.7879,1.3,21.46,0.08
2021-02-17,13965.5,112.0204,1.29,21.5,0.08
2021-02-18,13865.36,112.1603,1.29,22.49,0.07
2021-02-19,13874.47,111.7058,1.34,22.05,0.07
2021-02-20,,,,,0.07
2021-02-21,,,,,0.07
2021-02-22,13533.05,111.918,1.37,23.45,0.07
2021-02-23,13465.2,111.8981,1.37,23.11,0.07
2021-02-24,13597.97,111.7212,1.38,21.34,0.07
2021-02-25,13119.43,111.9253,1.54,28.89,0.07
2021-02-26,13192.35,112.8306,1.44,27.95,0.07
2021-02-27,,,,,0.07
2021-02-28,,,,,0.07
2021-03-01,13588.83,112.5263,1.45,23.35,0.07
2021-03-02,13358.79,112.5342,1.42,24.1,0.07
2021-03-03,12997.75,112.7617,1.47,26.67,0.07
2021-03-04,12723.47,112.7037,1.54,28.57,0.07
2021-03-05,12920.15,113.7487,1.56,24.66,0.07
2021-03-06,,,,,0.07
2021-03-07,,,,,0.07
2021-03-08,12609.16,114.2678,1.59,25.47,0.07
2021-03-09,13073.82,113.928,1.55,24.03,0.07
2021-03-10,13068.83,113.5881,1.53,22.56,0.07
2021-03-11,13398.67,112.9214,1.54,21.91,0.07
2021-03-12,13319.86,113.0269,1.64,20.69,0.07
2021-03-13,,,,,0.07
2021-03-14,,,,,0.07
2021-03-15,13459.71,113.1928,1.62,20.03,0.07
2021-03-16,13471.57,112.9839,1.62,19.79,0.07
2021-03-17,13525.2,113.1589,1.63,19.23,0.07
2021-03-18,13116.17,112.7744,1.71,21.58,0.07
2021-03-19,13215.24,112.9756,1.74,20.95,0.07
2021-03-20,,,,,0.07
2021-03-21,,,,,0.07
2021-03-22,13377.54,113.0023,1.69,18.88,0.07
2021-03-23,13227.7,113.2916,1.63,20.3,0.07
2021-03-24,12961.89,113.6565,1.62,21.2,0.07
2021-03-25,12977.68,114.0016,1.63,19.81,0.07
2021-03-26,13138.72,113.7406,1.67,18.86,0.07
2021-03-27,,,,,0.07
2021-03-28,,,,,0.07
2021-03-29,13059.65,113.9314,1.73,20.74,0.07
2021-03-30,13045.39,114.203,1.73,19.61,0.07
2021-03-31,13246.87,113.8234,1.74,19.4,0.06
2021-04-01,13480.11,113.7389,1.69,17.33,0.07
2021-04-02,,113.7315,1.72,,0.07
2021-04-03,,,,,0.07
2021-04-04,,,,,0.07
2021-04-05,13705.59,113.394,1.73,17.91,0.07
2021-04-06,13698.38,113.1464,1.67,18.12,0.07
2021-04-07,13688.84,113.2436,1.68,17.16,0.07
2021-04-08,13829.31,113.0917,1.64,16.95,0.07
2021-04-09,13900.19,113.2028,1.67,16.69,0.07
2021-04-10,,,,,0.07
2021-04-11,,,,,0.07
2021-04-12,13850.0,113.1815,1.69,16.91,0.07
2021-04-13,13996.1,113.0391,1.64,16.65,0.07
2021-04-14,13857.84,112.7849,1.64,16.99,0.07
2021-04-15,14038.76,112.6181,1.56,16.57,0.07
2021-04-16,14052.34,112.4814,1.59,16.25,0.07
2021-04-17,,,,,0.07
2021-04-18,,,,,0.07
2021-04-19,13914.77,112.1835,1.61,17.29,0.07
2021-04-20,13786.27,112.2354,1.58,18.68,0.07
2021-04-21,13950.22,112.1771,1.57,17.5,0.07
2021-04-22,13818.41,112.2297,1.57,18.71,0.07
2021-04-23,14016.81,112.0889,1.58,17.33,0.07
2021-04-24,,,,,0.07
2021-04-25,,,,,0.07
2021-04-26,14138.78,111.8109,1.58,17.64,0.07
2021-04-27,14090.22,111.9097,1.63,17.56,0.07
2021-04-28,14051.03,111.7909,1.63,17.28,0.07
2021-04-29,14082.55,111.7464,1.65,17.61,0.06
2021-04-30,13962.68,112.0839,1.65,18.61,0.05
2021-05-01,,,,,0.05
2021-05-02,,,,,0.05
2021-05-03,13895.12,112.005,1.63,18.31,0.06
2021-05-04,13633.5,112.2896,1.61,19.48,0.06
2021-05-05,13582.42,112.1514,1.59,19.15,0.06
2021-05-06,13632.84,111.8401,1.58,18.39,0.06
2021-05-07,13752.24,111.0249,1.6,16.69,0.06
2021-05-08,,,,,0.06
2021-05-09,,,,,0.06
2021-05-10,13401.86,110.7905,1.63,19.66,0.06
2021-05-11,13389.43,110.8921,1.64,21.84,0.06
2021-05-12,13031.68,111.5636,1.69,27.59,0.06
2021-05-13,13124.99,111.5955,1.66,23.13,0.06
2021-05-14,13429.98,111.1353,1.63,18.81,0.06
2021-05-15,,,,,0.06
2021-05-16,,,,,0.06
2021-05-17,13379.05,111.079,1.64,19.72,0.06
2021-05-18,13303.64,110.8317,1.64,21.34,0.06
2021-05-19,13299.74,110.8807,1.68,22.18,0.06
2021-05-20,13535.74,110.8605,1.63,20.67,0.06
2021-05-21,13470.99,111.0576,1.63,20.15,0.06
2021-05-22,,,,,0.06
2021-05-23,,,,,0.06
2021-05-24,13661.17,110.9118,1.61,18.4,0.06
2021-05-25,13657.17,110.842,1.56,18.84,0.06
2021-05-26,13738.0,110.8677,1.58,17.36,0.06
2021-05-27,13736.28,110.8688,1.61,16.74,0.06
2021-05-28,13748.74,110.7576,1.58,16.76,0.05
2021-05-29,,,,,0.05
2021-05-30,,,,,0.05
2021-05-31,,,,,0.05
2021-06-01,13736.48,110.5046,1.62,17.9,0.06
2021-06-02,13756.33,110.5799,1.59,17.48,0.06
2021-06-03,13614.51,111.1782,1.63,18.04,0.06
2021-06-04,13814.49,110.7521,1.56,16.42,0.06
2021-06-05,,,,,0.06
2021-06-06,,,,,0.06
2021-06-07,13881.72,110.5155,1.57,16.42,0.06
2021-06-08,13924.91,110.649,1.53,17.07,0.06
2021-06-09,13911.75,110.5707,1.5,17.89,0.06
2021-06-10,14020.33,110.5456,1.45,16.1,0.06
2021-06-11,14069.42,111.0933,1.47,15.65,0.06
2021-06-12,,,,,0.06
2021-06-13,,,,,0.06
2021-06-14,14174.14,110.9659,1.51,16.39,0.06
2021-06-15,14072.86,111.3507,1.51,17.02,0.06
2021-06-16,14039.68,111.1165,1.57,18.15,0.06
2021-06-17,14161.35,112.5772,1.52,17.75,0.1
2021-06-18,14030.38,113.0408,1.45,20.7,0.1
2021-06-19,,,,,0.1
2021-06-20,,,,,0.1
2021-06-21,14141.48,112.8391,1.5,17.89,0.1
2021-06-22,14253.27,112.9174,1.48,16.66,0.1
2021-06-23,14271.73,112.3819,1.5,16.32,0.1
2021-06-24,14369.71,112.326,1.49,15.97,0.1
2021-06-25,14360.39,111.9655,1.54,15.62,0.1
2021-06-26,,,,,0.1
2021-06-27,,,,,0.1
2021-06-28,14500.51,112.0248,1.49,15.76,0.1
2021-06-29,14528.33,112.2613,1.49,16.02,0.1
2021-06-30,14503.95,112.5533,1.45,15.83,0.08
2021-07-01,14522.38,112.74,1.48,15.48,0.1
2021-07-02,14639.33,112.5425,1.44,15.07,0.1
2021-07-03,,,,,0.1
2021-07-04,,,,,0.1
2021-07-05,,,,,0.1
2021-07-06,14663.64,112.9516,1.37,16.44,0.1
2021-07-07,14665.06,113.1048,1.33,16.2,0.1
2021-07-08,14559.78,113.0776,1.3,19.0,0.1
2021-07-09,14701.92,112.8375,1.37,16.18,0.1
2021-07-10,,,,,0.1
2021-07-11,,,,,0.1
2021-07-12,14733.24,112.7611,1.38,16.17,0.1
2021-07-13,14677.65,113.0063,1.42,17.12,0.1
2021-07-14,14644.95,112.8801,1.37,16.33,0.1
2021-07-15,14543.13,113.0041,1.31,17.01,0.1
2021-07-16,14427.24,113.0428,1.31,18.45,0.1
2021-07-17,,,,,0.1
2021-07-18,,,,,0.1
2021-07-19,14274.98,113.5472,1.19,22.5,0.1
2021-07-20,14498.88,113.7502,1.23,19.73,0.1
2021-07-21,14631.95,113.3926,1.3,17.91,0.1
2021-07-22,14684.6,113.4695,1.27,17.69,0.1
2021-07-23,14836.99,113.4398,1.3,17.2,0.1
2021-07-24,,,,,0.1
2021-07-25,,,,,0.1
2021-07-26,14840.71,113.2238,1.29,17.58,0.1
2021-07-27,14660.58,113.2227,1.25,19.36,0.1
2021-07-28,14762.58,113.1807,1.26,18.31,0.1
2021-07-29,14778.26,112.4834,1.28,17.7,0.1
2021-07-30,14672.68,112.6714,1.24,18.24,0.07
2021-07-31,,,,,0.07
2021-08-01,,,,,0.07
2021-08-02,14681.07,112.6691,1.2,19.46,0.1
2021-08-03,14761.29,112.8228,1.19,18.04,0.1
2021-08-04,14780.53,112.8953,1.19,17.97,0.1
2021-08-05,14895.12,112.7674,1.23,17.28,0.1
2021-08-06,14835.76,113.3088,1.31,16.15,0.1
2021-08-07,,,,,0.1
2021-08-08,,,,,0.1
2021-08-09,14860.18,113.4521,1.33,16.72,0.1
2021-08-10,14788.09,113.4973,1.36,16.79,0.1
2021-08-11,14765.14,113.282,1.35,16.06,0.1
2021-08-12,14816.26,113.2691,1.36,15.59,0.1
2021-08-13,14822.9,113.0615,1.29,15.45,0.1
2021-08-14,,,,,0.1
2021-08-15,,,,,0.1
2021-08-16,14793.76,113.1698,1.26,16.12,0.1
2021-08-17,14656.18,113.6174,1.26,17.91,0.1
2021-08-18,14525.91,113.6959,1.27,21.57,0.09
2021-08-19,14541.79,114.1106,1.24,21.67,0.09
2021-08-20,14714.66,114.5009,1.26,18.56,0.09
2021-08-21,,,,,0.09
2021-08-22,,,,,0.09
2021-08-23,14942.65,113.9418,1.25,17.15,0.09
2021-08-24,15019.8,113.6795,1.29,17.22,0.09
2021-08-25,15041.86,113.6322,1.35,16.79,0.09
2021-08-26,14945.81,113.7883,1.34,18.84,0.09
2021-08-27,15129.5,113.3404,1.31,16.39,0.08
2021-08-28,,,,,0.08
2021-08-29,,,,,0.08
2021-08-30,15265.89,113.246,1.29,16.19,0.08
2021-08-31,15259.24,113.1076,1.3,16.48,0.06
2021-09-01,15309.38,112.8732,1.31,16.11,0.08
2021-09-02,15331.18,112.7863,1.29,16.41,0.08
2021-09-03,15363.52,112.5476,1.33,16.41,0.08
2021-09-04,,,,,0.08
2021-09-05,,,,,0.08
2021-09-06,,,,,0.08
2021-09-07,15374.33,112.9795,1.38,18.14,0.08
2021-09-08,15286.64,113.2319,1.35,17.96,0.08
2021-09-09,15248.25,113.043,1.3,18.8,0.08
2021-09-10,15115.49,112.9425,1.35,20.95,0.08
2021-09-11,,,,,0.08
2021-09-12,,,,,0.08
2021-09-13,15105.58,113.0341,1.33,19.37,0.08
2021-09-14,15037.76,113.0061,1.28,19.46,0.08
2021-09-15,15161.53,112.9773,1.31,18.18,0.08
2021-09-16,15181.92,113.3036,1.34,18.69,0.08
2021-09-17,15043.97,113.5989,1.37,20.81,0.08
2021-09-18,,,,,0.08
2021-09-19,,,,,0.08
2021-09-20,14713.9,113.9422,1.31,25.71,0.08
2021-09-21,14746.4,113.8179,1.33,24.36,0.08
2021-09-22,14896.85,113.6223,1.32,20.87,0.08
2021-09-23,15052.24,113.513,1.41,18.63,0.08
2021-09-24,15047.7,113.7597,1.47,17.75,0.08
2021-09-25,,,,,0.08
2021-09-26,,,,,0.08
2021-09-27,14969.97,113.7432,1.48,18.76,0.08
2021-09-28,14546.68,114.2469,1.54,23.25,0.08
2021-09-29,14512.44,114.7092,1.55,22.56,0.08
2021-09-30,14448.58,114.6403,1.52,23.14,0.06
2021-10-01,14566.7,114.3798,1.48,21.15,0.08
2021-10-02,,,,,0.08
2021-10-03,,,,,0.08
2021-10-04,14255.48,114.2739,1.49,22.96,0.08
2021-10-05,14433.83,114.3654,1.54,21.3,0.08
2021-10-06,14501.91,114.7185,1.53,21.0,0.08
2021-10-07,14654.02,114.5044,1.58,19.54,0.08
2021-10-08,14579.54,114.5986,1.61,18.77,0.08
2021-10-09,,,,,0.08
2021-10-10,,,,,0.08
2021-10-11,14486.2,,,20.0,0.08
2021-10-12,14465.92,114.7542,1.59,19.85,0.08
2021-10-13,14571.64,114.4705,1.56,18.64,0.08
2021-10-14,14823.43,114.2053,1.52,16.86,0.08
2021-10-15,14897.34,114.0905,1.59,16.3,0.08
2021-10-16,,,,,0.08
2021-10-17,,,,,0.08
2021-10-18,15021.81,113.9899,1.59,16.31,0.08
2021-10-19,15129.09,113.647,1.65,15.7,0.08
2021-10-20,15121.68,113.5083,1.65,15.49,0.08
2021-10-21,15215.7,113.6188,1.68,15.01,0.08
2021-10-22,15090.2,113.67,1.66,15.43,0.08
2021-10-23,,,,,0.08
2021-10-24,,,,,0.08
2021-10-25,15226.71,113.605,1.64,15.24,0.08
2021-10-26,15235.71,113.674,1.63,15.98,0.08
2021-10-27,15235.84,113.6218,1.54,16.98,0.08
2021-10-28,15448.12,113.4389,1.57,16.53,0.08
2021-10-29,15498.39,114.1349,1.55,16.26,0.07
2021-10-30,,,,,0.07
2021-10-31,,,,,0.07
2021-11-01,15595.92,114.2067,1.58,16.41,0.08
2021-11-02,15649.6,114.2847,1.56,16.03,0.08
2021-11-03,15811.58,114.3593,1.6,15.1,0.08
2021-11-04,15940.31,114.3558,1.53,15.44,0.08
2021-11-05,15971.59,114.0732,1.45,16.48,0.08
2021-11-06,,,,,0.08
2021-11-07,,,,,0.08
2021-11-08,15982.36,113.8256,1.51,17.22,0.08
2021-11-09,15886.54,113.762,1.46,17.78,0.08
2021-11-10,15622.71,114.1484,1.56,18.73,0.08
2021-11-11,15704.28,,,17.66,0.08
2021-11-12,15860.96,114.5144,1.58,16.29,0.08
2021-11-13,,,,,0.08
2021-11-14,,,,,0.08
2021-11-15,15853.85,114.5876,1.63,16.49,0.08
2021-11-16,15973.86,115.136,1.63,16.37,0.08
2021-11-17,15921.57,115.0263,1.6,17.11,0.08
2021-11-18,15993.71,115.0678,1.59,17.59,0.08
2021-11-19,16057.44,115.2187,1.54,17.91,0.08
2021-11-20,,,,,0.08
2021-11-21,,,,,0.08
2021-11-22,15854.76,115.6481,1.63,19.17,0.08
2021-11-23,15775.14,116.0118,1.67,19.38,0.08
2021-11-24,15845.23,116.2711,1.64,18.58,0.08
2021-11-25,,,,,0.08
2021-11-26,15491.66,116.5103,1.48,28.62,0.08
2021-11-27,,,,,0.08
2021-11-28,,,,,0.08
2021-11-29,15782.83,116.581,1.52,22.96,0.08
2021-11-30,15537.69,116.2071,1.43,27.19,0.07
2021-12-01,15254.05,115.889,1.43,31.12,0.08
2021-12-02,15381.32,116.018,1.44,27.95,0.08
2021-12-03,15085.47,116.2377,1.35,30.67,0.08
2021-12-04,,,,,0.08
2021-12-05,,,,,0.08
2021-12-06,15225.15,116.1538,1.43,27.18,0.08
2021-12-07,15686.92,115.8555,1.48,21.89,0.08
2021-12-08,15786.99,115.4418,1.52,19.9,0.08
2021-12-09,15517.37,115.7784,1.49,21.58,0.08
2021-12-10,15630.6,115.5732,1.48,18.69,0.08
2021-12-11,,,,,0.08
2021-12-12,,,,,0.08
2021-12-13,15413.28,115.842,1.42,20.31,0.08
2021-12-14,15237.64,116.2397,1.44,21.89,0.08
2021-12-15,15565.58,116.4219,1.47,19.29,0.08
2021-12-16,15180.43,115.7146,1.44,20.57,0.08
2021-12-17,15169.68,115.791,1.41,21.57,0.08
2021-12-18,,,,,0.08
2021-12-19,,,,,0.08
2021-12-20,14980.94,116.0092,1.43,22.87,0.08
2021-12-21,15341.09,116.1089,1.48,21.01,0.08
2021-12-22,15521.89,115.7485,1.46,18.63,0.08
2021-12-23,15653.37,115.5337,1.5,17.96,0.08
2021-12-24,,,,,0.08
2021-12-25,,,,,0.08
2021-12-26,,,,,0.08
2021-12-27,15871.26,115.4684,1.48,17.68,0.08
2021-12-28,15781.72,115.4192,1.49,17.54,0.08
2021-12-29,15766.22,115.3678,1.55,16.95,0.08
2021-12-30,15741.56,115.283,1.52,17.33,0.08
2021-12-31,15644.97,,1.52,17.22,0.07
2022-01-01,,,,,0.07
2022-01-02,,,,,0.07
2022-01-03,15832.8,115.4101,1.63,16.6,0.08
2022-01-04,15622.72,115.3103,1.66,16.91,0.08
2022-01-05,15100.17,115.137,1.71,19.73,0.08
2022-01-06,15080.86,115.4046,1.73,19.61,0.08
2022-01-07,14935.9,115.0451,1.76,18.76,0.08
2022-01-08,,,,,0.08
2022-01-09,,,,,0.08
2022-01-10,14942.83,115.2216,1.78,19.4,0.08
2022-01-11,15153.45,114.8332,1.75,18.41,0.08
2022-01-12,15188.39,114.355,1.74,17.62,0.08
2022-01-13,14806.81,114.177,1.7,20.31,0.08
2022-01-14,14893.75,114.3825,1.78,19.19,0.08
2022-01-15,,,,,0.08
2022-01-16,,,,,0.08
2022-01-17,,,,,0.08
2022-01-18,14506.9,114.7373,1.87,22.79,0.08
2022-01-19,14340.26,114.6109,1.83,23.85,0.08
2022-01-20,14154.02,114.4642,1.83,25.59,0.08
2022-01-21,13768.92,114.6125,1.75,28.85,0.08
2022-01-22,,,,,0.08
2022-01-23,,,,,0.08
2022-01-24,13855.13,115.2034,1.75,29.9,0.08
2022-01-25,13539.29,115.1654,1.78,31.16,0.08
2022-01-26,13542.12,115.0922,1.85,31.96,0.08
2022-01-27,13352.78,115.978,1.81,30.49,0.08
2022-01-28,13770.57,116.0393,1.78,27.66,0.08
2022-01-29,,,,,0.08
2022-01-30,,,,,0.08
2022-01-31,14239.88,115.566,1.79,24.83,0.08
2022-02-01,14346.0,115.3685,1.81,21.96,0.08
2022-02-02,14417.55,115.1538,1.78,22.09,0.08
2022-02-03,13878.82,114.9065,1.82,24.35,0.08
2022-02-04,14098.01,115.1362,1.93,23.22,0.08
2022-02-05,,,,,0.08
2022-02-06,,,,,0.08
2022-02-07,14015.67,115.0098,1.92,22.86,0.08
2022-02-08,14194.45,115.0892,1.96,21.44,0.08
2022-02-09,14490.37,114.8232,1.94,19.96,0.08
2022-02-10,14185.64,114.5527,2.03,23.91,0.08
2022-02-11,13791.15,114.8413,1.92,27.36,0.08
2022-02-12,,,,,0.08
2022-02-13,,,,,0.08
2022-02-14,13790.92,115.1946,1.98,28.33,0.08
2022-02-15,14139.76,114.93,2.05,25.7,0.08
2022-02-16,14124.09,114.6886,2.03,24.29,0.08
2022-02-17,13716.72,114.6755,1.97,28.11,0.08
2022-02-18,13548.07,114.7982,1.92,27.75,0.08
2022-02-19,,,,,0.08
2022-02-20,,,,,0.08
2022-02-21,,,,,0.08
2022-02-22,13381.52,114.7002,1.94,28.81,0.08
2022-02-23,13037.49,114.6668,1.99,31.02,0.08
2022-02-24,13473.59,115.9419,1.96,30.32,0.08
2022-02-25,13694.62,115.2577,1.97,27.59,0.08
2022-02-26,,,,,0.08
2022-02-27,,,,,0.08
2022-02-28,13751.4,115.2224,1.83,30.15,0.08
2022-03-01,13532.46,115.7962,1.72,33.32,0.08
2022-03-02,13752.02,115.7623,1.86,30.74,0.08
2022-03-03,13537.94,115.9495,1.86,30.48,0.08
2022-03-04,13313.44,116.6503,1.74,31.98,0.08
2022-03-05,,,,,0.08
2022-03-06,,,,,0.08
2022-03-07,12830.96,117.3278,1.78,36.45,0.08
2022-03-08,12795.55,117.6176,1.86,35.13,0.08
2022-03-09,13255.55,116.5961,1.94,32.45,0.08
2022-03-10,13129.96,116.7401,1.98,30.23,0.08
2022-03-11,12843.81,117.0192,2.0,30.75,0.08
2022-03-12,,,,,0.08
2022-03-13,,,,,0.08
2022-03-14,12581.22,117.1506,2.14,31.77,0.08
2022-03-15,12948.62,117.246,2.15,29.83,0.08
2022-03-16,13436.55,116.8073,2.19,26.67,0.08
2022-03-17,13614.78,116.0467,2.2,25.67,0.33
2022-03-18,13893.84,116.1378,2.14,23.87,0.33
2022-03-19,,,,,0.33
2022-03-20,,,,,0.33
2022-03-21,13838.46,115.9398,2.32,23.53,0.33
2022-03-22,14108.82,116.0824,2.38,22.94,0.33
2022-03-23,13922.6,116.005,2.32,23.57,0.33
2022-03-24,14191.84,115.9599,2.34,21.67,0.33
2022-03-25,14169.3,115.7921,2.48,20.81,0.33
2022-03-26,,,,,0.33
2022-03-27,,,,,0.33
2022-03-28,14354.9,116.1911,2.46,19.63,0.33
2022-03-29,14619.64,115.5679,2.41,18.9,0.33
2022-03-30,14442.27,115.0818,2.35,19.33,0.33
2022-03-31,14220.52,115.2218,2.32,20.56,0.33
2022-04-01,14261.5,115.4814,2.39,19.63,0.33
2022-04-02,,,,,0.33
2022-04-03,,,,,0.33
2022-04-04,14532.55,115.4112,2.42,18.57,0.33
2022-04-05,14204.17,115.73,2.54,21.03,0.33
2022-04-06,13888.82,115.9995,2.61,22.1,0.33
2022-04-07,13897.3,116.3512,2.66,21.55,0.33
2022-04-08,13711.0,116.4176,2.72,21.16,0.33
2022-04-09,,,,,0.33
2022-04-10,,,,,0.33
2022-04-11,13411.96,116.5401,2.79,24.37,0.33
2022-04-12,13371.57,116.3866,2.72,24.26,0.33
2022-04-13,13643.59,116.2796,2.7,21.82,0.33
2022-04-14,13351.08,116.7558,2.83,22.7,0.33
2022-04-15,,116.7017,,,0.33
2022-04-16,,,,,0.33
2022-04-17,,,,,0.33
2022-04-18,13332.36,116.8441,2.85,22.17,0.33
2022-04-19,13619.66,117.1324,2.93,21.37,0.33
2022-04-20,13453.07,116.7306,2.85,20.32,0.33
2022-04-21,13174.65,117.1432,2.9,22.68,0.33
2022-04-22,12839.29,118.0186,2.9,28.21,0.33
2022-04-23,,,,,0.33
2022-04-24,,,,,0.33
2022-04-25,13004.85,118.6271,2.81,27.02,0.33
2022-04-26,12490.74,118.9624,2.77,33.52,0.33
2022-04-27,12488.93,119.4708,2.82,31.6,0.33
2022-04-28,12871.53,120.0675,2.85,29.99,0.33
2022-04-29,12334.64,119.4933,2.89,33.4,0.33
2022-04-30,,,,,0.33
2022-05-01,,,,,0.33
2022-05-02,12536.02,119.8825,2.99,32.34,0.33
2022-05-03,12563.76,119.7043,2.97,29.25,0.33
2022-05-04,12964.86,119.5592,2.93,25.42,0.33
2022-05-05,12317.69,120.0068,3.05,31.2,0.83
2022-05-06,12144.66,119.8577,3.12,30.19,0.83
2022-05-07,,,,,0.83
2022-05-08,,,,,0.83
2022-05-09,11623.25,120.4972,3.05,34.75,0.83
2022-05-10,11737.67,120.7742,2.99,32.99,0.83
2022-05-11,11364.24,120.3925,2.91,32.56,0.83
2022-05-12,11370.96,121.2796,2.84,31.77,0.83
2022-05-13,11805.0,120.8442,2.93,28.87,0.83
2022-05-14,,,,,0.83
2022-05-15,,,,,0.83
2022-05-16,11662.79,120.6881,2.88,27.47,0.83
2022-05-17,11984.52,119.8871,2.98,26.1,0.83
2022-05-18,11418.15,120.0274,2.89,30.96,0.83
2022-05-19,11388.5,119.4278,2.84,29.35,0.83
2022-05-20,11354.62,119.3677,2.78,29.43,0.83
2022-05-21,,,,,0.83
2022-05-22,,,,,0.83
2022-05-23,11535.27,118.7169,2.86,28.48,0.83
2022-05-24,11264.45,118.6245,2.76,29.45,0.83
2022-05-25,11434.74,118.9598,2.75,28.37,0.83
2022-05-26,11740.65,118.7687,2.75,27.5,0.83
2022-05-27,12131.13,118.2834,2.74,25.72,0.83
2022-05-28,,,,,0.83
2022-05-29,,,,,0.83
2022-05-30,,,,26.54,0.83
2022-05-31,12081.39,118.0704,2.85,26.19,0.83
2022-06-01,11994.46,118.6954,2.94,25.69,0.83
2022-06-02,12316.9,118.0658,2.92,24.72,0.83
2022-06-03,12012.73,118.2153,2.96,24.79,0.83
2022-06-04,,,,,0.83
2022-06-05,,,,,0.83
2022-06-06,12061.37,118.3081,3.04,25.07,0.83
2022-06-07,12175.23,118.4414,2.98,24.02,0.83
2022-06-08,12086.27,118.3951,3.03,23.96,0.83
2022-06-09,11754.23,118.9226,3.04,26.09,0.83
2022-06-10,11340.02,119.9981,3.15,27.75,0.83
2022-06-11,,,,,0.83
2022-06-12,,,,,0.83
2022-06-13,10809.23,121.1523,3.43,34.02,0.83
2022-06-14,10828.35,121.6669,3.49,32.69,0.83
2022-06-15,11099.15,121.6403,3.33,29.62,0.83
2022-06-16,10646.1,120.6714,3.28,32.95,1.58
2022-06-17,10798.35,121.2369,3.25,31.13,1.58
2022-06-18,,,,,1.58
2022-06-19,,,,,1.58
2022-06-20,,,,31.03,1.58
2022-06-21,11069.3,120.6427,3.31,30.19,1.58
2022-06-22,11053.08,120.5197,3.16,28.95,1.58
2022-06-23,11232.19,120.7622,3.09,29.05,1.58
2022-06-24,11607.62,120.4853,3.13,27.23,1.58
2022-06-25,,,,,1.58
2022-06-26,,,,,1.58
2022-06-27,11524.55,120.1736,3.2,26.95,1.58
2022-06-28,11181.54,120.62,3.2,28.36,1.58
2022-06-29,11177.89,120.9616,3.1,28.16,1.58
2022-06-30,11028.74,120.9652,2.98,28.71,1.58
2022-07-01,11127.85,121.5058,2.88,26.7,1.58
2022-07-02,,,,,1.58
2022-07-03,,,,,1.58
2022-07-04,,,,27.53,1.58
2022-07-05,11322.24,122.6203,2.82,27.54,1.58
2022-07-06,11361.85,123.0073,2.93,26.73,1.58
2022-07-07,11621.35,122.7257,3.01,26.08,1.58
2022-07-08,11635.31,122.4662,3.09,24.64,1.58
2022-07-09,,,,,1.58
2022-07-10,,,,,1.58
2022-07-11,11372.6,123.2974,2.99,26.17,1.58
2022-07-12,11264.73,123.4524,2.96,27.29,1.58
2022-07-13,11247.58,123.2834,2.91,26.82,1.58
2022-07-14,11251.19,124.0622,2.96,26.4,1.58
2022-07-15,11452.42,123.4765,2.93,24.23,1.58
2022-07-16,,,,,1.58
2022-07-17,,,,,1.58
2022-07-18,11360.05,122.7727,2.96,25.3,1.58
2022-07-19,11713.15,122.4819,3.01,24.5,1.58
2022-07-20,11897.65,122.5997,3.04,23.88,1.58
2022-07-21,12059.61,122.9032,2.91,23.11,1.58
2022-07-22,11834.11,122.451,2.77,23.03,1.58
2022-07-23,,,,,1.58
2022-07-24,,,,,1.58
2022-07-25,11782.67,122.4594,2.81,23.36,1.58
2022-07-26,11562.57,122.7581,2.81,24.69,1.58
2022-07-27,12032.42,122.8169,2.78,23.24,1.58
2022-07-28,12162.59,122.1161,2.68,22.33,2.33
2022-07-29,12390.69,121.7678,2.67,21.33,2.32
2022-07-30,,,,,2.32
2022-07-31,,,,,2.32
2022-08-01,12368.98,121.4109,2.6,22.84,2.33
2022-08-02,12348.76,121.9486,2.75,23.93,2.33
2022-08-03,12668.16,122.3888,2.73,21.95,2.33
2022-08-04,12720.58,121.8333,2.68,21.44,2.33
2022-08-05,12657.55,122.321,2.83,21.15,2.33
2022-08-06,,,,,2.33
2022-08-07,,,,,2.33
2022-08-08,12644.46,121.8783,2.77,21.29,2.33
2022-08-09,12493.93,121.8614,2.8,21.77,2.33
2022-08-10,12854.8,120.7543,2.78,19.74,2.33
2022-08-11,12779.91,120.7163,2.87,20.2,2.33
2022-08-12,13047.19,121.018,2.84,19.53,2.33
2022-08-13,,,,,2.33
2022-08-14,,,,,2.33
2022-08-15,13128.05,121.4315,2.79,19.95,2.33
2022-08-16,13102.55,121.6807,2.82,19.69,2.33
2022-08-17,12938.12,122.0711,2.89,19.9,2.33
2022-08-18,12965.34,122.3627,2.88,19.56,2.33
2022-08-19,12705.22,123.0501,2.98,20.6,2.33
2022-08-20,,,,,2.33
2022-08-21,,,,,2.33
2022-08-22,12381.57,123.605,3.03,23.8,2.33
2022-08-23,12381.3,123.0547,3.05,24.11,2.33
2022-08-24,12431.53,123.109,3.11,22.82,2.33
2022-08-25,12639.27,123.0586,3.03,21.78,2.33
2022-08-26,12141.71,123.0656,3.04,25.56,2.33
2022-08-27,,,,,2.33
2022-08-28,,,,,2.33
2022-08-29,12017.67,123.4686,3.12,26.21,2.33
2022-08-30,11883.14,123.6848,3.11,26.21,2.33
2022-08-31,11816.2,123.535,3.15,25.87,2.33
2022-09-01,11785.13,124.4006,3.26,25.56,2.33
2022-09-02,11630.86,123.7743,3.2,25.47,2.33
2022-09-03,,,,,2.33
2022-09-04,,,,,2.33
2022-09-05,,,,25.99,2.33
2022-09-06,11544.91,124.767,3.33,26.91,2.33
2022-09-07,11791.9,124.8408,3.27,24.64,2.33
2022-09-08,11862.13,124.578,3.29,23.61,2.33
2022-09-09,12112.31,123.7874,3.33,22.79,2.33
2022-09-10,,,,,2.33
2022-09-11,,,,,2.33
2022-09-12,12266.41,123.3332,3.37,23.87,2.33
2022-09-13,11633.57,124.4242,3.42,27.27,2.33
2022-09-14,11719.68,124.4509,3.41,26.16,2.33
2022-09-15,11552.36,124.8843,3.45,26.27,2.33
2022-09-16,11448.4,124.8794,3.45,26.3,2.33
2022-09-17,,,,,2.33
2022-09-18,,,,,2.33
2022-09-19,11535.02,125.0104,3.49,25.76,2.33
2022-09-20,11425.05,125.1248,3.57,27.16,2.33
2022-09-21,11220.19,125.7399,3.51,27.99,2.33
2022-09-22,11066.81,126.1667,3.7,27.35,3.08
2022-09-23,10867.93,127.2853,3.69,29.92,3.08
2022-09-24,,,,,3.08
2022-09-25,,,,,3.08
2022-09-26,10802.92,128.4539,3.88,32.26,3.08
2022-09-27,10829.5,128.4386,3.97,32.6,3.08
2022-09-28,11051.64,128.0884,3.72,30.18,3.08
2022-09-29,10737.51,127.5437,3.76,31.84,3.08
2022-09-30,10575.62,127.5148,3.83,31.62,3.08
2022-10-01,,,,,3.08
2022-10-02,,,,,3.08
2022-10-03,10815.43,127.0813,3.67,30.1,3.08
2022-10-04,11176.41,126.1819,3.62,29.07,3.08
2022-10-05,11148.64,126.8616,3.76,28.55,3.08
2022-10-06,11073.31,127.2493,3.83,30.52,3.08
2022-10-07,10652.4,127.3111,3.89,31.36,3.08
2022-10-08,,,,,3.08
2022-10-09,,,,,3.08
2022-10-10,10542.1,,,32.45,3.08
2022-10-11,10426.19,127.6641,3.93,33.63,3.08
2022-10-12,10417.1,128.1481,3.91,33.57,3.08
2022-10-13,10649.15,127.7286,3.97,31.94,3.08
2022-10-14,10321.39,128.3325,4.0,32.02,3.08
2022-10-15,,,,,3.08
2022-10-16,,,,,3.08
2022-10-17,10675.8,127.6448,4.02,31.37,3.08
2022-10-18,10772.4,127.9153,4.01,30.5,3.08
2022-10-19,10680.51,128.3968,4.14,30.76,3.08
2022-10-20,10614.84,128.0052,4.24,29.98,3.08
2022-10-21,10859.72,127.6735,4.21,29.69,3.08
2022-10-22,,,,,3.08
2022-10-23,,,,,3.08
2022-10-24,10952.61,128.0304,4.25,29.85,3.08
2022-10-25,11199.12,127.3771,4.1,28.46,3.08
2022-10-26,10970.99,126.4723,4.04,27.28,3.08
2022-10-27,10792.67,126.7028,3.96,27.39,3.08
2022-10-28,11102.45,127.2135,4.02,25.75,3.08
2022-10-29,,,,,3.08
2022-10-30,,,,,3.08
2022-10-31,10988.15,127.6219,4.1,25.88,3.08
2022-11-01,10890.85,127.3987,4.07,25.81,3.08
2022-11-02,10524.8,127.3115,4.1,25.86,3.08
2022-11-03,10342.94,128.1743,4.14,25.3,3.83
2022-11-04,10475.25,127.1468,4.17,24.55,3.83
2022-11-05,,,,,3.83
2022-11-06,,,,,3.83
2022-11-07,10564.52,126.3062,4.22,24.35,3.83
2022-11-08,10616.2,125.633,4.14,25.54,3.83
2022-11-09,10353.17,125.9861,4.12,26.09,3.83
2022-11-10,11114.15,124.7044,3.82,23.53,3.83
2022-11-11,11323.33,,,22.52,3.83
2022-11-12,,,,,3.83
2022-11-13,,,,,3.83
2022-11-14,11196.22,123.4277,3.88,23.73,3.83
2022-11-15,11358.41,123.039,3.8,24.54,3.83
2022-11-16,11183.66,123.2817,3.67,24.11,3.83
2022-11-17,11144.96,123.977,3.77,23.93,3.83
2022-11-18,11146.06,123.8524,3.82,23.12,3.83
2022-11-19,,,,,3.83
2022-11-20,,,,,3.83
2022-11-21,11024.51,124.7009,3.83,22.36,3.83
2022-11-22,11174.41,124.2365,3.76,21.29,3.83
2022-11-23,11285.32,123.7574,3.71,20.35,3.83
2022-11-24,,,,20.42,3.83
2022-11-25,11226.36,123.3386,3.68,20.5,3.83
2022-11-26,,,,,3.83
2022-11-27,,,,,3.83
2022-11-28,11049.5,123.6032,3.69,22.21,3.83
2022-11-29,10983.78,123.6615,3.75,21.89,3.83
2022-11-30,11468.0,123.5175,3.68,20.58,3.83
2022-12-01,11482.45,122.0045,3.53,19.84,3.83
2022-12-02,11461.5,122.0102,3.51,19.06,3.83
2022-12-03,,,,,3.83
2022-12-04,,,,,3.83
2022-12-05,11239.94,122.6384,3.6,20.75,3.83
2022-12-06,11014.89,123.0191,3.51,22.17,3.83
2022-12-07,10958.55,122.7608,3.42,22.68,3.83
2022-12-08,11082.0,122.4152,3.48,22.29,3.83
2022-12-09,11004.62,122.4201,3.57,22.83,3.83
2022-12-10,,,,,3.83
2022-12-11,,,,,3.83
2022-12-12,11143.74,122.7714,3.61,25.0,3.83
2022-12-13,11256.81,121.8493,3.51,22.55,3.83
2022-12-14,11170.89,121.8226,3.49,21.14,3.83
2022-12-15,10810.53,122.5519,3.44,22.83,4.33
2022-12-16,10705.41,122.6505,3.48,22.62,4.33
2022-12-17,,,,,4.33
2022-12-18,,,,,4.33
2022-12-19,10546.03,122.5275,3.57,22.42,4.33
2022-12-20,10547.11,122.1357,3.69,21.48,4.33
2022-12-21,10709.37,122.2828,3.68,20.07,4.33
2022-12-22,10476.12,122.2419,3.67,21.97,4.33
2022-12-23,10497.86,121.9743,3.75,20.87,4.33
2022-12-24,,,,,4.33
2022-12-25,,,,,4.33
2022-12-26,,,,,4.33
2022-12-27,10353.23,121.7539,3.84,21.65,4.33
2022-12-28,10213.29,122.0075,3.88,22.14,4.33
2022-12-29,10478.09,121.6577,3.83,21.44,4.33
2022-12-30,10466.48,121.4256,3.88,21.67,4.33
2022-12-31,,,,,4.33
2023-01-01,,,,,4.33
2023-01-02,,,,,4.33
2023-01-03,10386.98,122.0905,3.79,22.9,4.33
2023-01-04,10458.76,121.5008,3.69,22.01,4.33
2023-01-05,10305.24,122.1017,3.71,22.46,4.33
2023-01-06,10569.29,121.0852,3.55,21.13,4.33
2023-01-07,,,,,4.33
2023-01-08,,,,,4.33
2023-01-09,10635.65,120.1508,3.53,21.97,4.33
2023-01-10,10742.63,120.2483,3.61,20.58,4.33
2023-01-11,10931.67,120.1614,3.54,21.09,4.33
2023-01-12,11001.1,119.4218,3.43,18.83,4.33
2023-01-13,11079.16,119.1673,3.49,18.35,4.33
2023-01-14,,,,,4.33
2023-01-15,,,,,4.33
2023-01-16,,,,19.49,4.33
2023-01-17,11095.11,119.2121,3.53,19.36,4.33
2023-01-18,10957.01,119.0755,3.37,20.34,4.33
2023-01-19,10852.27,119.6107,3.39,20.52,4.33
2023-01-20,11140.43,119.3486,3.48,19.85,4.33
2023-01-21,,,,,4.33
2023-01-22,,,,,4.33
2023-01-23,11364.41,119.1434,3.52,19.81,4.33
2023-01-24,11334.27,119.0958,3.46,19.2,4.33
2023-01-25,11313.36,118.9686,3.46,19.08,4.33
2023-01-26,11512.41,119.021,3.49,18.73,4.33
2023-01-27,11621.71,118.9223,3.52,18.51,4.33
2023-01-28,,,,,4.33
2023-01-29,,,,,4.33
2023-01-30,11393.81,118.8953,3.55,19.94,4.33
2023-01-31,11584.55,118.9802,3.52,19.4,4.33
2023-02-01,11816.32,118.6259,3.39,17.87,4.33
2023-02-02,12200.82,118.3421,3.4,18.73,4.58
2023-02-03,12006.95,119.5095,3.53,18.33,4.58
2023-02-04,,,,,4.58
2023-02-05,,,,,4.58
2023-02-06,11887.45,120.541,3.63,19.43,4.58
2023-02-07,12113.79,120.3475,3.67,18.66,4.58
2023-02-08,11910.52,120.1436,3.63,19.63,4.58
2023-02-09,11789.58,119.9781,3.67,20.71,4.57
2023-02-10,11718.12,120.1419,3.74,20.53,4.58
2023-02-11,,,,,4.58
2023-02-12,,,,,4.58
2023-02-13,11891.79,119.9828,3.72,20.34,4.58
2023-02-14,11960.15,119.9229,3.77,18.91,4.58
2023-02-15,12070.59,120.4557,3.81,18.23,4.58
2023-02-16,11855.83,120.4651,3.86,20.17,4.58
2023-02-17,11787.27,120.5526,3.82,20.02,4.58
2023-02-18,,,,,4.58
2023-02-19,,,,,4.58
2023-02-20,,,,21.23,4.58
2023-02-21,11492.3,120.6256,3.95,22.87,4.58
2023-02-22,11507.07,120.8389,3.93,22.29,4.58
2023-02-23,11590.4,121.0896,3.88,21.14,4.58
2023-02-24,11394.94,121.5681,3.95,21.67,4.58
2023-02-25,,,,,4.58
2023-02-26,,,,,4.58
2023-02-27,11466.98,121.3941,3.92,20.95,4.57
2023-02-28,11455.54,121.3341,3.92,20.7,4.57
2023-03-01,11379.48,120.6347,4.01,20.58,4.58
2023-03-02,11462.98,121.1302,4.08,19.59,4.57
2023-03-03,11689.01,120.7742,3.97,18.49,4.57
2023-03-04,,,,,4.57
2023-03-05,,,,,4.57
2023-03-06,11675.74,120.485,3.98,18.61,4.57
2023-03-07,11530.33,121.4623,3.97,19.59,4.57
2023-03-08,11576.0,121.4511,3.98,19.11,4.57
2023-03-09,11338.35,121.4458,3.93,22.61,4.57
2023-03-10,11138.89,121.2421,3.7,24.8,4.57
2023-03-11,,,,,4.57
2023-03-12,,,,,4.57
2023-03-13,11188.84,120.8897,3.55,26.52,4.58
2023-03-14,11428.15,121.0141,3.64,23.73,4.58
2023-03-15,11434.05,122.1079,3.51,26.14,4.58
2023-03-16,11717.28,121.7221,3.56,22.99,4.58
2023-03-17,11630.51,121.5643,3.39,25.51,4.58
2023-03-18,,,,,4.58
2023-03-19,,,,,4.58
2023-03-20,11675.54,121.0141,3.47,24.15,4.58
2023-03-21,11860.11,120.8958,3.59,21.38,4.58
2023-03-22,11669.96,120.6217,3.48,22.26,4.58
2023-03-23,11787.4,119.7587,3.38,22.61,4.83
2023-03-24,11823.96,120.4598,3.38,21.74,4.83
2023-03-25,,,,,4.83
2023-03-26,,,,,4.83
2023-03-27,11768.84,120.2541,3.53,20.6,4.83
2023-03-28,11716.08,119.7138,3.55,19.97,4.83
2023-03-29,11926.24,119.7258,3.57,19.12,4.83
2023-03-30,12013.47,119.4078,3.55,19.02,4.83
2023-03-31,12221.91,119.3602,3.48,18.7,4.83
2023-04-01,,,,,4.83
2023-04-02,,,,,4.83
2023-04-03,12189.45,119.3204,3.43,18.55,4.83
2023-04-04,12126.33,119.142,3.35,19.0,4.83
2023-04-05,11996.86,119.2953,3.3,19.08,4.83
2023-04-06,12087.96,119.3072,3.3,18.4,4.83
2023-04-07,,119.3547,3.39,,4.83
2023-04-08,,,,,4.83
2023-04-09,,,,,4.83
2023-04-10,12084.36,119.7948,3.41,18.97,4.83
2023-04-11,12031.88,119.5248,3.43,19.1,4.83
2023-04-12,11929.34,119.003,3.41,19.09,4.83
2023-04-13,12166.27,118.3915,3.45,17.8,4.83
2023-04-14,12123.47,118.8567,3.52,17.07,4.83
2023-04-15,,,,,4.83
2023-04-16,,,,,4.83
2023-04-17,12157.72,119.2787,3.6,16.95,4.83
2023-04-18,12153.41,119.1049,3.58,16.83,4.83
2023-04-19,12157.23,119.303,3.6,16.46,4.83
2023-04-20,12059.56,119.1199,3.54,17.17,4.83
2023-04-21,12072.46,119.3117,3.57,16.77,4.83
2023-04-22,,,,,4.83
2023-04-23,,,,,4.83
2023-04-24,12037.2,119.2039,3.52,16.89,4.83
2023-04-25,11799.16,119.613,3.4,18.76,4.83
2023-04-26,11854.35,119.3228,3.43,18.84,4.83
2023-04-27,12142.24,119.4298,3.53,17.03,4.83
2023-04-28,12226.58,119.2248,3.44,15.78,4.83
2023-04-29,,,,,4.83
2023-04-30,,,,,4.83
2023-05-01,12212.6,119.4435,3.59,16.08,4.83
2023-05-02,12080.51,119.6105,3.44,17.78,4.83
2023-05-03,12025.33,119.1233,3.38,18.34,4.83
2023-05-04,11966.4,119.0465,3.37,20.09,5.08
2023-05-05,12235.41,118.5548,3.44,17.19,5.08
2023-05-06,,,,,5.08
2023-05-07,,,,,5.08
2023-05-08,12256.92,118.5759,3.52,16.98,5.08
2023-05-09,12179.55,118.8239,3.53,17.71,5.08
2023-05-10,12306.44,118.5864,3.43,16.94,5.08
2023-05-11,12328.51,119.0303,3.39,16.93,5.08
2023-05-12,12284.74,119.3671,3.46,17.03,5.08
2023-05-13,,,,,5.08
2023-05-14,,,,,5.08
2023-05-15,12365.21,119.1608,3.5,17.12,5.08
2023-05-16,12343.05,119.1743,3.54,17.99,5.08
2023-05-17,12500.57,119.607,3.57,16.87,5.08
2023-05-18,12688.84,120.0886,3.65,16.05,5.08
2023-05-19,12657.9,119.7751,3.7,16.81,5.08
2023-05-20,,,,,5.08
2023-05-21,,,,,5.08
2023-05-22,12720.78,120.0875,3.72,17.21,5.08
2023-05-23,12560.25,120.3204,3.7,18.53,5.08
2023-05-24,12484.16,120.4752,3.73,20.03,5.08
2023-05-25,12698.09,120.8413,3.83,19.14,5.08
2023-05-26,12975.69,120.6304,3.8,17.95,5.08
2023-05-27,,,,,5.08
2023-05-28,,,,,5.08
2023-05-29,,,,17.46,5.08
2023-05-30,13017.43,120.5546,3.69,17.46,5.08
2023-05-31,12935.29,120.9662,3.64,17.94,5.08
2023-06-01,13100.98,120.0491,3.61,15.65,5.08
2023-06-02,13240.77,120.0049,3.69,14.6,5.08
2023-06-03,,,,,5.08
2023-06-04,,,,,5.08
2023-06-05,13229.43,120.0048,3.69,14.73,5.08
2023-06-06,13276.42,119.9718,3.7,13.96,5.08
2023-06-07,13104.89,119.859,3.79,13.94,5.08
2023-06-08,13238.52,119.5712,3.73,13.65,5.08
2023-06-09,13259.14,119.4322,3.75,13.83,5.08
2023-06-10,,,,,5.08
2023-06-11,,,,,5.08
2023-06-12,13461.92,119.6376,3.73,15.01,5.08
2023-06-13,13573.32,119.1899,3.84,14.61,5.08
2023-06-14,13626.48,118.776,3.83,13.88,5.08
2023-06-15,13782.82,118.5521,3.72,14.5,5.07
2023-06-16,13689.57,118.4184,3.77,13.54,5.08
2023-06-17,,,,,5.08
2023-06-18,,,,,5.08
2023-06-19,,,,14.19,5.08
2023-06-20,13667.29,118.938,3.74,13.88,5.07
2023-06-21,13502.2,118.727,3.72,13.2,5.07
2023-06-22,13630.61,118.7552,3.8,12.91,5.07
2023-06-23,13492.52,119.152,3.74,13.44,5.07
2023-06-24,,,,,5.07
2023-06-25,,,,,5.07
2023-06-26,13335.78,119.0761,3.72,14.25,5.07
2023-06-27,13555.67,118.8949,3.77,13.74,5.07
2023-06-28,13591.75,119.3382,3.71,13.43,5.07
2023-06-29,13591.33,119.527,3.85,13.54,5.07
2023-06-30,13787.92,119.3606,3.81,13.59,5.08
2023-07-01,,,,,5.08
2023-07-02,,,,,5.08
2023-07-03,13816.77,119.2119,3.86,13.57,5.08
2023-07-04,,,,13.7,5.08
2023-07-05,13791.65,119.3483,3.95,14.18,5.08
2023-07-06,13679.04,119.8193,4.05,15.44,5.08
2023-07-07,13660.72,119.0761,4.06,14.83,5.08
2023-07-08,,,,,5.08
2023-07-09,,,,,5.08
2023-07-10,13685.48,118.9548,4.01,15.07,5.07
2023-07-11,13760.7,118.7344,3.99,14.84,5.08
2023-07-12,13918.96,117.6385,3.86,13.54,5.08
2023-07-13,14138.57,117.1831,3.76,13.61,5.08
2023-07-14,14113.7,117.0463,3.83,13.34,5.08
2023-07-15,,,,,5.08
2023-07-16,,,,,5.08
2023-07-17,14244.95,117.1267,3.81,13.48,5.08
2023-07-18,14353.64,117.0264,3.8,13.3,5.08
2023-07-19,14358.02,117.3462,3.75,13.76,5.08
2023-07-20,14063.31,117.5947,3.85,13.99,5.08
2023-07-21,14032.81,117.9418,3.84,13.6,5.08
2023-07-22,,,,,5.08
2023-07-23,,,,,5.08
2023-07-24,14058.87,117.8124,3.86,13.91,5.08
2023-07-25,14144.56,117.8565,3.91,13.86,5.08
2023-07-26,14127.28,117.76,3.86,13.19,5.08
2023-07-27,14050.11,117.8938,4.01,14.41,5.33
2023-07-28,14316.66,117.788,3.96,13.33,5.33
2023-07-29,,,,,5.33
2023-07-30,,,,,5.33
2023-07-31,14346.02,117.8241,3.97,13.63,5.33
2023-08-01,14283.91,118.5738,4.05,13.93,5.33
2023-08-02,13973.45,119.1268,4.08,16.09,5.33
2023-08-03,13959.72,119.3963,4.2,15.92,5.33
2023-08-04,13892.07,118.821,4.05,17.1,5.33
2023-08-05,,,,,5.33
2023-08-06,,,,,5.33
2023-08-07,13977.12,119.0809,4.09,15.77,5.33
2023-08-08,13867.19,119.6407,4.02,15.99,5.33
2023-08-09,13705.08,119.476,4.0,15.96,5.33
2023-08-10,13721.03,119.1581,4.09,15.85,5.33
2023-08-11,13644.85,119.6268,4.16,14.84,5.33
2023-08-12,,,,,5.33
2023-08-13,,,,,5.33
2023-08-14,13788.33,120.0725,4.19,14.82,5.33
2023-08-15,13631.05,120.2127,4.21,16.46,5.33
2023-08-16,13474.63,120.3551,4.28,16.78,5.33
2023-08-17,13316.93,120.5242,4.3,17.89,5.33
2023-08-18,13290.78,120.4321,4.26,17.3,5.33
2023-08-19,,,,,5.33
2023-08-20,,,,,5.33
2023-08-21,13497.59,120.4627,4.34,17.13,5.33
2023-08-22,13505.87,120.3554,4.34,16.97,5.33
2023-08-23,13721.03,120.0307,4.19,15.98,5.33
2023-08-24,13463.97,120.2354,4.23,17.2,5.33
2023-08-25,13590.65,120.5137,4.25,15.68,5.33
2023-08-26,,,,,5.33
2023-08-27,,,,,5.33
2023-08-28,13705.13,120.3155,4.2,15.08,5.33
2023-08-29,13943.76,120.2669,4.12,14.45,5.33
2023-08-30,14019.31,119.7937,4.12,13.88,5.33
2023-08-31,14034.97,120.225,4.09,13.57,5.33
2023-09-01,14031.81,120.759,4.18,13.09,5.33
2023-09-02,,,,,5.33
2023-09-03,,,,,5.33
2023-09-04,,,,13.82,5.33
2023-09-05,14020.95,121.4345,4.27,14.01,5.33
2023-09-06,13872.47,121.8671,4.3,14.45,5.33
2023-09-07,13748.83,121.9528,4.27,14.4,5.33
2023-09-08,13761.53,121.9475,4.26,13.84,5.33
2023-09-09,,,,,5.33
2023-09-10,,,,,5.33
2023-09-11,13917.91,121.3386,4.29,13.8,5.33
2023-09-12,13773.63,121.2913,4.27,14.23,5.33
2023-09-13,13813.59,121.0549,4.25,13.48,5.33
2023-09-14,13926.05,121.2395,4.29,12.82,5.33
2023-09-15,13708.33,121.199,4.33,13.79,5.33
2023-09-16,,,,,5.33
2023-09-17,,,,,5.33
2023-09-18,13710.24,121.1938,4.32,14.0,5.33
2023-09-19,13678.19,121.1645,4.37,14.11,5.33
2023-09-20,13469.13,120.9648,4.35,15.14,5.33
2023-09-21,13223.98,121.5528,4.49,17.54,5.33
2023-09-22,13211.81,121.5306,4.44,17.2,5.33
2023-09-23,,,,,5.33
2023-09-24,,,,,5.33
2023-09-25,13271.32,122.1143,4.55,16.9,5.33
2023-09-26,13063.61,122.4742,4.56,18.94,5.33
2023-09-27,13092.85,122.9895,4.61,18.22,5.33
2023-09-28,13201.28,122.5342,4.59,17.34,5.33
2023-09-29,13219.32,122.3077,4.59,17.52,5.33
2023-09-30,,,,,5.33
2023-10-01,,,,,5.33
2023-10-02,13307.77,123.0545,4.69,17.61,5.33
2023-10-03,13059.47,123.7848,4.81,19.78,5.33
2023-10-04,13236.01,123.5946,4.73,18.58,5.33
2023-10-05,13219.83,123.8993,4.72,18.49,5.33
2023-10-06,13431.34,123.3563,4.78,17.45,5.33
2023-10-07,,,,,5.33
2023-10-08,,,,,5.33
2023-10-09,13484.24,,,17.7,5.33
2023-10-10,13562.84,122.9282,4.66,17.03,5.33
2023-10-11,13659.68,122.7697,4.58,16.09,5.33
2023-10-12,13574.22,123.2101,4.7,16.69,5.33
2023-10-13,13407.23,123.5954,4.63,19.32,5.33
2023-10-14,,,,,5.33
2023-10-15,,,,,5.33
2023-10-16,13567.98,123.3185,4.71,17.21,5.33
2023-10-17,13533.75,123.1202,4.83,17.88,5.33
2023-10-18,13314.3,123.8148,4.91,19.22,5.33
2023-10-19,13186.18,123.798,4.98,21.4,5.33
2023-10-20,12983.81,123.612,4.93,21.71,5.33
2023-10-21,,,,,5.33
2023-10-22,,,,,5.33
2023-10-23,13018.33,123.2846,4.86,20.37,5.33
2023-10-24,13139.87,123.6416,4.83,18.97,5.33
2023-10-25,12821.22,123.7871,4.95,20.19,5.33
2023-10-26,12595.61,124.0064,4.86,20.68,5.33
2023-10-27,12643.01,123.62,4.84,21.27,5.33
2023-10-28,,,,,5.33
2023-10-29,,,,,5.33
2023-10-30,12789.48,123.4076,4.88,19.75,5.33
2023-10-31,12851.24,123.8364,4.88,18.14,5.33
2023-11-01,13061.47,123.7922,4.77,16.87,5.33
2023-11-02,13294.19,122.8818,4.67,15.66,5.33
2023-11-03,13478.28,121.7564,4.57,14.91,5.33
2023-11-04,,,,,5.33
2023-11-05,,,,,5.33
2023-11-06,13518.78,121.6484,4.67,14.89,5.33
2023-11-07,13639.86,122.0777,4.58,14.81,5.33
2023-11-08,13650.41,122.0926,4.49,14.45,5.33
2023-11-09,13521.45,122.1281,4.62,15.29,5.33
2023-11-10,13798.11,,4.61,14.17,5.33
2023-11-11,,,,,5.33
2023-11-12,,,,,5.33
2023-11-13,13767.74,122.4264,4.63,14.76,5.33
2023-11-14,14094.38,121.35,4.44,14.16,5.33
2023-11-15,14103.84,121.0749,4.53,14.18,5.33
2023-11-16,14113.67,121.1754,4.45,14.32,5.33
2023-11-17,14125.48,120.8477,4.44,13.8,5.33
2023-11-18,,,,,5.33
2023-11-19,,,,,5.33
2023-11-20,14284.53,120.2533,4.42,13.41,5.33
2023-11-21,14199.98,120.2241,4.41,13.35,5.33
2023-11-22,14265.86,120.6802,4.42,12.85,5.33
2023-11-23,,,,12.8,5.33
2023-11-24,14250.85,120.2105,4.47,12.46,5.33
2023-11-25,,,,,5.33
2023-11-26,,,,,5.33
2023-11-27,14241.02,120.173,4.39,12.69,5.33
2023-11-28,14281.76,119.5904,4.34,12.69,5.33
2023-11-29,14258.49,119.8159,4.27,12.98,5.33
2023-11-30,14226.22,120.2434,4.37,12.92,5.33
2023-12-01,14305.03,119.9424,4.22,12.63,5.33
2023-12-02,,,,,5.33
2023-12-03,,,,,5.33
2023-12-04,14185.49,120.4727,4.28,13.08,5.33
2023-12-05,14229.91,120.7913,4.18,12.85,5.33
2023-12-06,14146.71,120.5334,4.12,12.97,5.33
2023-12-07,14339.99,120.6013,4.14,13.06,5.33
2023-12-08,14403.97,120.7607,4.23,12.35,5.33
2023-12-09,,,,,5.33
2023-12-10,,,,,5.33
2023-12-11,14432.49,120.9279,4.23,12.63,5.33
2023-12-12,14533.4,120.6817,4.2,12.07,5.33
2023-12-13,14733.96,121.1571,4.04,12.19,5.33
2023-12-14,14761.56,119.5683,3.92,12.48,5.33
2023-12-15,14813.92,119.7382,3.91,12.28,5.33
2023-12-16,,,,,5.33
2023-12-17,,,,,5.33
2023-12-18,14905.19,119.9102,3.95,12.56,5.33
2023-12-19,15003.22,119.4632,3.93,12.53,5.33
2023-12-20,14777.94,119.5435,3.86,13.67,5.33
2023-12-21,14963.87,119.3168,3.89,13.65,5.33
2023-12-22,14992.97,119.0625,3.9,13.03,5.33
2023-12-23,,,,,5.33
2023-12-24,,,,,5.33
2023-12-25,,,,,5.33
2023-12-26,15074.57,118.8875,3.89,12.99,5.33
2023-12-27,15099.18,118.4729,3.79,12.43,5.33
2023-12-28,15095.14,118.4104,3.84,12.47,5.33
2023-12-29,15011.35,118.4208,3.88,12.45,5.33
2023-12-30,,,,,5.33
2023-12-31,,,,,5.33
2024-01-01,,,,,5.33
2024-01-02,14765.94,119.2686,3.95,13.2,5.33
2024-01-03,14592.21,119.6958,3.91,14.04,5.33
2024-01-04,14510.3,119.6208,3.99,14.13,5.33
2024-01-05,14524.07,119.388,4.05,13.35,5.33
2024-01-06,,,,,5.33
2024-01-07,,,,,5.33
2024-01-08,14843.77,119.2506,4.01,13.08,5.33
2024-01-09,14857.71,119.6666,4.02,12.76,5.33
2024-01-10,14969.65,119.7614,4.04,12.69,5.33
2024-01-11,14970.19,119.8916,3.98,12.44,5.33
2024-01-12,14972.76,119.534,3.96,12.7,5.33
2024-01-13,,,,,5.33
2024-01-14,,,,,5.33
2024-01-15,,,,13.25,5.33
2024-01-16,14944.35,120.5759,4.07,13.84,5.33
2024-01-17,14855.62,121.0402,4.1,14.79,5.33
2024-01-18,15055.65,120.8895,4.14,14.13,5.33
2024-01-19,15310.97,120.6442,4.15,13.3,5.33
2024-01-20,,,,,5.33
2024-01-21,,,,,5.33
2024-01-22,15360.29,120.6178,4.11,13.19,5.33
2024-01-23,15425.94,121.1001,4.14,12.55,5.33
2024-01-24,15481.92,120.4916,4.18,13.14,5.33
2024-01-25,15510.5,120.8311,4.14,13.45,5.33
2024-01-26,15455.36,120.6173,4.15,13.26,5.33
2024-01-27,,,,,5.33
2024-01-28,,,,,5.33
2024-01-29,15628.04,120.8538,4.08,13.6,5.33
2024-01-30,15509.9,120.6025,4.06,13.31,5.33
2024-01-31,15164.01,120.4331,3.99,14.35,5.33
2024-02-01,15361.64,120.3335,3.87,13.88,5.33
2024-02-02,15628.95,120.902,4.03,13.85,5.33
2024-02-03,,,,,5.33
2024-02-04,,,,,5.33
2024-02-05,15597.68,121.349,4.17,13.67,5.33
2024-02-06,15609.0,120.9588,4.09,13.06,5.33
2024-02-07,15756.64,120.9049,4.09,12.83,5.33
2024-02-08,15793.71,121.0798,4.15,12.79,5.33
2024-02-09,15990.66,121.039,4.17,12.93,5.33
2024-02-10,,,,,5.33
2024-02-11,,,,,5.33
2024-02-12,15942.55,120.9378,4.17,13.93,5.33
2024-02-13,15655.6,121.5202,4.31,15.85,5.33
2024-02-14,15859.15,121.4002,4.27,14.38,5.33
2024-02-15,15906.17,121.2121,4.24,14.01,5.33
2024-02-16,15775.65,121.1505,4.3,14.24,5.33
2024-02-17,,,,,5.33
2024-02-18,,,,,5.33
2024-02-19,,,,14.71,5.33
2024-02-20,15630.78,121.0199,4.27,15.42,5.33
2024-02-21,15580.87,121.0379,4.32,15.34,5.33
2024-02-22,16041.62,121.102,4.33,14.54,5.33
2024-02-23,15996.82,121.0369,4.26,13.75,5.33
2024-02-24,,,,,5.33
2024-02-25,,,,,5.33
2024-02-26,15976.25,121.0592,4.28,13.74,5.33
2024-02-27,16035.3,120.9647,4.31,13.43,5.33
2024-02-28,15947.74,121.128,4.27,13.84,5.33
2024-02-29,16091.92,121.1824,4.25,13.4,5.33
2024-03-01,16274.94,121.0111,4.19,13.11,5.33
2024-03-02,,,,,5.33
2024-03-03,,,,,5.33
2024-03-04,16207.51,120.872,4.22,13.49,5.33
2024-03-05,15939.59,120.8846,4.13,14.46,5.33
2024-03-06,16031.54,120.4649,4.11,14.5,5.33
2024-03-07,16273.38,120.1909,4.09,14.44,5.33
2024-03-08,16085.11,119.975,4.09,14.74,5.33
2024-03-09,,,,,5.33
2024-03-10,,,,,5.33
2024-03-11,16019.27,120.0394,4.1,15.22,5.33
2024-03-12,16265.64,120.1668,4.16,13.84,5.33
2024-03-13,16177.77,119.9642,4.19,13.75,5.33
2024-03-14,16128.53,120.241,4.29,14.4,5.33
2024-03-15,15973.17,120.4003,4.31,14.41,5.33
2024-03-16,,,,,5.33
2024-03-17,,,,,5.33
2024-03-18,16103.45,120.5752,4.34,14.33,5.33
2024-03-19,16166.79,120.9332,4.3,13.82,5.33
2024-03-20,16369.41,120.9289,4.27,13.04,5.33
2024-03-21,16401.84,120.8086,4.27,12.92,5.33
2024-03-22,16428.82,121.1842,4.22,13.06,5.33
2024-03-23,,,,,5.33
2024-03-24,,,,,5.33
2024-03-25,16384.47,121.0295,4.25,13.19,5.33
2024-03-26,16315.7,121.0742,4.24,13.24,5.33
2024-03-27,16399.52,121.0089,4.2,12.78,5.33
2024-03-28,16379.46,121.0635,4.2,13.01,5.33
2024-03-29,,121.0191,,,5.33
2024-03-30,,,,,5.33
2024-03-31,,,,,5.33
2024-04-01,16396.83,121.5151,4.33,13.65,5.33
2024-04-02,16240.45,121.3035,4.36,14.61,5.33
2024-04-03,16277.46,121.0198,4.36,14.33,5.33
2024-04-04,16049.08,120.7613,4.31,16.35,5.33
2024-04-05,16248.52,120.9646,4.39,16.03,5.33
2024-04-06,,,,,5.33
2024-04-07,,,,,5.33
2024-04-08,16253.96,120.7359,4.42,15.19,5.33
2024-04-09,16306.64,120.7048,4.36,14.98,5.33
2024-04-10,16170.36,121.5727,4.55,15.8,5.33
2024-04-11,16442.2,121.6081,4.56,14.91,5.33
2024-04-12,16175.09,122.2885,4.5,17.31,5.33
2024-04-13,,,,,5.33
2024-04-14,,,,,5.33
2024-04-15,15885.02,122.425,4.63,19.23,5.33
2024-04-16,15865.25,123.1234,4.67,18.4,5.33
2024-04-17,15683.37,123.0207,4.59,18.21,5.33
2024-04-18,15601.5,123.0017,4.64,18.0,5.33
2024-04-19,15282.01,123.1075,4.62,18.71,5.33
2024-04-20,,,,,5.33
2024-04-21,,,,,5.33
2024-04-22,15451.31,123.0609,4.62,16.94,5.33
2024-04-23,15696.64,122.7227,4.61,15.69,5.33
2024-04-24,15712.75,122.89,4.65,15.97,5.33
2024-04-25,15611.76,122.8384,4.7,15.37,5.33
2024-04-26,15927.9,122.9471,4.67,15.03,5.33
2024-04-27,,,,,5.33
2024-04-28,,,,,5.33
2024-04-29,15983.08,122.5449,4.63,14.67,5.33
2024-04-30,15657.82,122.9853,4.69,15.65,5.33
2024-05-01,15605.48,123.0168,4.63,15.39,5.33
2024-05-02,15840.96,122.4384,4.58,14.68,5.33
2024-05-03,16156.33,122.1375,4.5,13.49,5.33
2024-05-04,,,,,5.33
2024-05-05,,,,,5.33
2024-05-06,16349.25,121.8913,4.49,13.49,5.33
2024-05-07,16332.56,122.093,4.47,13.23,5.33
2024-05-08,16302.76,122.1926,4.48,13.0,5.33
2024-05-09,16346.26,122.1634,4.45,12.69,5.33
2024-05-10,16340.87,122.014,4.5,12.55,5.33
2024-05-11,,,,,5.33
2024-05-12,,,,,5.33
2024-05-13,16388.24,122.0261,4.48,13.6,5.33
2024-05-14,16511.18,121.9256,4.45,13.42,5.33
2024-05-15,16742.39,121.3543,4.36,12.45,5.33
2024-05-16,16698.32,121.2236,4.38,12.42,5.33
2024-05-17,16685.97,121.2354,4.42,11.99,5.33
2024-05-18,,,,,5.33
2024-05-19,,,,,5.33
2024-05-20,16794.87,121.2289,4.44,12.15,5.33
2024-05-21,16832.62,121.3793,4.41,11.86,5.33
2024-05-22,16801.54,121.5462,4.43,12.29,5.33
2024-05-23,16736.03,121.7477,4.47,12.77,5.33
2024-05-24,16920.79,121.6172,4.46,11.93,5.33
2024-05-25,,,,,5.33
2024-05-26,,,,,5.33
2024-05-27,,,,12.36,5.33
2024-05-28,17019.88,121.43,4.54,12.92,5.33
2024-05-29,16920.58,122.1641,4.61,14.28,5.33
2024-05-30,16737.08,121.9601,4.55,14.47,5.33
2024-05-31,16735.02,122.098,4.51,12.92,5.33
2024-06-01,,,,,5.33
2024-06-02,,,,,5.33
2024-06-03,16828.67,122.3509,4.41,13.11,5.33
2024-06-04,16857.05,122.7256,4.33,13.16,5.33
2024-06-05,17187.9,122.5339,4.29,12.63,5.33
2024-06-06,17173.12,122.3713,4.28,12.58,5.33
2024-06-07,17133.13,123.549,4.43,12.22,5.33
2024-06-08,,,,,5.33
2024-06-09,,,,,5.33
2024-06-10,17192.53,123.9125,4.47,12.74,5.33
2024-06-11,17343.55,124.0349,4.39,12.85,5.33
2024-06-12,17608.44,123.8295,4.31,12.04,5.33
2024-06-13,17667.56,124.0235,4.24,11.94,5.33
2024-06-14,17688.88,124.1694,4.2,12.66,5.33
2024-06-15,,,,,5.33
2024-06-16,,,,,5.33
2024-06-17,17857.02,124.239,4.28,12.75,5.33
2024-06-18,17862.23,123.9776,4.22,12.3,5.33
2024-06-19,,,,12.48,5.33
2024-06-20,17721.59,124.192,4.25,13.28,5.33
2024-06-21,17689.36,124.1086,4.25,13.2,5.33
2024-06-22,,,,,5.33
2024-06-23,,,,,5.33
2024-06-24,17496.82,123.7125,4.25,13.33,5.33
2024-06-25,17717.65,123.9417,4.23,12.84,5.33
2024-06-26,17805.16,124.26,4.32,12.55,5.33
2024-06-27,17858.68,124.3379,4.29,12.24,5.33
2024-06-28,17732.6,124.2103,4.36,12.44,5.33
2024-06-29,,,,,5.33
2024-06-30,,,,,5.33
2024-07-01,17879.3,124.4667,4.48,12.22,5.33
2024-07-02,18028.76,124.2917,4.43,12.03,5.33
2024-07-03,18188.3,123.7768,4.36,12.09,5.33
2024-07-04,,,,12.26,5.33
2024-07-05,18352.76,123.4762,4.28,12.48,5.33
2024-07-06,,,,,5.33
2024-07-07,,,,,5.33
2024-07-08,18403.74,123.3576,4.28,12.37,5.33
2024-07-09,18429.29,123.4071,4.3,12.51,5.33
2024-07-10,18647.45,123.1895,4.28,12.85,5.33
2024-07-11,18283.41,122.769,4.2,12.92,5.33
2024-07-12,18398.45,122.4404,4.18,12.46,5.33
2024-07-13,,,,,5.33
2024-07-14,,,,,5.33
2024-07-15,18472.57,122.6347,4.23,13.12,5.33
2024-07-16,18509.34,122.7264,4.17,13.19,5.33
2024-07-17,17996.92,122.518,4.16,14.48,5.33
2024-07-18,17871.22,122.7909,4.2,15.93,5.33
2024-07-19,17726.94,123.147,4.25,16.52,5.33
2024-07-20,,,,,5.33
2024-07-21,,,,,5.33
2024-07-22,18007.57,123.2172,4.26,14.91,5.33
2024-07-23,17997.35,123.3843,4.25,14.72,5.33
2024-07-24,17342.41,123.5575,4.28,18.04,5.33
2024-07-25,17181.72,123.5286,4.27,18.46,5.33
2024-07-26,17357.88,123.672,4.2,16.39,5.33
2024-07-27,,,,,5.33
2024-07-28,,,,,5.33
2024-07-29,17370.2,124.1392,4.17,16.6,5.33
2024-07-30,17147.42,124.2855,4.15,17.69,5.33
2024-07-31,17599.4,123.6373,4.09,16.36,5.33
2024-08-01,17194.15,123.8693,3.99,18.59,5.33
2024-08-02,16776.16,123.4681,3.8,23.39,5.33
2024-08-03,,,,,5.33
2024-08-04,,,,,5.33
2024-08-05,16200.08,123.5787,3.78,38.57,5.33
2024-08-06,16366.85,123.6532,3.9,27.71,5.33
2024-08-07,16195.81,123.5698,3.96,27.85,5.33
2024-08-08,16660.02,123.4466,3.99,23.79,5.33
2024-08-09,16745.3,122.9276,3.94,20.37,5.33
2024-08-10,,,,,5.33
2024-08-11,,,,,5.33
2024-08-12,16780.61,123.2204,3.9,20.71,5.33
2024-08-13,17187.61,123.0146,3.85,18.12,5.33
2024-08-14,17192.6,122.4297,3.83,16.19,5.33
2024-08-15,17594.5,122.5844,3.92,15.23,5.33
2024-08-16,17631.72,122.3972,3.89,14.8,5.33
2024-08-17,,,,,5.33
2024-08-18,,,,,5.33
2024-08-19,17876.77,121.8788,3.86,14.65,5.33
2024-08-20,17816.94,121.7728,3.82,15.88,5.33
2024-08-21,17918.99,121.8535,3.79,16.27,5.33
2024-08-22,17619.35,122.3626,3.86,17.55,5.33
2024-08-23,17877.79,121.4597,3.81,15.86,5.33
2024-08-24,,,,,5.33
2024-08-25,,,,,5.33
2024-08-26,17725.76,121.6943,3.82,16.15,5.33
2024-08-27,17754.82,121.8672,3.83,15.43,5.33
2024-08-28,17556.03,121.8943,3.84,17.11,5.33
2024-08-29,17516.43,122.2333,3.87,15.65,5.33
2024-08-30,17713.62,122.3262,3.91,15.0,5.33
2024-08-31,,,,,5.33
2024-09-01,,,,,5.33
2024-09-02,,,,15.55,5.33
2024-09-03,17136.3,122.7811,3.84,20.72,5.33
2024-09-04,17084.3,122.5144,3.77,21.32,5.33
2024-09-05,17127.66,122.4533,3.73,19.9,5.33
2024-09-06,16690.83,122.4991,3.72,22.38,5.33
2024-09-07,,,,,5.33
2024-09-08,,,,,5.33
2024-09-09,16884.6,122.7156,3.7,19.45,5.33
2024-09-10,17025.88,123.0071,3.65,19.08,5.33
2024-09-11,17395.53,122.7754,3.65,17.69,5.33
2024-09-12,17569.68,122.4423,3.68,17.07,5.33
2024-09-13,17683.98,121.6551,3.66,16.56,5.33
2024-09-14,,,,,5.33
2024-09-15,,,,,5.33
2024-09-16,17592.13,121.4976,3.63,17.14,5.33
2024-09-17,17628.06,121.6031,3.65,17.61,5.33
2024-09-18,17573.3,121.5618,3.7,18.23,5.33
2024-09-19,18013.98,121.3059,3.73,16.33,4.83
2024-09-20,17948.32,121.4052,3.73,16.15,4.83
2024-09-21,,,,,4.83
2024-09-22,,,,,4.83
2024-09-23,17974.27,121.4303,3.75,15.89,4.83
2024-09-24,18074.52,121.1291,3.74,15.39,4.83
2024-09-25,18082.21,121.4447,3.79,15.41,4.83
2024-09-26,18190.29,121.0785,3.79,15.37,4.83
2024-09-27,18119.59,121.1111,3.75,16.96,4.83
2024-09-28,,,,,4.83
2024-09-29,,,,,4.83
2024-09-30,18189.17,121.2864,3.81,16.73,4.83
2024-10-01,17910.36,121.6881,3.74,19.26,4.83
2024-10-02,17925.12,121.5724,3.79,18.9,4.83
2024-10-03,17918.48,122.1197,3.85,20.49,4.83
2024-10-04,18137.85,122.2197,3.98,19.21,4.83
2024-10-05,,,,,4.83
2024-10-06,,,,,4.83
2024-10-07,17923.9,122.4241,4.03,22.64,4.83
2024-10-08,18182.92,122.6625,4.04,21.42,4.83
2024-10-09,18291.62,122.8821,4.06,20.86,4.83
2024-10-10,18282.05,123.0951,4.09,20.93,4.83
2024-10-11,18342.94,122.9805,4.08,20.46,4.83
2024-10-12,,,,,4.83
2024-10-13,,,,,4.83
2024-10-14,18502.69,,,19.7,4.83
2024-10-15,18315.59,123.5124,4.03,20.64,4.83
2024-10-16,18367.08,123.9235,4.02,19.58,4.83
2024-10-17,18373.61,124.1122,4.09,19.11,4.83
2024-10-18,18489.55,123.9185,4.08,18.03,4.83
2024-10-19,,,,,4.83
2024-10-20,,,,,4.83
2024-10-21,18540.0,124.4757,4.19,18.37,4.83
2024-10-22,18573.13,124.4107,4.2,18.2,4.83
2024-10-23,18276.65,124.6931,4.24,19.24,4.83
2024-10-24,18415.49,124.5127,4.21,19.08,4.83
2024-10-25,18518.61,124.6105,4.25,20.33,4.83
2024-10-26,,,,,4.83
2024-10-27,,,,,4.83
2024-10-28,18567.19,124.8076,4.28,19.8,4.83
2024-10-29,18712.75,124.8612,4.28,19.34,4.83
2024-10-30,18607.93,124.8153,4.29,20.35,4.83
2024-10-31,18095.15,124.7988,4.28,23.16,4.83
2024-11-01,18239.92,124.8076,4.37,21.88,4.83
2024-11-02,,,,,4.83
2024-11-03,,,,,4.83
2024-11-04,18179.98,124.5903,4.31,21.98,4.83
2024-11-05,18439.17,124.5532,4.26,20.49,4.83
2024-11-06,18983.47,125.7035,4.42,16.27,4.83
2024-11-07,19269.46,124.775,4.31,15.2,4.83
2024-11-08,19286.78,125.5811,4.3,14.94,4.58
2024-11-09,,,,,4.58
2024-11-10,,,,,4.58
2024-11-11,19298.76,,,14.97,4.58
2024-11-12,19281.4,126.7762,4.43,14.71,4.58
2024-11-13,19230.73,126.9572,4.44,14.02,4.58
2024-11-14,19107.65,127.0015,4.43,14.31,4.58
2024-11-15,18680.12,126.8848,4.43,16.14,4.58
2024-11-16,,,,,4.58
2024-11-17,,,,,4.58
2024-11-18,18791.81,126.6045,4.42,15.58,4.58
2024-11-19,18987.47,126.3994,4.39,16.35,4.58
2024-11-20,18966.14,126.88,4.41,17.16,4.58
2024-11-21,18972.42,127.1047,4.43,16.87,4.58
2024-11-22,19003.65,127.4712,4.41,15.24,4.58
2024-11-23,,,,,4.58
2024-11-24,,,,,4.58
2024-11-25,19054.84,126.9948,4.27,14.6,4.58
2024-11-26,19175.58,127.4301,4.3,14.1,4.58
2024-11-27,19060.48,126.8205,4.25,14.1,4.58
2024-11-28,,,,13.9,4.58
2024-11-29,19218.17,126.5798,4.18,13.51,4.58
2024-11-30,,,,,4.58
2024-12-01,,,,,4.58
2024-12-02,19403.95,127.1272,4.19,13.34,4.58
2024-12-03,19480.91,126.9565,4.23,13.3,4.58
2024-12-04,19735.12,126.7574,4.19,13.45,4.58
2024-12-05,19700.72,126.4286,4.17,13.54,4.58
2024-12-06,19859.77,126.688,4.15,12.77,4.58
2024-12-07,,,,,4.58
2024-12-08,,,,,4.58
2024-12-09,19736.69,126.5981,4.2,14.19,4.58
2024-12-10,19687.24,126.957,4.22,14.18,4.58
2024-12-11,20034.89,126.8483,4.26,13.58,4.58
2024-12-12,19902.84,126.9556,4.32,13.92,4.58
2024-12-13,19926.72,127.3096,4.4,13.81,4.58
2024-12-14,,,,,4.58
2024-12-15,,,,,4.58
2024-12-16,20173.89,127.2687,4.39,14.69,4.58
2024-12-17,20109.06,127.5043,4.4,15.87,4.58
2024-12-18,19392.69,127.6418,4.5,27.62,4.58
2024-12-19,19372.77,128.6366,4.57,24.09,4.33
2024-12-20,19572.6,127.893,4.52,18.36,4.33
2024-12-21,,,,,4.33
2024-12-22,,,,,4.33
2024-12-23,19764.89,128.3021,4.59,16.78,4.33
2024-12-24,20031.13,128.3377,4.59,14.27,4.33
2024-12-25,,,,,4.33
2024-12-26,20020.36,128.3329,4.58,14.73,4.33
2024-12-27,19722.03,128.45,4.62,15.95,4.33
2024-12-28,,,,,4.33
2024-12-29,,,,,4.33
2024-12-30,19486.78,128.8205,4.55,17.4,4.33
2024-12-31,19310.79,129.2775,4.58,17.35,4.33
2025-01-01,,,,,4.33
2025-01-02,19280.79,129.4598,4.57,17.93,4.33
2025-01-03,19621.68,129.4535,4.6,16.13,4.33
2025-01-04,,,,,4.33
2025-01-05,,,,,4.33
2025-01-06,19864.98,128.538,4.62,16.04,4.33
2025-01-07,19489.68,128.613,4.67,17.82,4.33
2025-01-08,19478.88,129.0785,4.67,17.7,4.33
2025-01-09,,129.2827,4.68,18.07,4.33
2025-01-10,19161.63,129.8664,4.77,19.54,4.33
2025-01-11,,,,,4.33
2025-01-12,,,,,4.33
2025-01-13,19088.1,130.0413,4.79,19.19,4.33
2025-01-14,19044.39,129.3812,4.78,18.71,4.33
2025-01-15,19511.23,129.2092,4.66,16.12,4.33
2025-01-16,19338.29,129.436,4.61,16.6,4.33
2025-01-17,19630.2,129.4859,4.61,15.97,4.33
2025-01-18,,,,,4.33
2025-01-19,,,,,4.33
2025-01-20,,,,15.81,4.33
2025-01-21,19756.78,128.4151,4.57,15.06,4.33
2025-01-22,20009.34,128.3402,4.6,15.1,4.33
2025-01-23,20053.68,128.2162,4.65,15.02,4.33
2025-01-24,19954.3,127.4611,4.63,14.85,4.33
2025-01-25,,,,,4.33
2025-01-26,,,,,4.33
2025-01-27,19341.83,128.0912,4.53,17.9,4.33
2025-01-28,19733.59,128.2817,4.55,16.41,4.33
2025-01-29,19632.32,128.3418,4.55,16.56,4.33
2025-01-30,19681.75,128.1004,4.52,15.84,4.33
2025-01-31,19627.44,128.4828,4.58,16.43,4.33
2025-02-01,,,,,4.33
2025-02-02,,,,,4.33
2025-02-03,19391.96,129.109,4.54,18.62,4.33
2025-02-04,19654.02,128.1083,4.52,17.21,4.33
2025-02-05,19692.33,127.9751,4.43,15.77,4.33
2025-02-06,19791.99,128.2017,4.45,15.5,4.33
2025-02-07,19523.4,128.4292,4.49,16.54,4.33
2025-02-08,,,,,4.33
2025-02-09,,,,,4.33
2025-02-10,19714.27,128.6382,4.51,15.81,4.33
2025-02-11,19643.86,128.4322,4.54,16.02,4.33
2025-02-12,19649.95,128.3288,4.62,15.89,4.33
2025-02-13,19945.64,127.8931,4.52,15.1,4.33
2025-02-14,20026.77,127.1491,4.47,14.77,4.33
2025-02-15,,,,,4.33
2025-02-16,,,,,4.33
2025-02-17,,,,15.37,4.33
2025-02-18,20041.26,127.2906,4.55,15.35,4.33
2025-02-19,20056.25,127.7317,4.53,15.27,4.33
2025-02-20,19962.36,127.1126,4.5,15.66,4.33
2025-02-21,19524.01,127.1408,4.42,18.21,4.33
2025-02-22,,,,,4.33
2025-02-23,,,,,4.33
2025-02-24,19286.92,127.1921,4.4,18.98,4.33
2025-02-25,19026.39,127.3752,4.3,19.43,4.33
2025-02-26,19075.26,127.2822,4.25,19.1,4.33
2025-02-27,18544.42,127.9704,4.29,21.13,4.33
2025-02-28,18847.28,128.2805,4.24,19.63,4.33
2025-03-01,,,,,4.33
2025-03-02,,,,,4.33
2025-03-03,18350.19,127.75,4.16,22.78,4.33
2025-03-04,18285.16,127.9966,4.22,23.51,4.33
2025-03-05,18552.73,126.504,4.28,21.93,4.33
2025-03-06,18069.26,126.1099,4.29,24.87,4.33
2025-03-07,18196.22,125.9814,4.32,23.37,4.33
2025-03-08,,,,,4.33
2025-03-09,,,,,4.33
2025-03-10,17468.32,126.268,4.22,27.86,4.33
2025-03-11,17436.1,126.0457,4.28,26.92,4.33
2025-03-12,17648.45,125.8664,4.32,24.23,4.33
2025-03-13,17303.01,126.0031,4.27,24.66,4.33
2025-03-14,17754.09,125.6942,4.31,21.77,4.33
2025-03-15,,,,,4.33
2025-03-16,,,,,4.33
2025-03-17,17808.66,125.3688,4.31,20.51,4.33
2025-03-18,17504.12,125.488,4.29,21.7,4.33
2025-03-19,17750.79,125.8006,4.25,19.9,4.33
2025-03-20,17691.63,125.985,4.24,19.8,4.33
2025-03-21,17784.05,126.2679,4.25,19.28,4.33
2025-03-22,,,,,4.33
2025-03-23,,,,,4.33
2025-03-24,18188.59,126.1956,4.34,17.48,4.33
2025-03-25,18271.86,126.0535,4.31,17.15,4.33
2025-03-26,17899.01,126.2364,4.35,18.33,4.33
2025-03-27,17804.03,126.3626,4.38,18.69,4.33
2025-03-28,17322.99,126.4187,4.27,21.65,4.33
2025-03-29,,,,,4.33
2025-03-30,,,,,4.33
2025-03-31,17299.29,126.7075,4.23,22.28,4.33
2025-04-01,17449.89,126.4338,4.17,21.77,4.33
2025-04-02,17601.05,126.3811,4.2,21.51,4.33
2025-04-03,16550.61,124.7316,4.06,30.02,4.33
2025-04-04,15587.79,125.8129,4.01,45.31,4.33
2025-04-05,,,,,4.33
2025-04-06,,,,,4.33
2025-04-07,15603.26,126.8282,4.15,46.98,4.33
2025-04-08,15267.91,126.8668,4.26,52.33,4.33
2025-04-09,17124.97,126.628,4.34,33.62,4.33
2025-04-10,16387.31,125.089,4.4,40.72,4.33
2025-04-11,16724.46,124.0163,4.48,37.56,4.33
2025-04-12,,,,,4.33
2025-04-13,,,,,4.33
2025-04-14,16831.48,123.6598,4.38,30.89,4.33
2025-04-15,16823.17,123.776,4.35,30.12,4.33
2025-04-16,16307.16,123.2724,4.29,32.64,4.33
2025-04-17,16286.45,123.1298,4.34,29.65,4.33
2025-04-18,,122.9865,,,4.33
2025-04-19,,,,,4.33
2025-04-20,,,,,4.33
2025-04-21,15870.9,122.3145,4.42,33.82,4.33
2025-04-22,16300.42,122.4175,4.41,30.57,4.33
2025-04-23,16708.05,123.0252,4.4,28.45,4.33
2025-04-24,17166.04,122.9251,4.32,26.47,4.33
2025-04-25,17382.94,122.8858,4.29,24.84,4.33
2025-04-26,,,,,4.33
2025-04-27,,,,,4.33
2025-04-28,17366.13,122.7176,4.23,25.15,4.33
2025-04-29,17461.32,122.5944,4.19,24.17,4.33
2025-04-30,17446.34,122.5921,4.17,24.7,4.33
2025-05-01,17710.74,123.1405,4.25,24.6,4.33
2025-05-02,17977.73,122.4962,4.33,22.68,4.33
2025-05-03,,,,,4.33
2025-05-04,,,,,4.33
2025-05-05,17844.24,122.2613,4.36,23.64,4.33
2025-05-06,17689.66,122.0417,4.3,24.76,4.33
2025-05-07,17738.16,122.117,4.26,23.55,4.33
2025-05-08,17928.14,122.7568,4.37,22.48,4.33
2025-05-09,17928.92,122.5191,4.37,21.9,4.33
2025-05-10,,,,,4.33
2025-05-11,,,,,4.33
2025-05-12,18708.34,123.4863,4.45,18.39,4.33
2025-05-13,19010.08,122.9583,4.49,18.22,4.33
2025-05-14,19146.81,122.6746,4.53,18.62,4.33
2025-05-15,19112.32,122.8174,4.45,17.83,4.33
2025-05-16,19211.1,123.0737,4.43,17.24,4.33
2025-05-17,,,,,4.33
2025-05-18,,,,,4.33
2025-05-19,19215.46,122.4186,4.46,18.14,4.33
2025-05-20,19142.71,122.3199,4.48,18.09,4.33
2025-05-21,18872.64,121.7496,4.58,20.87,4.33
2025-05-22,18925.73,122.0429,4.54,20.28,4.33
2025-05-23,18737.21,121.3837,4.51,22.29,4.33
2025-05-24,,,,,4.33
2025-05-25,,,,,4.33
2025-05-26,,,,20.57,4.33
2025-05-27,19199.16,121.6099,4.43,18.96,4.33
2025-05-28,19100.94,121.9888,4.47,19.31,4.33
2025-05-29,19175.87,121.5617,4.43,19.18,4.33
2025-05-30,19113.77,121.7674,4.41,18.57,4.33
2025-05-31,,,,,4.33
2025-06-01,,,,,4.33
2025-06-02,19242.61,121.1881,4.46,18.36,4.33
2025-06-03,19398.96,121.4592,4.46,17.69,4.33
2025-06-04,19460.49,121.0539,4.37,17.61,4.33
2025-06-05,19298.45,120.9596,4.4,18.48,4.33
2025-06-06,19529.95,121.161,4.51,16.77,4.33
2025-06-07,,,,,4.33
2025-06-08,,,,,4.33
2025-06-09,19591.24,120.9103,4.49,17.16,4.33
2025-06-10,19714.99,121.0485,4.47,16.95,4.33
2025-06-11,19615.88,120.587,4.41,17.26,4.33
2025-06-12,19662.48,120.1723,4.36,18.02,4.33
2025-06-13,19406.83,120.3245,4.41,20.82,4.33
2025-06-14,,,,,4.33
2025-06-15,,,,,4.33
2025-06-16,19701.21,120.1565,4.46,19.11,4.33
2025-06-17,19521.09,120.5048,4.39,21.6,4.33
2025-06-18,19546.27,120.7305,4.38,20.14,4.33
2025-06-19,,,,22.17,4.33
2025-06-20,19447.41,121.0408,4.38,20.62,4.33
2025-06-21,,,,,4.33
2025-06-22,,,,,4.33
2025-06-23,19630.97,121.1694,4.34,19.83,4.33
2025-06-24,19912.53,120.3645,4.3,17.48,4.33
2025-06-25,19973.55,120.3336,4.29,16.76,4.33
2025-06-26,20167.91,119.6451,4.26,16.59,4.33
2025-06-27,20273.46,119.659,4.29,16.32,4.33
2025-06-28,,,,,4.33
2025-06-29,,,,,4.33
2025-06-30,20369.73,119.4088,4.24,16.73,4.33
2025-07-01,20202.89,119.3436,4.26,16.83,4.33
2025-07-02,20393.13,119.3037,4.3,16.64,4.33
2025-07-03,20601.1,119.2382,4.35,16.38,4.33
2025-07-04,,,,17.48,4.33
2025-07-05,,,,,4.33
2025-07-06,,,,,4.33
2025-07-07,20412.52,119.6201,4.4,17.79,4.33
2025-07-08,20418.46,119.8371,4.42,16.81,4.33
2025-07-09,20611.34,119.7311,4.34,15.94,4.33
2025-07-10,20630.66,119.8343,4.35,15.78,4.33
2025-07-11,20585.53,119.9214,4.43,16.4,4.33
2025-07-12,,,,,4.33
2025-07-13,,,,,4.33
2025-07-14,20640.33,120.2209,4.43,17.2,4.33
2025-07-15,20677.8,120.5105,4.5,17.38,4.33
2025-07-16,20730.49,120.4175,4.46,17.16,4.33
2025-07-17,20885.65,120.6384,4.47,16.52,4.33
2025-07-18,20895.66,120.356,4.44,16.41,4.33
2025-07-19,,,,,4.33
2025-07-20,,,,,4.33
2025-07-21,20974.17,119.9961,4.38,16.65,4.33
2025-07-22,20892.68,119.681,4.35,16.5,4.33
2025-07-23,21020.02,119.5697,4.4,15.37,4.33
2025-07-24,21057.96,119.5664,4.43,15.39,4.33
2025-07-25,21108.32,119.9857,4.4,14.93,4.33
2025-07-26,,,,,4.33
2025-07-27,,,,,4.33
2025-07-28,21178.58,120.6149,4.42,15.03,4.33
2025-07-29,21098.29,120.9674,4.34,15.98,4.33
2025-07-30,21129.67,121.4042,4.38,15.48,4.33
2025-07-31,21122.45,121.721,4.37,16.72,4.33
2025-08-01,20650.13,121.2122,4.23,20.38,4.33
2025-08-02,,,,,4.33
2025-08-03,,,,,4.33
2025-08-04,21053.58,120.9859,4.22,17.52,4.33
2025-08-05,20916.55,120.9082,4.22,17.85,4.33
2025-08-06,21169.42,120.5082,4.22,16.77,4.33
2025-08-07,21242.7,120.5043,4.23,16.57,4.33
2025-08-08,21450.02,120.3329,4.27,15.15,4.33
2025-08-09,,,,,4.33
2025-08-10,,,,,4.33
2025-08-11,21385.4,120.6892,4.27,16.25,4.33
2025-08-12,21681.9,120.2736,4.29,14.73,4.33
2025-08-13,21713.14,120.13,4.24,14.49,4.33
2025-08-14,21710.67,120.6446,4.29,14.83,4.33
2025-08-15,21622.98,120.3377,4.33,15.09,4.33
2025-08-16,,,,,4.33
2025-08-17,,,,,4.33
2025-08-18,21629.77,120.5622,4.34,14.99,4.33
2025-08-19,21314.95,120.7224,4.3,15.57,4.33
2025-08-20,21172.86,120.7757,4.29,15.69,4.33
2025-08-21,21100.31,121.0843,4.33,16.6,4.33
2025-08-22,21496.53,120.2774,4.26,14.22,4.33
2025-08-23,,,,,4.33
2025-08-24,,,,,4.33
2025-08-25,21449.29,120.4214,4.28,14.79,4.33
2025-08-26,21544.27,120.5274,4.26,14.62,4.33
2025-08-27,21590.14,120.7274,4.24,14.85,4.33
2025-08-28,21705.16,120.2595,4.22,14.43,4.33
2025-08-29,21455.55,120.2082,4.23,15.36,4.33
2025-08-30,,,,,4.33
2025-08-31,,,,,4.33
2025-09-01,,,,16.12,4.33
2025-09-02,21279.63,120.6837,4.28,17.17,4.33
2025-09-03,21497.73,120.5052,4.22,16.35,4.33
2025-09-04,21707.69,120.7629,4.17,15.3,4.33
2025-09-05,21700.39,120.1282,4.1,15.18,4.33
2025-09-06,,,,,4.33
2025-09-07,,,,,4.33
2025-09-08,21798.7,120.0971,4.05,15.11,4.33
2025-09-09,21879.49,120.1569,4.08,15.04,4.33
2025-09-10,21886.06,120.1223,4.04,15.35,4.33
2025-09-11,22043.07,119.9534,4.01,14.71,4.33
2025-09-12,22141.1,120.0611,4.06,14.76,4.33
2025-09-13,,,,,4.33
2025-09-14,,,,,4.33
2025-09-15,22348.75,119.5644,4.05,15.69,4.33
2025-09-16,22333.96,119.1348,4.04,16.36,4.33
2025-09-17,22261.33,119.1582,4.06,15.72,4.33
2025-09-18,22470.73,119.6616,4.11,15.7,4.08
2025-09-19,22631.48,119.7858,4.14,15.45,4.08
2025-09-20,,,,,4.08
2025-09-21,,,,,4.08
2025-09-22,22788.98,119.8152,4.15,16.1,4.09
2025-09-23,22573.47,119.6202,4.12,16.64,4.09
2025-09-24,22497.86,120.1707,4.16,16.18,4.09
2025-09-25,22384.7,120.5419,4.18,16.74,4.09
2025-09-26,22484.07,120.4349,4.2,15.29,4.09
2025-09-27,,,,,4.09
2025-09-28,,,,,4.09
2025-09-29,22591.15,120.115,4.15,16.12,4.09
2025-09-30,22660.01,120.1368,4.16,16.28,4.09
2025-10-01,22755.16,120.1502,4.12,16.29,4.09
2025-10-02,22844.05,120.4296,4.1,16.63,4.09
2025-10-03,22780.51,120.0881,4.13,16.65,4.09
2025-10-04,,,,,4.09
2025-10-05,,,,,4.09
2025-10-06,22941.67,120.2722,4.18,16.37,4.09
2025-10-07,22788.36,120.4884,4.14,17.24,4.09
2025-10-08,23043.38,120.7766,4.13,16.3,4.1
2025-10-09,23024.63,121.0902,4.14,16.43,4.1
2025-10-10,22204.43,121.1163,4.05,21.66,4.1
2025-10-11,,,,,4.1
2025-10-12,,,,,4.1
2025-10-13,22694.61,,,19.03,4.1
2025-10-14,22521.7,121.1822,4.03,20.81,4.1
2025-10-15,22670.08,120.8642,4.05,20.64,4.1
2025-10-16,22562.54,120.6698,3.99,25.31,4.11
2025-10-17,22679.97,120.7028,4.02,20.78,4.11
2025-10-18,,,,,4.11
2025-10-19,,,,,4.11
2025-10-20,22990.54,120.6209,4.0,18.23,4.11
2025-10-21,22953.67,120.8895,3.98,17.87,4.11
2025-10-22,22740.4,120.8958,3.97,18.6,4.11
2025-10-23,22941.8,120.9531,4.01,17.3,4.11
2025-10-24,23204.87,120.9345,4.02,16.37,4.11
2025-10-25,,,,,4.11
2025-10-26,,,,,4.11
2025-10-27,23637.46,120.7988,4.01,15.79,4.12
2025-10-28,23827.49,120.6361,3.99,16.42,4.12
2025-10-29,23958.47,120.5312,4.08,16.92,4.12
2025-10-30,23581.14,121.2832,4.11,16.91,3.87
2025-10-31,23724.96,121.3859,4.11,17.44,3.86
2025-11-01,,,,,3.86
2025-11-02,,,,,3.86
2025-11-03,23834.72,121.4512,4.13,17.17,3.87
2025-11-04,23348.64,121.8271,4.1,19.0,3.87
2025-11-05,23499.8,121.8482,4.17,18.01,3.87
2025-11-06,23053.99,121.6948,4.11,19.5,3.87
2025-11-07,23004.54,121.388,4.11,19.08,3.87
2025-11-08,,,,,3.87
2025-11-09,,,,,3.87
2025-11-10,23527.17,121.2984,4.13,17.6,3.87
2025-11-11,23468.3,,,17.28,3.87
2025-11-12,23406.46,121.0458,4.08,17.51,3.87
2025-11-13,22870.36,120.7725,4.11,20.0,3.88
2025-11-14,22900.59,120.9666,4.14,19.83,3.88
2025-11-15,,,,,3.88
2025-11-16,,,,,3.88
2025-11-17,22708.07,121.1146,4.13,22.38,3.88
2025-11-18,22432.85,121.2127,4.12,24.69,3.88
2025-11-19,22564.23,121.4978,4.13,23.66,3.88
2025-11-20,22078.05,121.6889,4.1,26.42,3.88
2025-11-21,22273.08,121.8653,4.06,23.43,3.88
2025-11-22,,,,,3.88
2025-11-23,,,,,3.88
2025-11-24,22872.01,121.9171,4.04,20.52,3.88
2025-11-25,23025.59,121.6335,4.01,18.56,3.88
2025-11-26,23214.69,121.2437,4.0,17.19,3.88
2025-11-27,,,,17.21,3.88
2025-11-28,23365.69,121.0527,4.02,16.35,3.89
2025-11-29,,,,,3.89
2025-11-30,,,,,3.89
2025-12-01,23275.92,120.9862,4.09,17.24,3.89
2025-12-02,23413.67,121.1467,4.09,16.59,3.89
2025-12-03,23454.09,120.7336,4.06,16.08,3.89
2025-12-04,23505.14,120.6766,4.11,15.78,3.89
2025-12-05,23578.13,120.6863,4.14,15.41,3.89
2025-12-06,,,,,3.89
2025-12-07,,,,,3.89
2025-12-08,23545.9,120.776,4.17,16.66,3.89
2025-12-09,23576.49,120.6832,4.18,16.93,3.89
2025-12-10,23654.16,120.6752,4.13,15.77,3.89
2025-12-11,23593.86,119.98,4.14,14.85,3.64
2025-12-12,23195.17,120.1442,4.19,15.74,3.64
2025-12-13,,,,,3.64
2025-12-14,,,,,3.64
2025-12-15,23057.41,119.9561,4.18,16.5,3.64
2025-12-16,23111.46,119.8902,4.15,16.48,3.64
2025-12-17,22693.32,120.155,4.16,17.62,3.64
2025-12-18,23006.36,120.0528,4.12,16.87,3.64
2025-12-19,23307.62,120.1652,4.16,14.91,3.64
2025-12-20,,,,,3.64
2025-12-21,,,,,3.64
2025-12-22,23428.83,119.9912,4.17,14.08,3.64
2025-12-23,23561.84,119.7057,4.18,14.0,3.64
2025-12-24,23613.31,119.4372,4.15,13.47,3.64
2025-12-25,,,,,3.64
2025-12-26,23593.1,119.4723,4.14,13.6,3.64
2025-12-27,,,,,3.64
2025-12-28,,,,,3.64
2025-12-29,23474.35,119.5899,4.12,14.2,3.64
2025-12-30,23419.08,119.4939,4.14,14.33,3.64
2025-12-31,23241.99,119.7456,4.18,14.95,3.64
2026-01-01,,,,,3.64
2026-01-02,23235.63,119.6059,4.19,14.51,3.64
2026-01-03,,,,,3.64
2026-01-04,,,,,3.64
2026-01-05,23395.82,119.6192,4.17,14.9,3.64
2026-01-06,23547.17,119.7807,4.18,14.75,3.64
2026-01-07,23584.27,119.8719,4.15,15.38,3.64
2026-01-08,23480.02,120.0904,4.19,15.45,3.64
2026-01-09,23671.35,120.2215,4.18,14.49,3.64
2026-01-10,,,,,3.64
2026-01-11,,,,,3.64
2026-01-12,23733.9,119.9958,4.19,15.12,3.64
2026-01-13,23709.87,120.1401,4.18,15.98,3.64
2026-01-14,23471.75,119.9537,4.15,16.75,3.64
2026-01-15,23530.02,119.9951,4.17,15.84,3.64
2026-01-16,23515.39,120.0838,4.24,15.86,3.64
2026-01-17,,,,,3.64
2026-01-18,,,,,3.64
2026-01-19,,,,18.84,3.64
2026-01-20,22954.32,119.4455,4.3,20.09,3.64
2026-01-21,23224.82,119.3431,4.26,16.9,3.64
2026-01-22,23436.02,119.1962,4.26,15.64,3.64
2026-01-23,23501.24,118.8976,4.24,16.09,3.64
2026-01-24,,,,,3.64
2026-01-25,,,,,3.64
2026-01-26,23601.36,118.0525,4.22,16.15,3.64
2026-01-27,23817.1,117.4523,4.24,16.35,3.64
2026-01-28,23857.45,117.5117,4.26,16.35,3.64
2026-01-29,23685.12,117.4396,4.24,16.88,3.64
2026-01-30,23461.82,117.8996,4.26,17.44,3.64
2026-01-31,,,,,3.64
2026-02-01,,,,,3.64
2026-02-02,23592.11,118.3609,4.29,16.34,3.64
2026-02-03,23255.19,117.9764,4.28,18.0,3.64
2026-02-04,22904.58,118.2602,4.29,18.64,3.64
2026-02-05,22540.59,118.5034,4.21,21.77,3.64
2026-02-06,23031.21,118.2407,4.22,17.76,3.64
2026-02-07,,,,,3.64
2026-02-08,,,,,3.64
2026-02-09,23238.67,117.6392,4.22,17.36,3.64
2026-02-10,23102.47,117.5216,4.16,17.79,3.64
2026-02-11,23066.47,117.4601,4.18,17.65,3.64
2026-02-12,22597.15,117.5376,4.09,20.82,3.64
2026-02-13,22546.67,117.5258,4.04,20.6,3.64
2026-02-14,,,,,3.64
2026-02-15,,,,,3.64
2026-02-16,,,,21.2,3.64
2026-02-17,22578.38,117.7375,4.05,20.29,3.64
2026-02-18,22753.63,117.8426,4.09,19.62,3.64
2026-02-19,22682.73,118.2354,4.08,20.23,3.64
2026-02-20,22886.07,117.9917,4.08,19.09,3.64
2026-02-21,,,,,3.64
2026-02-22,,,,,3.64
2026-02-23,22627.27,117.9395,4.03,21.01,3.64
2026-02-24,22863.68,117.9463,4.04,19.55,3.64
2026-02-25,23152.08,117.769,4.05,17.93,3.64
2026-02-26,22878.38,117.9042,4.02,18.63,3.64
2026-02-27,22668.21,117.8223,3.97,19.86,3.64
2026-02-28,,,,,3.64
2026-03-01,,,,,3.64
2026-03-02,22748.86,118.667,4.05,21.44,3.64
2026-03-03,22516.69,119.4341,4.06,23.57,3.64
2026-03-04,22807.48,119.0705,4.09,21.15,3.64
2026-03-05,22748.99,119.5683,4.13,23.75,3.64
2026-03-06,22387.68,119.491,4.15,29.49,3.64
2026-03-07,,,,,3.64
2026-03-08,,,,,3.64
2026-03-09,22695.95,119.5151,4.12,25.5,3.64
2026-03-10,22697.1,118.7255,4.15,24.93,3.64
2026-03-11,22716.13,119.2885,4.21,24.23,3.64
2026-03-12,22311.98,119.8227,4.27,27.29,3.64
2026-03-13,22105.36,120.5518,4.28,27.19,3.64
2026-03-14,,,,,3.64
2026-03-15,,,,,3.64
2026-03-16,22374.18,120.097,4.23,23.51,3.64
2026-03-17,22479.53,119.8328,4.2,22.37,3.64
2026-03-18,22152.42,119.9276,4.26,25.09,3.64
2026-03-19,22090.69,120.1802,4.25,24.06,3.64
2026-03-20,21647.61,120.2757,4.39,26.78,3.64
2026-03-21,,,,,3.64
2026-03-22,,,,,3.64
2026-03-23,21946.76,119.9371,4.34,26.15,3.64
2026-03-24,21761.89,120.1295,4.39,26.95,3.64
2026-03-25,21929.83,120.1282,4.33,25.33,3.64
2026-03-26,21408.08,120.389,4.42,27.44,3.64
2026-03-27,20948.36,120.8851,4.44,31.05,3.64
2026-03-28,,,,,3.64
2026-03-29,,,,,3.64
2026-03-30,20794.64,121.2851,4.35,30.61,3.64
2026-03-31,21590.63,121.035,4.3,25.25,3.64
2026-04-01,21840.95,120.1198,4.33,24.54,3.64
2026-04-02,21879.18,120.503,4.31,23.87,3.64
2026-04-03,,120.6565,4.35,,3.64
2026-04-04,,,,,3.64
2026-04-05,,,,,3.64
2026-04-06,21996.34,120.4302,4.34,24.17,3.64
2026-04-07,22017.85,120.32,4.33,25.78,3.64
2026-04-08,22635.0,119.0596,4.29,21.04,3.64
2026-04-09,22822.42,118.8998,4.29,19.49,3.64
2026-04-10,22902.89,118.8552,4.31,19.23,3.64
2026-04-11,,,,,3.64
2026-04-12,,,,,3.64
2026-04-13,23183.74,118.9916,4.3,19.12,3.64
2026-04-14,23639.08,118.3581,4.26,18.36,3.64
2026-04-15,24016.02,118.3623,4.29,18.17,3.64
2026-04-16,24102.7,118.3616,4.32,17.94,3.64
2026-04-17,24468.48,118.0795,4.26,17.48,3.64
2026-04-18,,,,,3.64
2026-04-19,,,,,3.64
2026-04-20,24404.39,118.2374,4.26,18.87,3.64
2026-04-21,24259.96,118.4331,4.3,19.5,3.64
2026-04-22,24657.57,118.6004,4.3,18.92,3.64
2026-04-23,24438.5,118.7155,4.34,19.31,3.64
2026-04-24,24836.6,118.7294,4.31,18.71,3.64
2026-04-25,,,,,3.64
2026-04-26,,,,,3.64
2026-04-27,24887.1,118.5458,4.35,18.02,3.64
2026-04-28,24663.8,118.7717,4.36,17.83,3.64
2026-04-29,24673.24,119.0975,4.42,18.81,3.64
2026-04-30,24892.31,118.671,4.4,16.89,3.64
2026-05-01,25114.44,118.3926,4.39,16.99,3.64
2026-05-02,,,,,3.64
2026-05-03,,,,,3.64
2026-05-04,25067.8,118.8264,4.45,18.29,3.64
2026-05-05,25326.13,118.6207,4.43,17.38,3.64
2026-05-06,25838.94,118.0982,4.36,17.39,3.64
2026-05-07,25806.2,118.0116,4.41,17.08,3.63
2026-05-08,26247.08,118.0392,4.38,17.19,3.63
2026-05-09,,,,,3.63
2026-05-10,,,,,3.63
2026-05-11,26274.13,118.0562,4.42,18.38,3.63
2026-05-12,26088.2,118.5238,4.46,17.99,3.63
2026-05-13,26402.34,118.4737,4.46,17.87,3.63
2026-05-14,26635.22,118.6696,4.47,17.26,3.63
2026-05-15,26225.14,119.2825,4.59,18.43,3.63
2026-05-16,,,,,3.63
2026-05-17,,,,,3.63
2026-05-18,26090.73,119.0574,4.61,17.82,3.63
2026-05-19,25870.71,119.451,4.67,18.06,3.62
2026-05-20,26270.36,119.1624,4.57,17.44,3.62
2026-05-21,26293.1,119.369,4.57,16.76,3.62
2026-05-22,26343.97,119.2868,4.56,16.7,3.62
2026-05-23,,,,,3.62
2026-05-24,,,,,3.62
2026-05-25,,,,16.59,3.62
2026-05-26,26656.18,119.1696,4.5,17.01,3.62
2026-05-27,26674.73,119.1829,4.48,16.29,3.62
2026-05-28,26917.47,119.0318,4.45,15.74,3.62
2026-05-29,26972.62,118.8783,4.45,15.32,3.62
2026-05-30,,,,,3.62
2026-05-31,,,,,3.62
2026-06-01,27086.81,119.1653,4.47,16.05,3.62
2026-06-02,27093.9,119.0359,4.46,15.77,3.62
2026-06-03,26853.98,119.3848,4.49,16.06,3.62
2026-06-04,26830.96,119.3615,4.47,15.4,3.62
2026-06-05,25709.43,120.0831,4.55,21.51,3.62
2026-06-06,,,,,3.62
2026-06-07,,,,,3.62
2026-06-08,25929.66,120.034,4.56,18.92,3.62
2026-06-09,25678.82,119.9617,4.53,19.87,3.62
2026-06-10,25169.5,119.9134,4.55,22.22,3.62
2026-06-11,25809.66,120.1174,4.45,19.44,3.62
2026-06-12,25888.84,119.5073,4.48,17.68,3.62
2026-06-13,,,,,3.62
2026-06-14,,,,,3.62
2026-06-15,26683.94,119.3158,4.47,16.2,3.63
2026-06-16,26376.34,119.256,4.43,16.41,3.63
2026-06-17,26021.66,119.3871,4.49,18.44,3.63
2026-06-18,26517.93,120.3958,4.46,16.4,3.63
2026-06-19,,,,16.78,3.63
2026-06-20,,,,,3.63
2026-06-21,,,,,3.63
2026-06-22,26166.6,120.5463,4.51,17.28,3.63
2026-06-23,25587.04,121.0552,4.5,19.49,3.63
2026-06-24,25476.64,121.412,4.41,18.63,3.63
2026-06-25,25358.6,121.0559,4.4,18.89,3.63
2026-06-26,25297.62,120.8866,4.38,18.41,3.63
2026-06-27,,,,,3.63
2026-06-28,,,,,3.63
2026-06-29,25820.14,120.9525,4.38,17.65,3.63
2026-06-30,26213.72,120.9248,4.44,16.45,3.63
2026-07-01,26040.03,121.1455,4.48,16.59,3.63
2026-07-02,25832.67,120.6902,4.49,16.15,3.63
2026-07-03,,,,15.81,3.63
2026-07-04,,,,,3.63
2026-07-05,,,,,3.63
2026-07-06,26121.16,120.835,4.48,15.57,3.63
2026-07-07,25818.69,120.8145,4.55,16.13,3.63
2026-07-08,25870.65,121.1307,4.56,16.9,3.62
2026-07-09,26206.89,120.753,4.54,15.84,3.62
2026-07-10,26281.61,120.5046,4.56,15.03,3.62
2026-07-11,,,,,3.62
2026-07-12,,,,,3.62
2026-07-13,25873.18,120.7413,4.62,17.16,3.62
2026-07-14,26107.01,120.4728,4.58,16.5,3.63
2026-07-15,26269.23,120.3088,4.55,15.67,3.63
2026-07-16,25881.95,120.331,4.57,16.73,3.63
2026-07-17,25520.24,120.5315,4.55,18.77,3.63
2026-07-18,,,,,3.63
2026-07-19,,,,,3.63
2026-07-20,25508.07,120.5401,4.6,18.65,3.63
2026-07-21,25837.21,120.5779,4.63,17.05,3.63
2026-07-22,25690.9,120.5736,4.67,16.64,3.63
2026-07-23,25137.69,120.9075,4.71,18.7,3.63
2026-07-24,24975.82,120.7105,4.69,18.58,3.63
2026-07-25,,,,,3.63
2026-07-26,,,,,3.63
2026-07-27,24932.08,120.7739,4.65,18.67,3.63
2026-07-28,24876.91,120.6247,4.61,18.21,3.63
2026-07-29,24442.94,120.7892,4.67,20.66,3.63
2026-07-30,25122.18,119.6753,4.68,17.09,3.63
2026-07-31,25373.85,119.7034,4.75,15.99,3.63
2026-08-01,,,,,3.63
2026-08-02,,,,,3.63
2026-08-03,25913.9,119.6951,4.7,15.86,3.63
2026-08-04,26584.99,119.5977,4.63,16.5,3.63
2026-08-05,26363.44,119.3881,4.63,15.81,3.63
2026-08-06,26348.35,119.5113,4.69,15.15,3.63
2026-08-07,26690.62,119.0649,4.65,14.9,3.63
2026-08-08,,,,,3.63
2026-08-09,,,,,3.63
2026-08-10,26605.36,119.1187,4.72,15.46,3.63
2026-08-11,26445.45,119.179,4.7,15.28,3.63
2026-08-12,26588.49,119.1179,4.68,14.55,3.63
2026-08-13,26803.03,119.1848,4.63,14.63,3.63
2026-08-14,26729.16,118.9028,4.68,14.25,3.63
2026-08-15,,,,,3.63
2026-08-16,,,,,3.63
2026-08-17,26644.91,118.814,4.72,15.19,3.63
2026-08-18,26289.71,118.9831,4.71,15.84,3.63
2026-08-19,26331.09,118.3328,4.65,14.89,3.63
2026-08-20,26067.17,118.2548,4.69,16.01,3.63
2026-08-21,26180.45,118.0628,4.74,15.13,3.63
2026-08-22,,,,,3.63
2026-08-23,,,,,3.63
2026-08-24,25980.19,,4.7,15.85,3.63
2026-08-25,26151.3,,4.64,15.45,3.63
2026-08-26,26130.2,,4.66,15.21,3.63
2026-08-27,26541.35,,4.67,14.51,3.63
2026-08-28,26402.42,,,,
