fecha,valor
2009-01-29,63.266666666666666
2009-01-30,12.146666666666668
2009-01-31,4.553571428571428
2009-02-01,2.1703703703703705
2009-02-02,1.2111959287531806
2009-02-03,0.7566539923954374
2009-02-04,0.397897897897898
2009-02-05,0.20496083550913835
2009-02-06,0.14004914004914015
2009-02-07,0.11177884615384603
2009-02-08,0.09269988412514496
2009-02-09,0.14947856315179608
2009-02-10,0.14491017964071862
2009-02-11,0.2346298619824343
2009-02-12,0.25578406169665824
2009-02-13,0.11123723041997735
2009-02-14,-0.004153686396677125
2009-02-15,0.02111932418162632
2009-02-16,0.017297297297297343
2009-02-17,0.006437768240343367
2009-02-18,-0.05705394190871371
2009-02-19,-0.055780933062880345
2009-02-20,-0.004287245444801635
2009-02-21,0.05957943925233655
2009-02-22,0.03337169159953968
2009-02-23,-0.07683982683982682
2009-02-24,-0.09559613319011806
2009-02-25,-0.10184182015167931
2009-02-26,-0.14331896551724144
2009-02-27,-0.108108108108108
2009-02-28,-0.13255567338282082
2009-03-01,-0.2036290322580645
2009-03-02,-0.17364016736401677
2009-03-03,-0.1890243902439025
2009-03-04,-0.15762538382804514
2009-03-05,-0.14504596527068436
2009-03-06,-0.1637122002085506
2009-03-07,-0.1685625646328851
2009-03-08,-0.10626992561105197
2009-03-09,-0.10341151385927505
2009-03-10,-0.08250825082508262
2009-03-11,-0.12137486573576795
2009-03-12,-0.11840688912809483
2009-03-13,-0.08599779492833526
2009-03-14,-0.07572383073496658
2009-03-15,-0.049237983587338774
2009-03-16,0.03681710213776701
2009-03-17,0.06151990349819059
2009-03-18,0.12578616352201255
2009-03-19,0.08484848484848495
2009-03-20,0.09902200488997548
2009-03-21,0.06202531645569631
2009-03-22,0.07215189873417716
2009-03-23,0.011278195488721776
2009-03-24,-0.03037667071688943
2009-03-25,-0.06093189964157697
2009-03-26,0.009975062344139696
2009-03-27,-0.023631840796019987
2009-03-28,0.04042806183115344
2009-03-29,0.022592152199762294
2009-03-30,0.01918465227817756
2009-03-31,0.08557457212713926
2009-04-01,0.08058608058608052
2009-04-02,0.030156815440289586
2009-04-03,0.04096385542168668
2009-04-04,0.0320591861898889
2009-04-05,-0.004581901489117968
2009-04-06,-0.025000000000000022
2009-04-07,-0.08938547486033521
2009-04-08,-0.09944134078212297
2009-04-09,-0.12124582869855383
2009-04-10,-0.0679380214541121
2009-04-11,-0.059031877213695405
2009-04-12,-0.0384138785625775
2009-04-13,-0.01754385964912286
2009-04-14,0.027989821882951516
2009-04-15,0.007407407407407529
2009-04-16,0.07006369426751591
2009-04-17,-0.035428571428571476
2009-04-18,-0.015116279069767424
2009-04-19,-0.0023529411764706687
2009-04-20,0.08896396396396389
2009-04-21,0.09378531073446328
2009-04-22,0.1428571428571428
2009-04-23,0.07407407407407418
2009-04-24,0.11230585424133821
2009-04-25,0.05638665132336018
2009-04-26,0.06993006993007
2009-04-27,-0.03558282208588959
2009-04-28,-0.0347394540942928
2009-04-29,0.02025316455696191
2009-04-30,0.10230179028132991
2009-05-01,0.08908406524466739
2009-05-02,0.14948453608247414
2009-05-03,0.11479591836734704
2009-05-04,0.14975247524752477
2009-05-05,0.1740196078431373
2009-05-06,0.12380952380952381
2009-05-07,0.10781990521327023
2009-05-08,0.08736717827626928
2009-05-09,0.010613207547169878
2009-05-10,-0.13960703205791103
2009-05-11,-0.1776859504132231
2009-05-12,-0.2008196721311475
2009-05-13,-0.17887931034482762
2009-05-14,-0.1568206229860365
2009-05-15,-0.10239651416122009
2009-05-16,-0.057734204793028265
2009-05-17,0.1539440203562341
2009-05-18,0.15938303341902316
2009-05-19,0.06451612903225801
2009-05-20,-0.001160092807424573
2009-05-21,-0.08064516129032262
2009-05-22,-0.20067264573991028
2009-05-23,-0.2837528604118993
2009-05-24,-0.35522066738428426
2009-05-25,-0.3841336116910229
2009-05-26,-0.33368644067796605
2009-05-27,-0.32834224598930495
2009-05-28,-0.30401737242128135
2009-05-29,-0.1283547257876313
2009-05-30,-0.009615384615384692
2009-05-31,0.03015075376884413
2009-06-01,0.00512820512820511
2009-06-02,0.01049868766404205
2009-06-03,-0.08025477707006368
2009-06-04,-0.15898058252427183
2009-06-05,-0.35722543352601155
2009-06-06,-0.47629547960308716
2009-06-07,-0.5620842572062084
2009-06-08,-0.5291375291375291
2009-06-09,-0.554006968641115
2009-06-10,-0.5050125313283208
2009-06-11,-0.4137447405329593
2009-06-12,-0.24281150159744413
2009-06-13,-0.12520868113522532
2009-06-14,-0.016949152542372947
2009-06-15,-0.07472178060413359
2009-06-16,-0.10509554140127375
2009-06-17,-0.12792511700468012
2009-06-18,-0.26372155287817933
2009-06-19,-0.3313106796116505
2009-06-20,-0.32804878048780495
2009-06-21,-0.2857142857142857
2009-06-22,-0.2038961038961039
2009-06-23,-0.14404432132963985
2009-06-24,-0.07792207792207784
2009-06-25,0.16546762589928043
2009-06-26,0.3705263157894736
2009-06-27,0.6632911392405063
2009-06-28,0.5445544554455444
2009-06-29,0.48958333333333326
2009-06-30,0.481012658227848
2009-07-01,0.3444976076555024
2009-07-02,0.17721518987341778
2009-07-03,0.04961832061068683
2009-07-04,-0.04310344827586199
2009-07-05,0.0068728522336769515
2009-07-06,0.040925266903914403
2009-07-07,0.010733452593917558
2009-07-08,0.02181818181818196
2009-07-09,0.021778584392014633
2009-07-10,0.019963702359346858
2009-07-11,-0.0071428571428571175
2009-07-12,-0.09624796084828713
2009-07-13,-0.11326860841423947
2009-07-14,-0.14241001564945222
2009-07-15,-0.19907407407407407
2009-07-16,-0.22580645161290325
2009-07-17,-0.28462709284627097
2009-07-18,-0.3733974358974359
2009-07-19,-0.32867132867132864
2009-07-20,-0.14871794871794874
2009-07-21,-0.09074733096085419
2009-07-22,-0.05734767025089604
2009-07-23,-0.034545454545454435
2009-07-24,0.003603603603603567
2009-07-25,-0.0017064846416381396
2009-07-26,-0.0837606837606838
2009-07-27,-0.26017699115044246
2009-07-28,-0.3291814946619218
2009-07-29,-0.3978685612788633
2009-07-30,-0.501779359430605
2009-07-31,-0.5971223021582734
2009-08-01,-0.6028880866425993
2009-08-02,-0.5948905109489051
2009-08-03,-0.708029197080292
2009-08-04,-0.6146435452793834
2009-08-05,-0.4742063492063493
2009-08-06,-0.2808510638297872
2009-08-07,0.31202046035805653
2009-08-08,0.47135416666666674
2009-08-09,0.2911646586345382
2009-08-10,0.38160469667318986
2009-08-11,0.3212927756653994
2009-08-12,0.26365348399246713
2009-08-13,0.1956912028725315
2009-08-14,-0.08205128205128209
2009-08-15,-0.09888059701492535
2009-08-16,-0.04066985645933019
2009-08-17,-0.09018567639257291
2009-08-18,-0.16519174041297935
2009-08-19,-0.15000000000000002
2009-08-20,-0.21875
2009-08-21,-0.42727272727272725
2009-08-22,-0.5180180180180181
2009-08-23,-0.35625000000000007
2009-08-24,-0.495
2009-08-25,-0.4679245283018868
2009-08-26,-0.3520710059171598
2009-08-27,-0.5594541910331384
2009-08-28,-0.49203539823008846
2009-08-29,-0.44323483670295494
2009-08-30,-0.3739376770538243
2009-08-31,-0.2517985611510791
2009-09-01,-0.18330849478390454
2009-09-02,-0.2222222222222222
2009-09-03,0.05214152700186214
2009-09-04,0.14699792960662528
2009-09-05,0.376558603491272
2009-09-06,0.5189504373177842
2009-09-07,0.8374558303886925
2009-09-08,1.1470588235294117
2009-09-09,1.8514285714285719
2009-09-10,2.888888888888889
2009-09-11,3.6074766355140184
2009-09-12,3.718446601941748
2009-09-13,3.881188118811881
2009-09-14,2.368794326241135
2009-09-15,1.0547945205479454
2009-09-16,1.079646017699115
2009-09-17,1.0522648083623691
2009-09-18,0.6759776536312847
2009-09-19,0.36877828054298645
2009-09-20,0.1692307692307693
2009-09-21,0.11678832116788307
2009-09-22,0.22393822393822393
2009-09-23,0.05486725663716818
2009-09-24,-0.08483754512635366
2009-09-25,-0.007246376811594124
2009-09-26,0.10172744721689053
2009-09-27,0.15384615384615374
2009-09-28,0.18786692759295498
2009-09-29,0.35070140280561124
2009-09-30,0.4755102040816328
2009-10-01,0.4361054766734278
2009-10-02,0.382716049382716
2009-10-03,0.2778904665314401
2009-10-04,0.21894736842105256
2009-10-05,0.21999999999999997
2009-10-06,0.008510638297872353
2009-10-07,-0.2376910016977929
2009-10-08,-0.2716666666666666
2009-10-09,-0.28264462809917357
2009-10-10,-0.2516447368421053
2009-10-11,-0.2222222222222222
2009-10-12,-0.12776025236593058
2009-10-13,-0.07382550335570459
2009-10-14,0.10650887573964485
2009-10-15,0.025547445255474477
2009-10-16,0.08536585365853666
2009-10-17,0.0016666666666667052
2009-10-18,0.0032948929159803964
2009-10-19,-0.126112759643917
2009-10-20,0.008298755186721962
2009-10-21,0.07203389830508478
2009-10-22,0.21726190476190488
2009-10-23,0.215873015873016
2009-10-24,0.34542314335060476
2009-10-25,0.40801457194899826
2009-10-26,0.5443037974683544
2009-10-27,0.3719376391982183
2009-10-28,0.33409610983981697
2009-10-29,0.24884792626728114
2009-10-30,0.12747252747252746
2009-10-31,0.027310924369748024
2009-11-01,-0.20795660036166363
2009-11-02,-0.2753623188405797
2009-11-03,-0.320855614973262
2009-11-04,-0.25266903914590755
2009-11-05,-0.377207062600321
2009-11-06,-0.35108153078202997
2009-11-07,-0.32183908045977017
2009-11-08,-0.21731748726655342
2009-11-09,-0.3251028806584362
2009-11-10,-0.33069828722002637
2009-11-11,-0.36430317848410754
2009-11-12,-0.30939947780678856
2009-11-13,-0.27984595635430043
2009-11-14,-0.26131953428201815
2009-11-15,-0.1885245901639344
2009-11-16,0.017857142857142794
2009-11-17,0.09948542024013718
2009-11-18,0.11254612546125453
2009-11-19,0.3450292397660817
2009-11-20,0.3946830265848671
2009-11-21,0.54337899543379
2009-11-22,0.7149999999999999
2009-11-23,0.7979002624671916
2009-11-24,0.6333333333333333
2009-11-25,0.7963917525773194
2009-11-26,0.6102564102564101
2009-11-27,0.4915254237288136
2009-11-28,0.3318872017353578
2009-11-29,0.154471544715447
2009-11-30,0.07677165354330695
2009-12-01,0.33461538461538454
2009-12-02,0.3194706994328922
2009-12-03,0.25133689839572204
2009-12-04,0.16287215411558686
2009-12-05,0.1397306397306397
2009-12-06,0.15470494417862835
2009-12-07,0.18720748829953204
2009-12-08,0.08955223880597019
2009-12-09,-0.010144927536231862
2009-12-10,0.024926686217008776
2009-12-11,0.14644970414201186
2009-12-12,0.26676384839650136
2009-12-13,0.278832116788321
2009-12-14,0.750728862973761
2009-12-15,0.6987087517934003
2009-12-16,0.9394904458598727
2009-12-17,1.0990259740259742
2009-12-18,1.2899022801302933
2009-12-19,1.5140845070422535
2009-12-20,1.7221206581352835
2009-12-21,0.7708933717579252
2009-12-22,0.8223495702005732
2009-12-23,0.811965811965812
2009-12-24,0.8780120481927709
2009-12-25,0.7326440177252587
2009-12-26,0.5842541436464088
2009-12-27,0.5045992115637321
2009-12-28,0.6818873668188736
2009-12-29,0.6310395314787702
2009-12-30,0.5751072961373389
2009-12-31,0.40000000000000013
2010-01-01,0.232451093210587
2010-01-02,0.16894977168949765
2010-01-03,-0.13655287260616167
2010-01-04,-0.01520270270270263
2010-01-05,-0.02052545155993435
2010-01-06,-0.06032482598607891
2010-01-07,-0.12446657183499288
2010-01-08,-0.12675070028011204
2010-01-09,-0.14640698455339152
2010-01-10,0.037428803905614316
2010-01-11,-0.08176100628930816
2010-01-12,0.0573899371069182
2010-01-13,0.08259823576583813
2010-01-14,0.15174765558397274
2010-01-15,0.17262423714036612
2010-01-16,0.1580786026200871
2010-01-17,0.14660633484162888
2010-01-18,0.10951526032315995
2010-01-19,-0.10535876475930961
2010-01-20,-0.10138248847926268
2010-01-21,-0.05975723622782447
2010-01-22,-0.0224609375
2010-01-23,-0.0038572806171648377
2010-01-24,-0.09262435677530023
2010-01-25,0.007544006705783923
2010-01-26,0.06419753086419755
2010-01-27,0.06904955320877337
2010-01-28,0.06495589414595027
2010-01-29,0.10149488591660094
2010-01-30,0.1639215686274511
2010-01-31,0.29452054794520555
2010-02-01,0.07286245353159848
2010-02-02,0.033333333333333215
2010-02-03,0.10362694300518127
2010-02-04,0.16059479553903344
2010-02-05,0.37254901960784315
2010-02-06,0.41752170481452233
2010-02-07,0.49029126213592233
2010-02-08,0.9979695431472082
2010-02-09,1.4861538461538464
2010-02-10,1.9036742800397217
2010-02-11,1.8971028971028971
2010-02-12,1.5682478218780251
2010-02-13,1.5964083175803405
2010-02-14,1.312811980033278
2010-02-15,1.105181747873163
2010-02-16,0.7598784194528874
2010-02-17,0.3599397590361446
2010-02-18,0.3057142857142858
2010-02-19,0.2136118598382748
2010-02-20,0.12698412698412698
2010-02-21,0.23700623700623713
2010-02-22,0.46594982078853064
2010-02-23,0.39503688799463466
2010-02-24,0.3427290198590647
2010-02-25,0.16978021978021984
2010-02-26,0.1842984409799555
2010-02-27,0.13463626492942438
2010-02-28,0.021341463414634054
2010-03-01,-0.2962046204620462
2010-03-02,-0.4230506155950753
2010-03-03,-0.42620689655172406
2010-03-04,-0.2691292875989446
2010-03-05,-0.3017837641062978
2010-03-06,-0.2776978417266188
2010-03-07,-0.25018368846436445
2010-03-08,-0.08160621761658027
2010-03-09,0.17552602436323372
2010-03-10,0.1345733041575492
2010-03-11,-0.05663520266518596
2010-03-12,-0.02934272300469487
2010-03-13,-0.1204481792717087
2010-03-14,-0.31198044009779957
2010-03-15,-0.4043269230769231
2010-03-16,-0.44465648854961837
2010-03-17,-0.47534053546265853
2010-03-18,-0.46309355900329097
2010-03-19,-0.377511961722488
2010-03-20,-0.3114427860696518
2010-03-21,-0.15416178194607277
2010-03-22,-0.097806757557795
2010-03-23,-0.0042067307692307265
2010-03-24,-0.12274368231046928
2010-03-25,0.050573514077163706
2010-03-26,-0.0009960159362549792
2010-03-27,-0.049975502204801514
2010-03-28,-0.08180535966149494
2010-03-29,-0.05934997644842199
2010-03-30,-0.06750241080038577
2010-03-31,0.1559741024131842
2010-04-01,-0.01813784764207982
2010-04-02,-0.02993630573248396
2010-04-03,0.07249466950959493
2010-04-04,0.2453591606133978
2010-04-05,0.35910652920962205
2010-04-06,0.4529991047448523
2010-04-07,0.47810858143607704
2010-04-08,0.3112990007686396
2010-04-09,0.3345375722543351
2010-04-10,0.532224532224532
2010-04-11,0.5591327201051248
2010-04-12,0.46107423053711516
2010-04-13,0.4079952968841858
2010-04-14,0.19305210918114168
2010-04-15,0.5523429710867398
2010-04-16,0.6647756575554411
2010-04-17,0.5243215565796211
2010-04-18,2.0255383074611917
2010-04-19,2.222854188210962
2010-04-20,2.2678207739307537
2010-04-21,2.99076354679803
2010-04-22,2.7997373604727507
2010-04-23,2.708416169648774
2010-04-24,2.6137394685677253
2010-04-25,0.5499367888748419
2010-04-26,0.3456561922365988
2010-04-27,0.20319905213270162
2010-04-28,0.16002344665885104
2010-04-29,0.0628045479155388
2010-04-30,-0.12844866576209857
2010-05-01,-0.19679730299199327
2010-05-02,-0.26972325485336635
2010-05-03,-0.26137787056367434
2010-05-04,-0.24251247920133112
2010-05-05,-0.4238921001926782
2010-05-06,-0.3748451053283768
2010-05-07,-0.3130668458179374
2010-05-08,-0.6314134392585236
2010-05-09,-0.6346863468634687
2010-05-10,-0.6424119663446557
2010-05-11,-0.6713470143496374
2010-05-12,-0.6378088819768446
2010-05-13,-0.6583273766976412
2010-05-14,-0.6544117647058824
2010-05-15,-0.3307504078303426
2010-05-16,-0.28846153846153844
2010-05-17,-0.23781388478581988
2010-05-18,-0.14552804446690248
2010-05-19,-0.11309220580743762
2010-05-20,-0.0809548521017125
2010-05-21,-0.026757607555089158
2010-05-22,0.15384615384615397
2010-05-23,0.3114754098360657
2010-05-24,0.2943437671609006
2010-05-25,0.33723522853957655
2010-05-26,0.23389494549058476
2010-05-27,0.26405867970660135
2010-05-28,0.17287831162999545
2010-05-29,0.15371102327624064
2010-05-30,0.06710239651416128
2010-05-31,0.12769953051643212
2010-06-01,0.11307251908396942
2010-06-02,0.1438284518828452
2010-06-03,0.14530358069538152
2010-06-04,0.26934795856185256
2010-06-05,0.27670527670527667
2010-06-06,0.28100775193798455
2010-06-07,0.2903607332939089
2010-06-08,0.29006318207926474
2010-06-09,0.32185206098249575
2010-06-10,0.19999999999999996
2010-06-11,0.14901960784313717
2010-06-12,0.024137931034482696
2010-06-13,0.03860840050912184
2010-06-14,-0.0037515631513129755
2010-06-15,-0.030120481927710885
2010-06-16,-0.088201160541586
2010-06-17,-0.09954058192955595
2010-06-18,-0.1351351351351352
2010-06-19,-0.03715802368313592
2010-06-20,-0.032472939217318975
2010-06-21,-0.03643377625375044
2010-06-22,0.027434842249657088
2010-06-23,0.04349796103307657
2010-06-24,0.14690350456072965
2010-06-25,0.19153225806451601
2010-06-26,0.1265758951084217
2010-06-27,0.027497708524289566
2010-06-28,-0.027159394479073784
2010-06-29,-0.050832977360102505
2010-06-30,0.043126684636118684
2010-07-01,0.006399317406143412
2010-07-02,0.047558922558922356
2010-07-03,0.06127450980392157
2010-07-04,0.13765690376569029
2010-07-05,0.1648033126293995
2010-07-06,0.13746287653797196
2010-07-07,0.11139455782312924
2010-07-08,0.11047535211267623
2010-07-09,0.05682782018659882
2010-07-10,0.09122203098106718
2010-07-11,0.19483985765124556
2010-07-12,1.6052514463729417
2010-07-13,2.2926617455492835
2010-07-14,4.844704897446631
2010-07-15,5.627749576988156
2010-07-16,6.62936436884512
2010-07-17,6.781445138269402
2010-07-18,7.1354691075514864
2010-07-19,5.839333933393339
2010-07-20,5.074504737295435
2010-07-21,2.455277660025434
2010-07-22,1.7042989152269987
2010-07-23,1.1782140107775212
2010-07-24,1.140125045972784
2010-07-25,1.5005332385353718
2010-07-26,1.7228646027601644
2010-07-27,1.741009946442234
2010-07-28,1.78636543797067
2010-07-29,1.7925361155698232
2010-07-30,1.716876971608833
2010-07-31,1.3830975428145944
2010-08-01,-0.16484455073454052
2010-08-02,-0.43584333377291307
2010-08-03,-0.6790804268423691
2010-08-04,-0.7103650753127393
2010-08-05,-0.7166744895564421
2010-08-06,-0.7200504413619168
2010-08-07,-0.7230535553555355
2010-08-08,-0.6784233730341516
2010-08-09,-0.6428216944345977
2010-08-10,-0.4290271132376394
2010-08-11,-0.3130292675679691
2010-08-12,-0.2253048241738823
2010-08-13,-0.21068912184224098
2010-08-14,-0.34006255331248225
2010-08-15,-0.3858904109589041
2010-08-16,-0.3751570132588974
2010-08-17,-0.3768136557610242
2010-08-18,-0.3668630550366432
2010-08-19,-0.37634252539912916
2010-08-20,-0.35853772847992504
2010-08-21,-0.16731437921865422
2010-08-22,-0.010752688172043001
2010-08-23,-0.08212452577549656
2010-08-24,-0.06324371970030851
2010-08-25,-0.16670118036860637
2010-08-26,-0.13882063882063866
2010-08-27,-0.17794028031688003
2010-08-28,-0.17208921628811125
2010-08-29,-0.23580786026200873
2010-08-30,-0.20090244950580138
2010-08-31,-0.1736591695501729
2010-09-01,-0.1046989051094892
2010-09-02,-0.16917047681254083
2010-09-03,-0.17729426971133133
2010-09-04,-0.16506803479812637
2010-09-05,-0.12865758320303766
2010-09-06,-0.11207486875142669
2010-09-07,-0.19223785746709032
2010-09-08,-0.18524552013032347
2010-09-09,-0.15440818314661464
2010-09-10,-0.1370670596904937
2010-09-11,-0.17414933837429114
2010-09-12,-0.11062484804279116
2010-09-13,-0.09080216419665976
2010-09-14,0.025347912524850802
2010-09-15,0.008796956728482908
2010-09-16,0.09068445762293065
2010-09-17,0.2051408798813643
2010-09-18,0.30000000000000004
2010-09-19,0.3304651788115085
2010-09-20,0.2915467155194975
2010-09-21,0.3979617834394906
2010-09-22,0.5366876310272537
2010-09-23,0.6307934014139827
2010-09-24,0.6115415442158696
2010-09-25,0.6136887977441681
2010-09-26,0.6102827763496146
2010-09-27,0.9185164372014611
2010-09-28,1.0882604970008565
2010-09-29,1.1514976958525347
2010-09-30,1.0093936806148593
2010-10-01,1.0311874105865524
2010-10-02,0.9283761618370694
2010-10-03,0.8377749029754205
2010-10-04,0.6146388754241394
2010-10-05,0.33561159556917275
2010-10-06,0.16923425464431374
2010-10-07,0.060295324036095055
2010-10-08,0.02617382617382602
2010-10-09,0.03193209377526274
2010-10-10,0.024721377912867215
2010-10-11,-0.11427009294696555
2010-10-12,-0.18110504774897673
2010-10-13,-0.19139370584457283
2010-10-14,-0.16727453580901852
2010-10-15,-0.23891977760127092
2010-10-16,-0.20593869731800774
2010-10-17,-0.2526362038664324
2010-10-18,-0.25878812747914093
2010-10-19,-0.17255689424364118
2010-10-20,-0.08797280067998303
2010-10-21,-0.04240033807578536
2010-10-22,0.019138077686419175
2010-10-23,-0.001689427002674826
2010-10-24,0.07925547883518469
2010-10-25,0.23433915652020487
2010-10-26,0.2503390815733384
2010-10-27,0.23539651837524178
2010-10-28,0.2443535825545171
2010-10-29,0.22737955346650995
2010-10-30,0.20446905279810146
2010-10-31,0.19588477366255153
2010-11-01,0.17805081216159935
2010-11-02,0.04229547259729949
2010-11-03,-0.06310969540115463
2010-11-04,-0.09935295345439366
2010-11-05,-0.13510253317249699
2010-11-06,-0.1693121693121693
2010-11-07,-0.1959771175493633
2010-11-08,-0.13751820093835954
2010-11-09,-0.14243553898726313
2010-11-10,-0.1763754045307443
2010-11-11,-0.22200584225900677
2010-11-12,-0.26470173459314617
2010-11-13,-0.27719054242002783
2010-11-14,-0.22673338098641893
2010-11-15,0.2759956609328993
2010-11-16,0.7145764834820729
2010-11-17,0.7171021749335003
2010-11-18,0.7560236157651188
2010-11-19,0.8371367591528487
2010-11-20,0.9605987611837576
2010-11-21,0.9888633551352306
2010-11-22,0.42484282720518185
2010-11-23,0.014449638759030936
2010-11-24,0.173117033603708
2010-11-25,0.24174802417480246
2010-11-26,0.3913658881811748
2010-11-27,0.3624053247647463
2010-11-28,0.10373288313637219
2010-11-29,0.1157399021916321
2010-11-30,0.12466511877120912
2010-12-01,0.15197568389057747
2010-12-02,0.2165324127349444
2010-12-03,0.15970752357129103
2010-12-04,0.09706045479755954
2010-12-05,-0.28066553315521015
2010-12-06,-0.4742945849694091
2010-12-07,-0.4439584472389284
2010-12-08,-0.4642435256701499
2010-12-09,-0.47104557640750677
2010-12-10,-0.5020623080298376
2010-12-11,-0.46538085503510795
2010-12-12,-0.12902794491242142
2010-12-13,0.5617930456640134
2010-12-14,0.4719478467009086
2010-12-15,0.43560464245600916
2010-12-16,0.31959986436080023
2010-12-17,0.3381064690026956
2010-12-18,0.3140720598232496
2010-12-19,0.23798701298701297
2010-12-20,0.17690963951087824
2010-12-21,0.14310103988825085
2010-12-22,0.18555888380892327
2010-12-23,0.25916708146673306
2010-12-24,0.2881698685540952
2010-12-25,0.32719905453317577
2010-12-26,0.35521973249956584
2010-12-27,0.22631923959357603
2010-12-28,0.25881953867028473
2010-12-29,0.20560905558371356
2010-12-30,0.2705322523792739
2010-12-31,0.20631753948462173
2011-01-01,0.11406202026404677
2011-01-02,-0.023739270386265998
2011-01-03,0.011273654543014322
2011-01-04,-0.011213978354414067
2011-01-05,0.04496980598740841
2011-01-06,0.032733224222585955
2011-01-07,0.10695809622348684
2011-01-08,0.17427222659323371
2011-01-09,0.2531372284442046
2011-01-10,0.26625933469110663
2011-01-11,0.30319148936170226
2011-01-12,0.25484253524838585
2011-01-13,0.315803244374673
2011-01-14,0.3243862104058006
2011-01-15,0.32786465008972043
2011-01-16,0.4049178137110785
2011-01-17,0.40447318781999475
2011-01-18,0.4417040358744395
2011-01-19,0.46622277708420024
2011-01-20,0.42323594266813647
2011-01-21,0.47292269532864806
2011-01-22,0.5748042313504602
2011-01-23,0.5738553417385535
2011-01-24,0.6575234076223133
2011-01-25,0.5489979097503996
2011-01-26,0.5407777642325979
2011-01-27,0.5000584180394905
2011-01-28,0.4025683975432719
2011-01-29,0.3396145149133196
2011-01-30,0.46976195582243196
2011-01-31,0.41612244897959183
2011-02-01,0.5067730757114355
2011-02-02,0.4170809306025054
2011-02-03,0.3318605321294785
2011-02-04,0.32094594594594605
2011-02-05,0.2492152573004851
2011-02-06,0.08672294704528016
2011-02-07,0.02031493001555207
2011-02-08,-0.053169347209082285
2011-02-09,0.02701655853587681
2011-02-10,0.2058190663298718
2011-02-11,0.3687516356974614
2011-02-12,0.47272114006239985
2011-02-13,0.5385472193491923
2011-02-14,0.7508334656294648
2011-02-15,0.9020492127541735
2011-02-16,0.9420515616481036
2011-02-17,0.9806528662420382
2011-02-18,0.9431717707579776
2011-02-19,0.7339315678120668
2011-02-20,0.706153624441562
2011-02-21,0.5925848491184056
2011-02-22,0.6293411913281415
2011-02-23,0.7336650800519255
2011-02-24,0.7701132626963829
2011-02-25,0.8298941597502476
2011-02-26,1.1822916666666665
2011-02-27,1.3984948080403923
2011-02-28,1.489408473221423
2011-03-01,1.4822741844239111
2011-03-02,1.0371634727286834
2011-03-03,0.7510516252390056
2011-03-04,0.5653592900085886
2011-03-05,0.4152445961319682
2011-03-06,0.22641338350636997
2011-03-07,0.14109816971713807
2011-03-08,0.04696398492018927
2011-03-09,0.0355348313703423
2011-03-10,-0.016380558428128245
2011-03-11,-0.009298607312660412
2011-03-12,-0.02153898133288279
2011-03-13,-0.004682303518291575
2011-03-14,-0.04250096886707144
2011-03-15,-0.09863139065684934
2011-03-16,-0.1145145310435931
2011-03-17,-0.09441577896138487
2011-03-18,-0.1177945875975891
2011-03-19,-0.1359971402470509
2011-03-20,-0.06442161033956817
2011-03-21,-0.04808751471872974
2011-03-22,-0.024107856952431783
2011-03-23,0.06726359467132581
2011-03-24,0.11507370423204955
2011-03-25,0.15320812627886582
2011-03-26,0.22779194854164353
2011-03-27,0.22251385243511246
2011-03-28,0.3108599885079486
2011-03-29,0.35906991188230264
2011-03-30,0.33769292232642245
2011-03-31,0.3412469209207507
2011-04-01,0.324671961325967
2011-04-02,0.2823038030336338
2011-04-03,0.2601187263896385
2011-04-04,0.2601532213402251
2011-04-05,0.25682983682983673
2011-04-06,0.24817350549097084
2011-04-07,0.21174744371589704
2011-04-08,0.23187606307176023
2011-04-09,0.162984255008795
2011-04-10,0.07717170104943927
2011-04-11,0.03161098969715903
2011-04-12,-0.09770820544301217
2011-04-13,-0.10572412661964903
2011-04-14,-0.05563828776021029
2011-04-15,-0.08761629482431565
2011-04-16,-0.04410186068702293
2011-04-17,-0.03877849210987727
2011-04-18,-0.018222844248950265
2011-04-19,0.14407871985915954
2011-04-20,0.17497862638928474
2011-04-21,0.14656239817530126
2011-04-22,0.2099362271137628
2011-04-23,0.2440042826552462
2011-04-24,0.2878593664164073
2011-04-25,0.2871026373381802
2011-04-26,0.2699528788101899
2011-04-27,0.3849093729897455
2011-04-28,0.44691569951860277
2011-04-29,0.5225025822635385
2011-04-30,0.6481570661233562
2011-05-01,0.7903079367481274
2011-05-02,0.8232603847752957
2011-05-03,0.7658645733988705
2011-05-04,0.577721858748532
2011-05-05,0.5806685806685805
2011-05-06,0.4974576535546058
2011-05-07,0.4326756452740703
2011-05-08,0.33927792162453096
2011-05-09,0.30833699714222895
2011-05-10,0.3131754116473979
2011-05-11,0.4050528589291804
2011-05-12,0.4048003627192609
2011-05-13,0.49677252775626135
2011-05-14,0.5319209441205743
2011-05-15,0.6077408570852185
2011-05-16,0.7390787604719251
2011-05-17,0.7302385311074071
2011-05-18,0.7842055038299849
2011-05-19,0.7917232021709633
2011-05-20,0.7103524229074889
2011-05-21,0.6459376650818809
2011-05-22,0.6669638044695054
2011-05-23,0.6769905070522007
2011-05-24,0.7739877509356925
2011-05-25,0.7754650410238211
2011-05-26,0.8232022331472377
2011-05-27,0.8405092838196289
2011-05-28,0.902943412620832
2011-05-29,0.8474996324533215
2011-05-30,0.8186668855688721
2011-05-31,0.8098541696163104
2011-06-01,0.793278734820672
2011-06-02,0.7239185019071166
2011-06-03,0.7995916094301097
2011-06-04,0.8771936114148458
2011-06-05,0.856666611104629
2011-06-06,0.8887011448874853
2011-06-07,0.7999681984417235
2011-06-08,0.8640801644398768
2011-06-09,0.9528496524173096
2011-06-10,0.9890620586951497
2011-06-11,0.9809105719366753
2011-06-12,1.0864093544071745
2011-06-13,1.0772836250299687
2011-06-14,1.1647989840433666
2011-06-15,1.1061916568594965
2011-06-16,1.1551525353379297
2011-06-17,1.1555900550215745
2011-06-18,1.1733530381401693
2011-06-19,1.165775220040623
2011-06-20,1.146634481063019
2011-06-21,1.106872890888639
2011-06-22,1.0738253541170977
2011-06-23,0.8776406997854431
2011-06-24,0.7301452403006026
2011-06-25,0.5953387738245937
2011-06-26,0.450418889316232
2011-06-27,0.4266704143912625
2011-06-28,0.29735572563386414
2011-06-29,0.18705166682368146
2011-06-30,0.13268059069551308
2011-07-01,0.1331307639669277
2011-07-02,0.128562099263833
2011-07-03,0.08953354839081995
2011-07-04,-0.010200922319813732
2011-07-05,-0.027102682058849026
2011-07-06,-0.026743346261869694
2011-07-07,-0.039330840844339465
2011-07-08,-0.0803435523776147
2011-07-09,-0.1332822733169733
2011-07-10,-0.1003212153079659
2011-07-11,-0.0651144414605368
2011-07-12,-0.06258175891574269
2011-07-13,-0.038011053366002745
2011-07-14,-0.0009768966697205617
2011-07-15,0.01753517163759133
2011-07-16,0.04977143417131202
2011-07-17,0.0023923579643003734
2011-07-18,0.007112741425008728
2011-07-19,0.031513069505620495
2011-07-20,0.02951684682579936
2011-07-21,-0.017884350085598966
2011-07-22,-0.06738209842447207
2011-07-23,-0.07236152159405096
2011-07-24,-0.04682175137057332
2011-07-25,-0.036639901862384305
2011-07-26,-0.0562701318118356
2011-07-27,-0.06683865561968383
2011-07-28,-0.034529828971840315
2011-07-29,0.007003306281935684
2011-07-30,-0.04308124967450366
2011-07-31,-0.050409754147511476
2011-08-01,-0.06734877123951244
2011-08-02,-0.08080202390538349
2011-08-03,-0.13877762984161013
2011-08-04,-0.17621228209892914
2011-08-05,-0.18595660792830593
2011-08-06,-0.16487527657041467
2011-08-07,-0.1969340277392202
2011-08-08,-0.20033853222101317
2011-08-09,-0.18375739595844431
2011-08-10,-0.16072546752037897
2011-08-11,-0.16463792967295787
2011-08-12,-0.17943359598035857
2011-08-13,-0.17861604803933417
2011-08-14,-0.16586887693972874
2011-08-15,-0.19211481224772697
2011-08-16,-0.19643553360664456
2011-08-17,-0.19480052784127067
2011-08-18,-0.16983553711607913
2011-08-19,-0.1281686904358763
2011-08-20,-0.12133896246045772
2011-08-21,-0.09623179518626412
2011-08-22,-0.047186222492824226
2011-08-23,-0.005285812340832141
2011-08-24,0.05288209782886
2011-08-25,0.07438462524368772
2011-08-26,0.06628831179310635
2011-08-27,0.09457469388883877
2011-08-28,0.05840915963383475
2011-08-29,0.001512141205508799
2011-08-30,-0.04192936937905822
2011-08-31,-0.07199286958635487
2011-09-01,-0.08633118554907648
2011-09-02,-0.11773570622498541
2011-09-03,-0.1709434328855335
2011-09-04,-0.14539490285137524
2011-09-05,-0.13334656580582083
2011-09-06,-0.128393851376563
2011-09-07,-0.14480998094416286
2011-09-08,-0.18330755411900979
2011-09-09,-0.17693802959576188
2011-09-10,-0.17408503073645354
2011-09-11,-0.2200921995526952
2011-09-12,-0.2390029987424629
2011-09-13,-0.27247801773883995
2011-09-14,-0.2963709424248131
2011-09-15,-0.2954493857679793
2011-09-16,-0.31985396296015556
2011-09-17,-0.3190958852519691
2011-09-18,-0.29719152854511977
2011-09-19,-0.27578997586574616
2011-09-20,-0.1976701883058296
2011-09-21,-0.13630651831204743
2011-09-22,-0.0824501469770399
2011-09-23,0.012119487432727505
2011-09-24,0.07336044137744846
2011-09-25,0.12063788277207577
2011-09-26,0.12324144646274737
2011-09-27,0.09809378862663665
2011-09-28,0.07359123529661549
2011-09-29,0.011775369851394046
2011-09-30,-0.05408913534606685
2011-10-01,-0.09114698726684445
2011-10-02,-0.14146130639639332
2011-10-03,-0.14639169836456378
2011-10-04,-0.17458306191831674
2011-10-05,-0.17289343191135131
2011-10-06,-0.12655324207358976
2011-10-07,-0.10045392126945374
2011-10-08,-0.09608678060152986
2011-10-09,-0.08682889969581309
2011-10-10,-0.1496794203266557
2011-10-11,-0.17395444805967775
2011-10-12,-0.1894590101478889
2011-10-13,-0.24888980773206537
2011-10-14,-0.27979156514768055
2011-10-15,-0.3013806467239918
2011-10-16,-0.3124560957747321
2011-10-17,-0.2894106115948022
2011-10-18,-0.2769717585634047
2011-10-19,-0.25724313084073736
2011-10-20,-0.21984349623505095
2011-10-21,-0.19669386516047727
2011-10-22,-0.14840441807898452
2011-10-23,-0.10148364905795981
2011-10-24,-0.05602041036950567
2011-10-25,-0.046479665822565686
2011-10-26,-0.06430553635793346
2011-10-27,-0.0634686738047282
2011-10-28,-0.05146651319435569
2011-10-29,-0.047738773431781345
2011-10-30,-0.062049400622840256
2011-10-31,-0.08183089420480139
2011-11-01,-0.0847656792470971
2011-11-02,-0.04931298718456856
2011-11-03,-0.039613684727451415
2011-11-04,-0.01281745687787117
2011-11-05,-0.00291294849081003
2011-11-06,-0.009946335050324384
2011-11-07,0.011991509661042787
2011-11-08,0.034248470161227784
2011-11-09,0.05407000044529542
2011-11-10,0.09857429144002294
2011-11-11,0.06963697899763543
2011-11-12,0.047045514278204914
2011-11-13,0.060753550160329794
2011-11-14,0.06345405227497136
2011-11-15,0.0696453529993295
2011-11-16,0.05211505156039542
2011-11-17,0.020022696884234747
2011-11-18,0.01418178982431506
2011-11-19,0.003900120528506079
2011-11-20,0.013439516363424886
2011-11-21,-0.0240907605397076
2011-11-22,-0.06269904689110484
2011-11-23,-0.09915345718993229
2011-11-24,-0.14359092555398245
2011-11-25,-0.15744263367307998
2011-11-26,-0.15658231292517
2011-11-27,-0.16943801760114163
2011-11-28,-0.1517054694855774
2011-11-29,-0.1321645455985636
2011-11-30,-0.10242565123575831
2011-12-01,-0.03353777469550512
2011-12-02,-0.008654559741563816
2011-12-03,0.008421052631579107
2011-12-04,0.008793835777251235
2011-12-05,0.009040496324310698
2011-12-06,0.031243611950896755
2011-12-07,0.028034500611361368
2011-12-08,0.025495408409859976
2011-12-09,0.03986906636160792
2011-12-10,0.04275504468229108
2011-12-11,0.09028608333732002
2011-12-12,0.10510903811700745
2011-12-13,0.0870596248691331
2011-12-14,0.09245162117134442
2011-12-15,0.050690886508306
2011-12-16,0.03321761798448808
2011-12-17,0.019642810653198284
2011-12-18,-0.040562527590338626
2011-12-19,-0.05769675432938637
2011-12-20,-0.08093418653535722
2011-12-21,-0.11370236239895049
2011-12-22,-0.10764573127098576
2011-12-23,-0.11642845672073232
2011-12-24,-0.1265366142648584
2011-12-25,-0.11045134392470235
2011-12-26,-0.12419275750905057
2011-12-27,-0.12133810513683208
2011-12-28,-0.13316623284809925
2011-12-29,-0.12630569987691842
2011-12-30,-0.1347334374793724
2011-12-31,-0.130242099143274
2012-01-01,-0.11749513651304755
2012-01-02,-0.08711897053874995
2012-01-03,-0.060778471212050045
2012-01-04,0.006366211057751592
2012-01-05,0.07151867904025577
2012-01-06,0.1509364108718132
2012-01-07,0.2185384322128594
2012-01-08,0.23879633217099316
2012-01-09,0.24905860648487455
2012-01-10,0.2878377694565326
2012-01-11,0.3116942398559037
2012-01-12,0.27005937234944866
2012-01-13,0.2645673106037667
2012-01-14,0.2492425318373339
2012-01-15,0.2439515408531574
2012-01-16,0.2738713689910002
2012-01-17,0.2690763052208833
2012-01-18,0.2523406430379116
2012-01-19,0.2926854076871239
2012-01-20,0.2784784582786801
2012-01-21,0.27107800286318784
2012-01-22,0.24803935276397238
2012-01-23,0.20562556986373215
2012-01-24,0.18853010632960965
2012-01-25,0.15371434566203113
2012-01-26,0.09057834372296303
2012-01-27,0.06326259803868695
2012-01-28,0.02251876563803168
2012-01-29,0.02242837487860161
2012-01-30,-0.004381096452883648
2012-01-31,-0.040217452643855456
2012-02-01,-0.04184395809879993
2012-02-02,-0.022162840368167513
2012-02-03,-0.012685810650775564
2012-02-04,0.02962863654645398
2012-02-05,0.03375454719509863
2012-02-06,0.0552482960077898
2012-02-07,0.06966372668086884
2012-02-08,0.05313216157999823
2012-02-09,0.0465630179149239
2012-02-10,0.055447024818100266
2012-02-11,0.0675445832951409
2012-02-12,0.07890102148643896
2012-02-13,0.09639161991043399
2012-02-14,0.11336081474296811
2012-02-15,0.15305126118795753
2012-02-16,0.1862576985906632
2012-02-17,0.1702487765089722
2012-02-18,0.12790778212041753
2012-02-19,0.11547530955552276
2012-02-20,0.08872469278560646
2012-02-21,0.06951967500398282
2012-02-22,0.037661002007933764
2012-02-23,0.0059781982881050855
2012-02-24,-0.003534226190476164
2012-02-25,-0.0017409664215731757
2012-02-26,-0.00456751619392104
2012-02-27,0.009762498604027892
2012-02-28,0.028363826548242876
2012-02-29,0.029927984314908507
2012-03-01,0.018452588934112724
2012-03-02,0.03932493154866967
2012-03-03,0.021441877436576995
2012-03-04,0.014206839565062301
2012-03-05,-0.00865730153544586
2012-03-06,-0.045427281066967695
2012-03-07,-0.07635526968540973
2012-03-08,-0.06299116555437445
2012-03-09,-0.07251386062179799
2012-03-10,-0.06225068327156613
2012-03-11,-0.06657965796579646
2012-03-12,-0.05112927551343405
2012-03-13,-0.02356994525202938
2012-03-14,-0.003996756808317681
2012-03-15,-0.03064215045734553
2012-03-16,-0.03239392196515711
2012-03-17,-0.003485386405138957
2012-03-18,0.0022396106948323613
2012-03-19,-0.0019162655526291372
2012-03-20,-0.0018945114082535852
2012-03-21,0.01148849759381343
2012-03-22,0.006544827016458532
2012-03-23,0.01214571092831962
2012-03-24,-0.02300691596226312
2012-03-25,-0.028487211878215346
2012-03-26,-0.016864107634589454
2012-03-27,-0.01903006843416344
2012-03-28,-0.014774798229627684
2012-03-29,0.014641620793371501
2012-03-30,0.019109421718338737
2012-03-31,0.042853147932075286
2012-04-01,0.04408272993073137
2012-04-02,0.020136693638042047
2012-04-03,0.04205294207784238
2012-04-04,0.051907911840318954
2012-04-05,0.041291967863785306
2012-04-06,0.022380770769187652
2012-04-07,0.012819098065180556
2012-04-08,0.012793565000591478
2012-04-09,0.023584213615023497
2012-04-10,0.010652146013237163
2012-04-11,0.021595199445528568
2012-04-12,0.0630833960266377
2012-04-13,0.07944013797547522
2012-04-14,0.10236502402713676
2012-04-15,0.12139896421757079
2012-04-16,0.16302911301589695
2012-04-17,0.17335006936645314
2012-04-18,0.1674776739936985
2012-04-19,0.14941645765268818
2012-04-20,0.18134576086252951
2012-04-21,0.19076258046328065
2012-04-22,0.18618160453347987
2012-04-23,0.12860385820765186
2012-04-24,0.11291739894551855
2012-04-25,0.10177418909338654
2012-04-26,0.10140206898434179
2012-04-27,0.07965461511921412
2012-04-28,0.06523516463770718
2012-04-29,0.0737359802200166
2012-04-30,0.10863689137217913
2012-05-01,0.11517380514541786
2012-05-02,0.11542124254099728
2012-05-03,0.14443108095058332
2012-05-04,0.161050994068072
2012-05-05,0.1724513657812905
2012-05-06,0.18578432168308967
2012-05-07,0.22774618546253023
2012-05-08,0.24878633024592767
2012-05-09,0.2965754362232369
2012-05-10,0.24907051558011584
2012-05-11,0.2866590379986582
2012-05-12,0.32433512019365196
2012-05-13,0.33776058631921835
2012-05-14,0.4067558231346229
2012-05-15,0.45751126041431633
2012-05-16,0.4467510367274108
2012-05-17,0.4909217818368361
2012-05-18,0.4954708769799099
2012-05-19,0.5532166962848013
2012-05-20,0.5954510124769892
2012-05-21,0.5445150651596169
2012-05-22,0.5140596851257149
2012-05-23,0.5140494473040251
2012-05-24,0.49350687593863185
2012-05-25,0.4785250636241456
2012-05-26,0.3749306938825798
2012-05-27,0.29468953499036954
2012-05-28,0.25873093006304426
2012-05-29,0.2645087968799489
2012-05-30,0.26924426619877173
2012-05-31,0.2444261802390839
2012-06-01,0.21756519535986385
2012-06-02,0.19771483530865552
2012-06-03,0.1742877355456942
2012-06-04,0.22022635538024038
2012-06-05,0.2534616153253204
2012-06-06,0.21350691252037657
2012-06-07,0.25266197437285687
2012-06-08,0.18882508715293267
2012-06-09,0.1912217185288505
2012-06-10,0.2217603797934149
2012-06-11,0.17314536989136053
2012-06-12,0.06040846519027432
2012-06-13,0.14292756023502506
2012-06-14,0.19005231551769164
2012-06-15,0.32899708759614654
2012-06-16,0.3903017852082742
2012-06-17,0.4237261445777014
2012-06-18,0.4010559143481571
2012-06-19,0.4679628331342014
2012-06-20,0.39416925427571603
2012-06-21,0.30267988525394274
2012-06-22,0.23539696173452507
2012-06-23,0.1649697036081832
2012-06-24,0.04841021111043253
2012-06-25,-0.00010477166609723643
2012-06-26,0.022385527496176838
2012-06-27,0.02104793977813002
2012-06-28,0.038333634556298346
2012-06-29,0.00600534669576791
2012-06-30,-0.0015950113474877403
2012-07-01,0.051978004048172544
2012-07-02,0.15227715770965533
2012-07-03,0.034498076491797036
2012-07-04,-0.05576750403243835
2012-07-05,-0.1474139255063701
2012-07-06,-0.18534923587024177
2012-07-07,-0.20492794679587134
2012-07-08,-0.23212958678612994
2012-07-09,-0.27774190293613155
2012-07-10,-0.23256134595192723
2012-07-11,-0.16023717429420115
2012-07-12,-0.06568397148181815
2012-07-13,-0.020779287384126155
2012-07-14,0.022184376820687524
2012-07-15,0.050332115424916335
2012-07-16,0.06871405514764395
2012-07-17,0.05078774356554816
2012-07-18,0.03235800943412648
2012-07-19,0.02408767245215837
2012-07-20,0.03701579289510937
2012-07-21,0.04692399268934744
2012-07-22,0.07113328108737926
2012-07-23,0.09877140248554417
2012-07-24,0.12609131551658104
2012-07-25,0.13787527955113643
2012-07-26,0.1325955743395686
2012-07-27,0.1204620313944409
2012-07-28,0.15375134098742338
2012-07-29,0.16302287787137537
2012-07-30,0.12359498802284885
2012-07-31,0.19689037038378965
2012-08-01,0.2039919509306185
2012-08-02,0.24266217413506408
2012-08-03,0.2661741494212557
2012-08-04,0.24070700498807218
2012-08-05,0.22477655496896642
2012-08-06,0.23399005476175505
2012-08-07,0.15688754004383743
2012-08-08,0.19380570540329356
2012-08-09,0.1634032719987215
2012-08-10,0.1459459459459458
2012-08-11,0.117694195616324
2012-08-12,0.10012938279474426
2012-08-13,0.1317618558158553
2012-08-14,0.15799086405356477
2012-08-15,0.1768332610153447
2012-08-16,0.2802600065682497
2012-08-17,0.33663718915069163
2012-08-18,0.40543245861994426
2012-08-19,0.5172809642901068
2012-08-20,0.39592312436854593
2012-08-21,0.3912739773620788
2012-08-22,0.33302542849114913
2012-08-23,0.2520525366270876
2012-08-24,0.22304882098970436
2012-08-25,0.16303528569989623
2012-08-26,0.05902076404616663
2012-08-27,0.10200393499963578
2012-08-28,0.007973454486905673
2012-08-29,-0.021577514588681845
2012-08-30,-0.062938504542278
2012-08-31,-0.05592172482466007
2012-09-01,-0.03103994150695477
2012-09-02,-0.05070056382727306
2012-09-03,-0.08060208140903602
2012-09-04,-0.05530621206077657
2012-09-05,-0.11154246816178282
2012-09-06,-0.12159613989905727
2012-09-07,-0.16979186252556855
2012-09-08,-0.24303664072632947
2012-09-09,-0.22635008755712904
2012-09-10,-0.23830840932330588
2012-09-11,-0.23861842919963427
2012-09-12,-0.22105266069102458
2012-09-13,-0.22855133815639406
2012-09-14,-0.21138971348022662
2012-09-15,-0.16386767794182822
2012-09-16,-0.1675714814716852
2012-09-17,-0.1406401922382421
2012-09-18,-0.13248220108989073
2012-09-19,-0.06899663294641423
2012-09-20,-0.03925100613033283
2012-09-21,-0.06458467551050184
2012-09-22,-0.07497163667919748
2012-09-23,-0.06732530347706545
2012-09-24,-0.08622653358832522
2012-09-25,-0.07741006383645488
2012-09-26,-0.09883803220349252
2012-09-27,-0.10019971312684872
2012-09-28,-0.025312614899138608
2012-09-29,-0.004285198720396788
2012-09-30,0.001535727227235828
2012-10-01,0.019977575837272443
2012-10-02,0.08165779635080295
2012-10-03,0.13557795982792942
2012-10-04,0.19745666753767077
2012-10-05,0.19756519067552514
2012-10-06,0.24058973758107505
2012-10-07,0.2973997373472068
2012-10-08,0.3722528099444442
2012-10-09,0.3210470877072127
2012-10-10,0.2490491828318313
2012-10-11,0.2044261122357347
2012-10-12,0.212969976123925
2012-10-13,0.2286532015336875
2012-10-14,0.20816038083848154
2012-10-15,0.18230911908160397
2012-10-16,0.1240234995830356
2012-10-17,0.1366038944694874
2012-10-18,0.12749500084234877
2012-10-19,0.0853655103491473
2012-10-20,0.07925984631818328
2012-10-21,0.0633865654272987
2012-10-22,0.013054324634826697
2012-10-23,0.0017554163403810108
2012-10-24,-0.03841507381310805
2012-10-25,-0.06174118280880203
2012-10-26,-0.0869289604190212
2012-10-27,-0.15678628602751998
2012-10-28,-0.21515757137803526
2012-10-29,-0.23057939686456885
2012-10-30,-0.24550521092873456
2012-10-31,-0.24455656371632206
2012-11-01,-0.26691601819420896
2012-11-02,-0.282781255736522
2012-11-03,-0.26214060280382845
2012-11-04,-0.24917767139781333
2012-11-05,-0.21987264367510162
2012-11-06,-0.19078439662056512
2012-11-07,-0.1863099221069453
2012-11-08,-0.1685887231428136
2012-11-09,-0.16980511602365178
2012-11-10,-0.1639632453817439
2012-11-11,-0.15258548344765688
2012-11-12,-0.1677784364434658
2012-11-13,-0.18750760548186685
2012-11-14,-0.17526428578752562
2012-11-15,-0.12364873156962775
2012-11-16,-0.034110972393567196
2012-11-17,0.07744107744107764
2012-11-18,0.15236733021261828
2012-11-19,0.22899884925201386
2012-11-20,0.3161187525876237
2012-11-21,0.38824439957280665
2012-11-22,0.3950999730816245
2012-11-23,0.3200207333327527
2012-11-24,0.2349332324439588
2012-11-25,0.19657463558591992
2012-11-26,0.15893306575668475
2012-11-27,0.09375212075001693
2012-11-28,0.06736911066222628
2012-11-29,0.05486737915677997
2012-11-30,0.054033941512523054
2012-12-01,0.04701473990096927
2012-12-02,0.03854297533922746
2012-12-03,0.028820776865659425
2012-12-04,0.06926175497923781
2012-12-05,0.034893630642057305
2012-12-06,-0.014447473986516135
2012-12-07,-0.06498140732265456
2012-12-08,-0.0935864075744468
2012-12-09,-0.08942606952576893
2012-12-10,-0.10400401640880941
2012-12-11,-0.13848113645353488
2012-12-12,-0.130667889734141
2012-12-13,-0.07277274932107602
2012-12-14,-0.019025702976225634
2012-12-15,-0.008977831634471523
2012-12-16,-0.016453911873720917
2012-12-17,0.02182958253341405
2012-12-18,0.0633654106110757
2012-12-19,0.06487564438157589
2012-12-20,0.029822808275222767
2012-12-21,0.054982817869415834
2012-12-22,0.16606809745435358
2012-12-23,0.2338608142773957
2012-12-24,0.21168924287347624
2012-12-25,0.13971668496667333
2012-12-26,0.12194970530146931
2012-12-27,0.09435729964130846
2012-12-28,0.06554451934647876
2012-12-29,-0.032090460121366515
2012-12-30,-0.031211654809949585
2012-12-31,-0.031514025313893024
2013-01-01,0.0022267906198265575
2013-01-02,-0.0019822134598344032
2013-01-03,0.047430956284734815
2013-01-04,0.07917327492888249
2013-01-05,0.14036281096653802
2013-01-06,0.10701261220072356
2013-01-07,0.13119721842381948
2013-01-08,0.18942856458134338
2013-01-09,0.26734403290734265
2013-01-10,0.2821345370335113
2013-01-11,0.2413661601308248
2013-01-12,0.21627025251671705
2013-01-13,0.26255941452305254
2013-01-14,0.30593642932256837
2013-01-15,0.33696351374719
2013-01-16,0.35873800147459134
2013-01-17,0.3686088748220999
2013-01-18,0.43114935004208355
2013-01-19,0.39544324741834025
2013-01-20,0.38783455896076746
2013-01-21,0.35565825730539813
2013-01-22,0.3167357243208935
2013-01-23,0.21362187143181433
2013-01-24,0.19960276729895088
2013-01-25,0.12433332482711101
2013-01-26,0.1543492499846737
2013-01-27,0.09722576569352825
2013-01-28,0.0638796381314779
2013-01-29,0.031258582378348665
2013-01-30,-0.003939069958314501
2013-01-31,-0.07296683727929276
2013-02-01,-0.027515166768914634
2013-02-02,-0.05536343576062974
2013-02-03,-0.010870779293308375
2013-02-04,-0.007020484604858379
2013-02-05,-0.0016844758194139997
2013-02-06,0.02776398158207871
2013-02-07,0.06585777689488781
2013-02-08,0.058674774332835744
2013-02-09,0.08486041738952665
2013-02-10,0.0803536040620012
2013-02-11,0.0787151878852217
2013-02-12,0.08951902890070129
2013-02-13,0.08275088062404845
2013-02-14,0.08639502488126771
2013-02-15,0.04221218456859832
2013-02-16,0.006574303469847997
2013-02-17,-0.0486753676828674
2013-02-18,-0.06772115294086001
2013-02-19,-0.06728050892709514
2013-02-20,-0.04028881231412129
2013-02-21,-0.08098541238127843
2013-02-22,-0.07455225201546933
2013-02-23,-0.0826225340868505
2013-02-24,-0.0731082739163621
2013-02-25,-0.05923645637445585
2013-02-26,-0.057156448442411856
2013-02-27,-0.07088660987105733
2013-02-28,-0.03847164060757735
2013-03-01,-0.016219687259041438
2013-03-02,-0.02173433444797812
2013-03-03,-0.024291111752670513
2013-03-04,-0.012012596827218891
2013-03-05,-0.014398604269293847
2013-03-06,0.03999467259992806
2013-03-07,0.08563398110849474
2013-03-08,0.09538816929296279
2013-03-09,0.14670056680346177
2013-03-10,0.19494762962749235
2013-03-11,0.20344016901523054
2013-03-12,0.2186853479178188
2013-03-13,0.20378361411712254
2013-03-14,0.17399758888103212
2013-03-15,0.1794320556493858
2013-03-16,0.14896361771194888
2013-03-17,0.1055929024219937
2013-03-18,0.09207589881581613
2013-03-19,0.10353364724761938
2013-03-20,0.076947459566441
2013-03-21,0.07490265754356784
2013-03-22,0.10982670676981332
2013-03-23,0.16827604661155426
2013-03-24,0.22194471028531848
2013-03-25,0.24548871788997984
2013-03-26,0.2121328542264609
2013-03-27,0.21698089902074136
2013-03-28,0.29887576697898144
2013-03-29,0.30371226475927826
2013-03-30,0.2960135994958142
2013-03-31,0.2845524332495408
2013-04-01,0.30031575282436695
2013-04-02,0.36562863249008815
2013-04-03,0.4682048535085619
2013-04-04,0.47862557067651124
2013-04-05,0.5312139958464506
2013-04-06,0.5516461634101699
2013-04-07,0.5632736570389345
2013-04-08,0.615805385340279
2013-04-09,0.6648887421243685
2013-04-10,0.6919763854110983
2013-04-11,0.6835284662733565
2013-04-12,0.6303932731505237
2013-04-13,0.5803384952371251
2013-04-14,0.5438497487731269
2013-04-15,0.506275881927656
2013-04-16,0.4522064271490309
2013-04-17,0.329074556935846
2013-04-18,0.22724678595751646
2013-04-19,0.20577691989521552
2013-04-20,0.20090985139720452
2013-04-21,0.17685250842049283
2013-04-22,0.12201685230853787
2013-04-23,0.04506853760110818
2013-04-24,0.015861525582311353
2013-04-25,0.00248893319339083
2013-04-26,-0.028361277470597912
2013-04-27,-0.042298316417238246
2013-04-28,-0.022110381680519264
2013-04-29,-0.05732851176120579
2013-04-30,-0.11368451683976422
2013-05-01,-0.1582417016105846
2013-05-02,-0.1734598769684641
2013-05-03,-0.18269813193439943
2013-05-04,-0.18677655965277584
2013-05-05,-0.23695831860610006
2013-05-06,-0.22691812540973633
2013-05-07,-0.14884659125614086
2013-05-08,-0.06359621588022013
2013-05-09,-0.06660568292264579
2013-05-10,-0.05209993268944779
2013-05-11,-0.03334965197361395
2013-05-12,-0.024256651017214415
2013-05-13,-0.016842318638199738
2013-05-14,-0.053547335236793336
2013-05-15,-0.09477012217762049
2013-05-16,-0.06314068865816802
2013-05-17,-0.07849424795666127
2013-05-18,-0.1646539353463674
2013-05-19,-0.1668137983609681
2013-05-20,-0.1630264503278539
2013-05-21,-0.13936931377872008
2013-05-22,-0.1432587115900673
2013-05-23,-0.14001472386185865
2013-05-24,-0.11795023755855716
2013-05-25,-0.042754715076710026
2013-05-26,-0.029898998665610632
2013-05-27,-0.07931620718819665
2013-05-28,-0.11851214223046247
2013-05-29,-0.1089424595488544
2013-05-30,-0.11944572427904032
2013-05-31,-0.14985861629013042
2013-06-01,-0.14931608217445447
2013-06-02,-0.15223524021468782
2013-06-03,-0.1054864494804808
2013-06-04,-0.07342031975608121
2013-06-05,-0.08035455956232407
2013-06-06,-0.079560313393645
2013-06-07,-0.061719334677894366
2013-06-08,-0.06993298759666666
2013-06-09,-0.06782979041356885
2013-06-10,-0.10116738801611425
2013-06-11,-0.1070183202728584
2013-06-12,-0.13395702918988328
2013-06-13,-0.15765832078242192
2013-06-14,-0.15589113058868953
2013-06-15,-0.1727241550269698
2013-06-16,-0.19078620157225468
2013-06-17,-0.18876878410810927
2013-06-18,-0.203106711701167
2013-06-19,-0.18548545901574787
2013-06-20,-0.1682479431313283
2013-06-21,-0.17811712635199217
2013-06-22,-0.16284169037572904
2013-06-23,-0.16594235676509272
2013-06-24,-0.15462875533626796
2013-06-25,-0.1557373298249629
2013-06-26,-0.15565988704480094
2013-06-27,-0.16566465749826664
2013-06-28,-0.15095720609936059
2013-06-29,-0.13045159790632987
2013-06-30,-0.09892906681773317
2013-07-01,-0.06765272597548522
2013-07-02,-0.03087849823929678
2013-07-03,-0.013551179902668076
2013-07-04,-0.01828677989391081
2013-07-05,-0.026706920052719907
2013-07-06,-0.01945693055682962
2013-07-07,-0.014713678211209391
2013-07-08,-0.020842513131482776
2013-07-09,-0.02416229769774325
2013-07-10,-0.02975556453390149
2013-07-11,0.01443048539117342
2013-07-12,0.044646315595314956
2013-07-13,0.05186017455297676
2013-07-14,0.03204318571024056
2013-07-15,0.0354982813212823
2013-07-16,0.04126912475805522
2013-07-17,0.052940536511632885
2013-07-18,0.03054045410937012
2013-07-19,-0.02054483567588239
2013-07-20,-0.0424045746829943
2013-07-21,-0.0445382810638415
2013-07-22,-0.05514612973068955
2013-07-23,-0.06171580429746071
2013-07-24,-0.054839310708378
2013-07-25,-0.029560116758989063
2013-07-26,-0.009818596862165463
2013-07-27,-0.003984747064890826
2013-07-28,0.004740577774285715
2013-07-29,0.012550168822067942
2013-07-30,0.0285174161370767
2013-07-31,0.03350392859358875
2013-08-01,0.09822240467551269
2013-08-02,0.10832671619549039
2013-08-03,0.12577849396803265
2013-08-04,0.1517011995637949
2013-08-05,0.16862513273561253
2013-08-06,0.17706712040871952
2013-08-07,0.1922375507358811
2013-08-08,0.1488186271511056
2013-08-09,0.15409755344005238
2013-08-10,0.14372555555289113
2013-08-11,0.1345241451431407
2013-08-12,0.2131501928155919
2013-08-13,0.21354956739564734
2013-08-14,0.2107096087837017
2013-08-15,0.2072619390681174
2013-08-16,0.2480686533294647
2013-08-17,0.25897550132470104
2013-08-18,0.24606536824984038
2013-08-19,0.17294407497463804
2013-08-20,0.14427134985613344
2013-08-21,0.04286084644494337
2013-08-22,0.03435997793738066
2013-08-23,0.01797941893303423
2013-08-24,0.002240296938765818
2013-08-25,0.012245387370913852
2013-08-26,0.0038324409025285444
2013-08-27,0.04228640837127551
2013-08-28,0.13419379679845322
2013-08-29,0.1393258849955452
2013-08-30,0.1583216794946254
2013-08-31,0.22380851244584155
2013-09-01,0.12661556973215027
2013-09-02,0.0926943199174326
2013-09-03,0.04158071742252756
2013-09-04,0.020674852867518023
2013-09-05,-0.022474437241300937
2013-09-06,-0.057252030530902664
2013-09-07,-0.11118799253460598
2013-09-08,-0.06891723068052336
2013-09-09,-0.0556971962907401
2013-09-10,-0.06631927448478947
2013-09-11,-0.0847704966563182
2013-09-12,-0.07103890551517744
2013-09-13,-0.08888061703808103
2013-09-14,-0.12336198471926096
2013-09-15,-0.12190942563551088
2013-09-16,-0.15358640932006795
2013-09-17,-0.1510944660934006
2013-09-18,-0.1289442042753165
2013-09-19,-0.1373372068818841
2013-09-20,-0.15464633177026754
2013-09-21,-0.11541097892102437
2013-09-22,-0.07865066688905376
2013-09-23,-0.01835731795896145
2013-09-24,0.005072162339865516
2013-09-25,0.012614100181941534
2013-09-26,0.04379962823126338
2013-09-27,0.10206026788532174
2013-09-28,0.10867051292583207
2013-09-29,0.09901798980125198
2013-09-30,0.10211971104231155
2013-10-01,0.13077734903886218
2013-10-02,0.17123314290155833
2013-10-03,0.21255954491817675
2013-10-04,0.2339280926110081
2013-10-05,0.23157618172842032
2013-10-06,0.22087484499935872
2013-10-07,0.20648909196106446
2013-10-08,0.1667966247428938
2013-10-09,0.11418176172021721
2013-10-10,0.07024930816163955
2013-10-11,0.047764355836942496
2013-10-12,0.03208922331014086
2013-10-13,0.061836301730167964
2013-10-14,0.06221236389436169
2013-10-15,0.08121468791708586
2013-10-16,0.10262899159503114
2013-10-17,0.10216214668232215
2013-10-18,0.1086222161424788
2013-10-19,0.1404957130204716
2013-10-20,0.11422402088479489
2013-10-21,0.11654558590011121
2013-10-22,0.10531729662610911
2013-10-23,0.10769546515704764
2013-10-24,0.1606614262688344
2013-10-25,0.1931385924497333
2013-10-26,0.18183983244958424
2013-10-27,0.1753801669649233
2013-10-28,0.1863312977843763
2013-10-29,0.19151464476119995
2013-10-30,0.19047737792211028
2013-10-31,0.1570078312815555
2013-11-01,0.12731737449381897
2013-11-02,0.08016397547989484
2013-11-03,0.10116243158998528
2013-11-04,0.1077143417211619
2013-11-05,0.1441488171341634
2013-11-06,0.20387807987583484
2013-11-07,0.24859385443265736
2013-11-08,0.26791355000558204
2013-11-09,0.38534043733297474
2013-11-10,0.40893803187907896
2013-11-11,0.38035227868821386
2013-11-12,0.34685886509054087
2013-11-13,0.2735792313475742
2013-11-14,0.2499333105507755
2013-11-15,0.2684651766504864
2013-11-16,0.24522018786244226
2013-11-17,0.2496014908125932
2013-11-18,0.3737713468362034
2013-11-19,0.5477322969637206
2013-11-20,0.6567637741433587
2013-11-21,0.7900357857993288
2013-11-22,0.8545376348421545
2013-11-23,0.8766201895717596
2013-11-24,0.8619069559076034
2013-11-25,0.7379293195781251
2013-11-26,0.6085678437511692
2013-11-27,0.5807605889369132
2013-11-28,0.5084412826502442
2013-11-29,0.44272878156256223
2013-11-30,0.40125813140561273
2013-12-01,0.42662275821967044
2013-12-02,0.468926255743358
2013-12-03,0.4768869797327724
2013-12-04,0.4545772312235752
2013-12-05,0.45183201978326704
2013-12-06,0.4728550502568254
2013-12-07,0.4737690477321823
2013-12-08,0.32919654115546404
2013-12-09,0.18007299862789217
2013-12-10,0.11060921301470161
2013-12-11,0.022868539672971977
2013-12-12,-0.06746645021841102
2013-12-13,-0.1259305857737677
2013-12-14,-0.1400123128772317
2013-12-15,-0.10041004344715676
2013-12-16,-0.058501983550174774
2013-12-17,-0.08236765101720078
2013-12-18,-0.06846917376364126
2013-12-19,-0.06478918958011148
2013-12-20,-0.06864366316917236
2013-12-21,-0.11921219497909485
2013-12-22,-0.1567152764012043
2013-12-23,-0.17286559296116522
2013-12-24,-0.18547489755276614
2013-12-25,-0.2147914521112254
2013-12-26,-0.23052745221523396
2013-12-27,-0.2447254139933086
2013-12-28,-0.21920200947437396
2013-12-29,-0.19967923439708246
2013-12-30,-0.18547868057531613
2013-12-31,-0.17237028539337884
2014-01-01,-0.16154640487193128
2014-01-02,-0.1270234483416769
2014-01-03,-0.10899623144972193
2014-01-04,-0.1315200440682437
2014-01-05,-0.14254619526233125
2014-01-06,-0.12118244406847678
2014-01-07,-0.122578837805286
2014-01-08,-0.09864716011527708
2014-01-09,-0.1079325980578224
2014-01-10,-0.1043543769226496
2014-01-11,-0.07756028626083122
2014-01-12,-0.07368465937356394
2014-01-13,-0.07418875221634458
2014-01-14,-0.03703992130502498
2014-01-15,-0.016550614310419265
2014-01-16,0.010916203661136992
2014-01-17,0.025843691835619298
2014-01-18,-0.0058631340154365885
2014-01-19,-0.015128906482463123
2014-01-20,0.02745220584132224
2014-01-21,0.09935465931341314
2014-01-22,0.10330503224866083
2014-01-23,0.10261338506391282
2014-01-24,0.11672626000263531
2014-01-25,0.1307158836441158
2014-01-26,0.11676872041078479
2014-01-27,0.08029285240171724
2014-01-28,0.024657845827859015
2014-01-29,0.016645608526844713
2014-01-30,0.03433338893341431
2014-01-31,0.026781172717194268
2014-02-01,0.055147799703960665
2014-02-02,0.09519317231696367
2014-02-03,0.11011819888228191
2014-02-04,0.1392006398339889
2014-02-05,0.15806831974654845
2014-02-06,0.1682858038232531
2014-02-07,0.21683381843381855
2014-02-08,0.2426220299572328
2014-02-09,0.19934870544888916
2014-02-10,0.16250484790233366
2014-02-11,0.12374496333971852
2014-02-12,0.1624228125275533
2014-02-13,0.14750250988956481
2014-02-14,0.13597046093060206
2014-02-15,0.11979842056904633
2014-02-16,0.1275458072745268
2014-02-17,0.13783350663410965
2014-02-18,0.1541762847531336
2014-02-19,0.11549516258607673
2014-02-20,0.1250958777220723
2014-02-21,0.11785156143963449
2014-02-22,0.11263861840614275
2014-02-23,0.14540123344369293
2014-02-24,0.1667431980372549
2014-02-25,0.1975408487260133
2014-02-26,0.2068928518573332
2014-02-27,0.19574515778654167
2014-02-28,0.19775884534790222
2014-03-01,0.22801257795561147
2014-03-02,0.22539682827482488
2014-03-03,0.2619242242779152
2014-03-04,0.21826053826242164
2014-03-05,0.21830015694264215
2014-03-06,0.21235574525936962
2014-03-07,0.1966327009423443
2014-03-08,0.18941676862416434
2014-03-09,0.1923363569544283
2014-03-10,0.163951379088503
2014-03-11,0.16572463205997057
2014-03-12,0.14965257362998696
2014-03-13,0.1462743030200011
2014-03-14,0.1504957519307053
2014-03-15,0.0949454746604248
2014-03-16,0.03709666795957367
2014-03-17,-0.018765073151384537
2014-03-18,-0.07341760704355316
2014-03-19,-0.10786519936384031
2014-03-20,-0.1401470555066875
2014-03-21,-0.1583506340736699
2014-03-22,-0.138820065325871
2014-03-23,-0.1462212139539859
2014-03-24,-0.15810736054286434
2014-03-25,-0.1414062589409355
2014-03-26,-0.1429482198712968
2014-03-27,-0.12151841173884592
2014-03-28,-0.12003491165524438
2014-03-29,-0.1460241641716925
2014-03-30,-0.11457397163671668
2014-03-31,-0.10317779595984966
2014-04-01,-0.09445628337489342
2014-04-02,-0.08503624479555594
2014-04-03,-0.1030633563763349
2014-04-04,-0.08970318036325164
2014-04-05,-0.05968364633121326
2014-04-06,-0.032757745452346554
2014-04-07,-0.004661700031679095
2014-04-08,0.015514609597822915
2014-04-09,0.03859319628678537
2014-04-10,0.052615437191389836
2014-04-11,0.024549759287449735
2014-04-12,-0.001922308065424816
2014-04-13,-0.014251092952148103
2014-04-14,-0.013523341572466485
2014-04-15,0.01106098443840775
2014-04-16,0.0021941840608374896
2014-04-17,-0.012981342717992339
2014-04-18,-0.010248842845474004
2014-04-19,-0.017780191594893746
2014-04-20,-0.0068458095028502974
2014-04-21,-0.05184163130335251
2014-04-22,-0.07319438954647017
2014-04-23,-0.08591955705360355
2014-04-24,-0.07235885397250796
2014-04-25,-0.05309821585658825
2014-04-26,-0.07037738394514137
2014-04-27,-0.05439995346382842
2014-04-28,-0.02136069161705345
2014-04-29,-0.03181241886519892
2014-04-30,-0.03427429760665979
2014-05-01,-0.03966054597395152
2014-05-02,-0.05268642158361636
2014-05-03,-0.059284982529000496
2014-05-04,-0.09164910111676361
2014-05-05,-0.1327257484026877
2014-05-06,-0.1379505636489341
2014-05-07,-0.12388973557303085
2014-05-08,-0.09853352714231367
2014-05-09,-0.08928720440666393
2014-05-10,-0.06705539358600587
2014-05-11,-0.02555423974267157
2014-05-12,-0.005874380687349023
2014-05-13,0.002185008353905449
2014-05-14,-0.009562349414492743
2014-05-15,-0.027340444361473537
2014-05-16,-0.028833382444944045
2014-05-17,-0.02425077027722955
2014-05-18,-0.03510530129242595
2014-05-19,0.002909438720055668
2014-05-20,0.030121250467640914
2014-05-21,0.040891592837291935
2014-05-22,0.06225611471354098
2014-05-23,0.09920734228201455
2014-05-24,0.09327535698314726
2014-05-25,0.12288887416089911
2014-05-26,0.11077677698744726
2014-05-27,0.10484604663613739
2014-05-28,0.11727070657599792
2014-05-29,0.10614129589728782
2014-05-30,0.06589527518928362
2014-05-31,0.07699648866830322
2014-06-01,0.07375327023958578
2014-06-02,0.096155356115732
2014-06-03,0.10461770153953842
2014-06-04,0.0826393157812304
2014-06-05,0.10003143522293967
2014-06-06,0.10694159363131095
2014-06-07,0.08922821204193387
2014-06-08,0.044733118547315875
2014-06-09,0.0006987324908933612
2014-06-10,-0.0038744961854791926
2014-06-11,0.010107980288207807
2014-06-12,-0.01415381895420853
2014-06-13,0.0048922605679377895
2014-06-14,0.0040894312233554775
2014-06-15,0.01901621939021103
2014-06-16,0.03936252218135161
2014-06-17,0.021336968314462856
2014-06-18,0.008827439866726738
2014-06-19,0.015225080701550597
2014-06-20,-0.018623699002795813
2014-06-21,-0.01795063825234533
2014-06-22,-0.015078193715184374
2014-06-23,-0.03356301565805275
2014-06-24,-0.03093978369997985
2014-06-25,-0.03399794082395213
2014-06-26,-0.05074264978092746
2014-06-27,-0.03559544225247524
2014-06-28,-0.029704786176826148
2014-06-29,-0.031038017955339003
2014-06-30,-0.007913865348082028
2014-07-01,-0.001107482058034348
2014-07-02,0.011117135971319803
2014-07-03,0.013229335562904732
2014-07-04,-0.014027983749204442
2014-07-05,-0.02953604167626367
2014-07-06,-0.030324976833589257
2014-07-07,-0.032637207175530314
2014-07-08,-0.004992174585941367
2014-07-09,0.011121632394939684
2014-07-10,0.035558934581674695
2014-07-11,0.05371107381293627
2014-07-12,0.0685620779616154
2014-07-13,0.08555633833561194
2014-07-14,0.07400331365848611
2014-07-15,0.03723609498608349
2014-07-16,0.021935749305722174
2014-07-17,0.014387702232989907
2014-07-18,0.02315435294479884
2014-07-19,0.030809353961504637
2014-07-20,0.013231047636185211
2014-07-21,0.005705061286086721
2014-07-22,-0.01018003297969261
2014-07-23,-0.003927922660931782
2014-07-24,0.017985246936239596
2014-07-25,0.03709415724518861
2014-07-26,0.016648771661155637
2014-07-27,0.010788211805259351
2014-07-28,-0.00398526925782805
2014-07-29,-0.006521401024161988
2014-07-30,-0.00984453650496675
2014-07-31,-0.028252325079845098
2014-08-01,-0.04973171465202053
2014-08-02,-0.05041367411374709
2014-08-03,-0.042773650608469604
2014-08-04,-0.014184977597010762
2014-08-05,0.028027161587288907
2014-08-06,0.04264034414556295
2014-08-07,0.04184343153588377
2014-08-08,0.04381219970211947
2014-08-09,0.05234785872134817
2014-08-10,0.0744125512002416
2014-08-11,0.10301467399986297
2014-08-12,0.09518523052568217
2014-08-13,0.08718790943454313
2014-08-14,0.09694253300168687
2014-08-15,0.12566785742837538
2014-08-16,0.15569562340039034
2014-08-17,0.14690426793495948
2014-08-18,0.14596302410699646
2014-08-19,0.12955631535800682
2014-08-20,0.11860237979460453
2014-08-21,0.11709445841730926
2014-08-22,0.10394480724388311
2014-08-23,0.08880760004096167
2014-08-24,0.09253828717963342
2014-08-25,0.05147476356136327
2014-08-26,0.03549420082325372
2014-08-27,0.037143602190439884
2014-08-28,0.03633388676339666
2014-08-29,0.015445604454651596
2014-08-30,0.005115549448624357
2014-08-31,-0.022197087949265448
2014-09-01,-0.01442492470190837
2014-09-02,-0.010167323735991274
2014-09-03,-0.03626832552582171
2014-09-04,-0.06068935923352026
2014-09-05,-0.06900974427931705
2014-09-06,-0.07698656106408175
2014-09-07,-0.04411620747745204
2014-09-08,-0.033801684589399805
2014-09-09,0.0064968504059881305
2014-09-10,0.05213666930084848
2014-09-11,0.05750390405209016
2014-09-12,0.07151216037447838
2014-09-13,0.06494439510827399
2014-09-14,0.07949844038548082
2014-09-15,0.07690806772815817
2014-09-16,0.06553444250350826
2014-09-17,0.03832067922016602
2014-09-18,0.06680526615334692
2014-09-19,0.05561287164449169
2014-09-20,0.07976103897732334
2014-09-21,0.04339311474161822
2014-09-22,0.053817118822619525
2014-09-23,0.05052791831022052
2014-09-24,0.05915157341975563
2014-09-25,0.049600315072072076
2014-09-26,0.0661134287862366
2014-09-27,0.0319960748139243
2014-09-28,0.054925568190926644
2014-09-29,0.012234287604321104
2014-09-30,-0.014049018155948612
2014-10-01,0.0054750457557903864
2014-10-02,0.006244212825565532
2014-10-03,0.004575247249301917
2014-10-04,-0.0019198755638870635
2014-10-05,0.00817345439172179
2014-10-06,0.01459346314497112
2014-10-07,0.030373074196676564
2014-10-08,0.0014902603987547725
2014-10-09,0.0025394621857863786
2014-10-10,0.00880969022376954
2014-10-11,0.03424012460159287
2014-10-12,0.021901676691501892
2014-10-13,0.052357488183335965
2014-10-14,0.06375465982961992
2014-10-15,0.07173594069892686
2014-10-16,0.06039472171859295
2014-10-17,0.04768506278793705
2014-10-18,0.03188192277105495
2014-10-19,0.030390731727597098
2014-10-20,0.010116813731901875
2014-10-21,-0.009276067716992076
2014-10-22,-0.0045030551849483125
2014-10-23,0.008706326669125186
2014-10-24,0.01514225117297352
2014-10-25,0.030303548964065286
2014-10-26,0.020748102408065128
2014-10-27,0.04744232748885757
2014-10-28,0.05758021343288844
2014-10-29,0.05373521240562429
2014-10-30,0.04095503471735085
2014-10-31,0.0522275836104209
2014-11-01,0.028416334934599385
2014-11-02,0.05373710330881565
2014-11-03,0.03708023195277321
2014-11-04,0.02398971142184214
2014-11-05,0.0275491437003057
2014-11-06,0.05362931442748797
2014-11-07,0.060567236231085175
2014-11-08,0.06590312236764806
2014-11-09,0.05772299706230366
2014-11-10,0.062138590049542364
2014-11-11,0.06688678079850141
2014-11-12,0.07451692771217155
2014-11-13,0.0642285599156065
2014-11-14,0.036101512835847505
2014-11-15,0.05698029266213456
2014-11-16,0.03995477625712063
2014-11-17,0.04563953770732465
2014-11-18,0.05135059860297031
2014-11-19,0.02838345552864685
2014-11-20,0.016508141530803266
2014-11-21,0.02724365836793563
2014-11-22,-0.010365565240894714
2014-11-23,-0.003043337590464157
2014-11-24,-0.006179591614335789
2014-11-25,-0.005422676834185847
2014-11-26,-0.02139070079786609
2014-11-27,-0.03649567467241832
2014-11-28,-0.02607563228344567
2014-11-29,-0.008295137940637187
2014-11-30,0.012208912237014147
2014-12-01,0.018367010337039247
2014-12-02,0.03041604113546148
2014-12-03,0.05998092161530333
2014-12-04,0.07058375532781946
2014-12-05,0.07328774073904576
2014-12-06,0.07730100952141883
2014-12-07,0.062374595254525156
2014-12-08,0.07764011674688942
2014-12-09,0.07321441652872362
2014-12-10,0.0689868915281866
2014-12-11,0.07972738778288346
2014-12-12,0.07584598787349095
2014-12-13,0.07148806038573241
2014-12-14,0.08945911549693086
2014-12-15,0.08558405985423745
2014-12-16,0.11188058539153611
2014-12-17,0.1295883270106013
2014-12-18,0.13805490038846346
2014-12-19,0.13488640880350422
2014-12-20,0.15731689335400278
2014-12-21,0.12188920869587072
2014-12-22,0.10045571753992188
2014-12-23,0.07035631586825031
2014-12-24,0.025616624878160188
2014-12-25,-0.02960702559700701
2014-12-26,-0.05441510085318346
2014-12-27,-0.06899769287364022
2014-12-28,-0.06650028873988034
2014-12-29,-0.08336250500197573
2014-12-30,-0.10090434265797665
2014-12-31,-0.10248476098914494
2015-01-01,-0.11589378544985818
2015-01-02,-0.09842050996913199
2015-01-03,-0.09290480291328895
2015-01-04,-0.10785185670766495
2015-01-05,-0.10189171092496663
2015-01-06,-0.11208322676242966
2015-01-07,-0.11062539432034901
2015-01-08,-0.058510460271051445
2015-01-09,-0.0786350744409895
2015-01-10,-0.03409223488040203
2015-01-11,-0.03845206363883669
2015-01-12,-0.04435951068755206
2015-01-13,0.014171633005083395
2015-01-14,0.09322499644969362
2015-01-15,0.13998591815579986
2015-01-16,0.17566273013419642
2015-01-17,0.15498877359302177
2015-01-18,0.1989861656703671
2015-01-19,0.2519218299434338
2015-01-20,0.24054804219267667
2015-01-21,0.24358271226689387
2015-01-22,0.1964038052560968
2015-01-23,0.15380459808376212
2015-01-24,0.12339893385898537
2015-01-25,0.14342625379464513
2015-01-26,0.14452087177792428
2015-01-27,0.14323594560946828
2015-01-28,0.06096341687144391
2015-01-29,0.034903291068594466
2015-01-30,0.0008314808533689266
2015-01-31,0.03952653396245198
2015-02-01,0.01018394927453814
2015-02-02,-0.03486681820936055
2015-02-03,-0.06877939181336956
2015-02-04,-0.067854350848358
2015-02-05,-0.0696306541953684
2015-02-06,-0.050926847241064443
2015-02-07,-0.09542420126084317
2015-02-08,-0.08918704102801889
2015-02-09,-0.07221152594477309
2015-02-10,-0.06282726442012687
2015-02-11,-0.03947821111086158
2015-02-12,-0.013900300340730865
2015-02-13,0.07912180936101065
2015-02-14,0.07015269746713004
2015-02-15,0.09853300485012895
2015-02-16,0.10373060096924425
2015-02-17,0.14363941402145852
2015-02-18,0.1604704505826462
2015-02-19,0.1653113756067115
2015-02-20,0.08091146361077839
2015-02-21,0.13243337827022383
2015-02-22,0.11005887219741672
2015-02-23,0.10784402651061398
2015-02-24,0.06626289447238642
2015-02-25,0.05521209757150669
2015-02-26,0.038750531695013635
2015-02-27,0.08889826745068641
2015-02-28,0.06886677278466391
2015-03-01,0.07021737025976837
2015-03-02,0.0956234439616781
2015-03-03,0.11366463182343822
2015-03-04,0.1091396702526437
2015-03-05,0.07820909648809415
2015-03-06,0.03547524553614001
2015-03-07,-0.009859275266807854
2015-03-08,-0.03256769007518334
2015-03-09,-0.06387491419865732
2015-03-10,-0.08119650140450019
2015-03-11,-0.06797561274138031
2015-03-12,-0.04280044218190615
2015-03-13,-0.045214574132865115
2015-03-14,-0.003138098157963176
2015-03-15,-0.0023455608538655026
2015-03-16,0.018087789878754812
2015-03-17,0.01497066547011383
2015-03-18,0.006370712486273522
2015-03-19,0.022609802305233906
2015-03-20,0.01394987811092907
2015-03-21,0.0017008720762146101
2015-03-22,-0.005672490948750775
2015-03-23,-0.023163242975593912
2015-03-24,-0.030976913903863812
2015-03-25,-0.06082449930920564
2015-03-26,-0.07982898240085656
2015-03-27,-0.06974446011469448
2015-03-28,-0.07044395708219875
2015-03-29,-0.05635325953919468
2015-03-30,-0.04732282868971183
2015-03-31,-0.026995932903857156
2015-04-01,0.0030734824786098347
2015-04-02,0.01722477372782949
2015-04-03,0.01775202773185569
2015-04-04,0.03276620382816664
2015-04-05,0.025916071174248545
2015-04-06,0.03296540310550289
2015-04-07,0.03044670293962226
2015-04-08,0.009956668326017049
2015-04-09,0.004053724026049421
2015-04-10,0.02425585321553947
2015-04-11,0.025412880865282927
2015-04-12,0.017868528139042494
2015-04-13,0.035212134238357784
2015-04-14,0.04799840692114499
2015-04-15,0.055134453380721204
2015-04-16,0.04628293706640774
2015-04-17,0.03559953359582413
2015-04-18,0.021876623142029983
2015-04-19,0.03166024767434972
2015-04-20,-0.010251719098051781
2015-04-21,-0.041189026088727876
2015-04-22,-0.0369672919925782
2015-04-23,-0.01924833576462648
2015-04-24,-0.01079165077402644
2015-04-25,0.0016868107048026992
2015-04-26,0.010700063919867775
2015-04-27,0.016866652391903436
2015-04-28,0.028730884118113975
2015-04-29,0.03540109179091311
2015-04-30,0.01443060703741783
2015-05-01,-0.017931018511626262
2015-05-02,-0.008462565403414168
2015-05-03,-0.03787158327453444
2015-05-04,-0.034418429426101405
2015-05-05,-0.013773768008942144
2015-05-06,0.004318751898771289
2015-05-07,0.028299544985235014
2015-05-08,0.08232782178349796
2015-05-09,0.053570864488812875
2015-05-10,0.0822123050098369
2015-05-11,0.0950743490060193
2015-05-12,0.07859647751804699
2015-05-13,0.043109449558477175
2015-05-14,0.013913172584501643
2015-05-15,-0.0210694255472903
2015-05-16,-0.00808338663018715
2015-05-17,-0.01721148650274662
2015-05-18,-0.032796560705978695
2015-05-19,-0.042017681557546815
2015-05-20,-0.028567263926513542
2015-05-21,-0.008584035569090376
2015-05-22,-0.009821232382208
2015-05-23,-0.018028241188862926
2015-05-24,-0.002066838391324044
2015-05-25,0.0012346691940983145
2015-05-26,0.0035630548824028274
2015-05-27,-0.0030997327874235925
2015-05-28,-0.03254480962335926
2015-05-29,0.010144967828840556
2015-05-30,0.04586391708610238
2015-05-31,0.04409735192933617
2015-06-01,0.06462879490530282
2015-06-02,0.09750793220039045
2015-06-03,0.1292281683737979
2015-06-04,0.17286971822084252
2015-06-05,0.1385689441131175
2015-06-06,0.12180457153224178
2015-06-07,0.11570180475338043
2015-06-08,0.09208171867061199
2015-06-09,0.07355631567831522
2015-06-10,0.11225852414305515
2015-06-11,0.11536730577518695
2015-06-12,0.16313345938884538
2015-06-13,0.15176959854827898
2015-06-14,0.15881425770730795
2015-06-15,0.1895496975404889
2015-06-16,0.1857357045829109
2015-06-17,0.15269389155799584
2015-06-18,0.12319962525977912
2015-06-19,0.06869471242092207
2015-06-20,0.05541473660868279
2015-06-21,0.024013174519854186
2015-06-22,-0.021072098174564124
2015-06-23,-0.02637086140781697
2015-06-24,-0.06261947836899662
2015-06-25,-0.07398064372931912
2015-06-26,-0.05585745227391559
2015-06-27,-0.02339003660527106
2015-06-28,0.003943873008331211
2015-06-29,0.029175694463490442
2015-06-30,-8.044663155182263e-05
2015-07-01,0.01761185303086288
2015-07-02,0.04152178757247693
2015-07-03,0.038710418065587504
2015-07-04,0.014816588570826461
2015-07-05,-0.0033313112169058856
2015-07-06,0.022480208841819227
2015-07-07,0.04627454143936105
2015-07-08,0.05382096258698876
2015-07-09,0.0621260211249286
2015-07-10,0.08255211487084924
2015-07-11,0.10839717336520738
2015-07-12,0.14502799052721005
2015-07-13,0.11047498353771412
2015-07-14,0.12146005930539205
2015-07-15,0.12572909405883737
2015-07-16,0.10039891171503679
2015-07-17,0.04630251028494037
2015-07-18,0.018611802887696483
2015-07-19,-0.009138462153432059
2015-07-20,-0.02177936805614622
2015-07-21,-0.03127487575836774
2015-07-22,-0.06082349140252008
2015-07-23,-0.07429067143434931
2015-07-24,-0.05640138923797111
2015-07-25,-0.07846029161931167
2015-07-26,-0.09655436132825368
2015-07-27,-0.1005723941883081
2015-07-28,-0.11010903075967737
2015-07-29,-0.10277900248752159
2015-07-30,-0.10257716604734357
2015-07-31,-0.10602615097164547
2015-08-01,-0.08668206008696622
2015-08-02,-0.06820051287329887
2015-08-03,-0.04546711714893015
2015-08-04,-0.026392491874645874
2015-08-05,-0.004477009724221714
2015-08-06,0.03911970057573999
2015-08-07,0.05634102751687853
2015-08-08,0.05914203449633093
2015-08-09,0.05017737187712279
2015-08-10,0.036078092571588005
2015-08-11,0.013487425835720934
2015-08-12,0.003453090206964049
2015-08-13,-0.01677115747979352
2015-08-14,-0.010226226152309392
2015-08-15,-0.017030479841275037
2015-08-16,-0.011706421999623462
2015-08-17,-0.012289036750808613
2015-08-18,-0.008638955074703802
2015-08-19,-0.012996752438924841
2015-08-20,-0.027207351690861414
2015-08-21,-0.047983643074836935
2015-08-22,-0.03360392838308646
2015-08-23,-0.03551149721299229
2015-08-24,-0.021622514021017114
2015-08-25,-0.026126216437500682
2015-08-26,-0.03668043751182026
2015-08-27,-0.02207954055495709
2015-08-28,-0.002538783717992432
2015-08-29,0.00758760466537578
2015-08-30,0.008607426607537993
2015-08-31,0.019061550398433713
2015-09-01,0.049262602075904605
2015-09-02,0.06251812945466595
2015-09-03,0.07586073977976748
2015-09-04,0.062023633294377545
2015-09-05,0.07144896550406687
2015-09-06,0.08140478827285547
2015-09-07,0.06979650971554818
2015-09-08,0.07764344384942112
2015-09-09,0.08346738113766161
2015-09-10,0.06978712458041536
2015-09-11,0.07981613349555117
2015-09-12,0.05363557445511202
2015-09-13,0.05503940993917933
2015-09-14,0.057393362618073596
2015-09-15,0.05521163110296001
2015-09-16,0.05305332160891507
2015-09-17,0.06006417210735959
2015-09-18,0.0637374195017828
2015-09-19,0.06364289856443439
2015-09-20,0.07454812811795297
2015-09-21,0.08537630855825706
2015-09-22,0.09675150091041806
2015-09-23,0.0813136508193344
2015-09-24,0.08781162256237085
2015-09-25,0.06251620308574202
2015-09-26,0.07640603040143512
2015-09-27,0.06276352074440084
2015-09-28,0.026873104068266596
2015-09-29,0.01964487162870654
2015-09-30,0.04373976886112807
2015-10-01,0.0199547938036857
2015-10-02,0.048813999117844675
2015-10-03,0.011702938947134367
2015-10-04,0.006912160138541346
2015-10-05,0.004843907624503041
2015-10-06,-0.006347260182873016
2015-10-07,-0.029745705140253875
2015-10-08,-0.021034279438117753
2015-10-09,-0.040836084056797506
2015-10-10,-0.01974378767541285
2015-10-11,-0.044057317067679014
2015-10-12,-0.04793847403917906
2015-10-13,-0.054725692376961566
2015-10-14,-0.04521883314764907
2015-10-15,-0.01346647576347304
2015-10-16,0.000632781936660276
2015-10-17,0.028032797179585955
2015-10-18,0.0690284226592901
2015-10-19,0.08831792083642309
2015-10-20,0.11408711112877845
2015-10-21,0.13409071115629634
2015-10-22,0.1160249301772307
2015-10-23,0.15769169260631744
2015-10-24,0.17183100415814545
2015-10-25,0.1962616257215486
2015-10-26,0.22455023073489677
2015-10-27,0.21505184415149237
2015-10-28,0.20293770439762837
2015-10-29,0.2484768200406826
2015-10-30,0.21502521254049833
2015-10-31,0.21737850334111397
2015-11-01,0.2156924629844308
2015-11-02,0.23680834473872037
2015-11-03,0.28014155008169994
2015-11-04,0.317231839445695
2015-11-05,0.3038977429759977
2015-11-06,0.30038595820691305
2015-11-07,0.27723630220682494
2015-11-08,0.24976334991113758
2015-11-09,0.2103691876153293
2015-11-10,0.16623687292124334
2015-11-11,0.12728745160233967
2015-11-12,0.08209018140538404
2015-11-13,0.05020562583440502
2015-11-14,0.04263758075800217
2015-11-15,0.047488825603983154
2015-11-16,0.05983115245442394
2015-11-17,0.056890509595961314
2015-11-18,0.05571215323027667
2015-11-19,0.04749434774696404
2015-11-20,0.05129660693935745
2015-11-21,0.03869533391657143
2015-11-22,0.014389930705413612
2015-11-23,-0.042535221940249834
2015-11-24,-0.09037746826103965
2015-11-25,-0.12651291465653425
2015-11-26,-0.13217019020745324
2015-11-27,-0.13119257339343138
2015-11-28,-0.11350019146456058
2015-11-29,-0.13822257031658802
2015-11-30,-0.07198574143870495
2015-12-01,-0.021390953059374773
2015-12-02,0.028664474143849983
2015-12-03,0.04729206799665464
2015-12-04,0.06104161942160102
2015-12-05,0.06091400028440108
2015-12-06,0.10737145664176273
2015-12-07,0.09307639746314034
2015-12-08,0.09338097110259502
2015-12-09,0.12148231033112
2015-12-10,0.1701614541771077
2015-12-11,0.19113358630871513
2015-12-12,0.23806988127805884
2015-12-13,0.28509174144506555
2015-12-14,0.3192072794074201
2015-12-15,0.3598342262110743
2015-12-16,0.3418430113829234
2015-12-17,0.32700977551099264
2015-12-18,0.3038654184209737
2015-12-19,0.32132983586573216
2015-12-20,0.2483106741862191
2015-12-21,0.22540533658305906
2015-12-22,0.19477946277666502
2015-12-23,0.20191821098095564
2015-12-24,0.17420638714920877
2015-12-25,0.13109711642798239
2015-12-26,0.06165516831628981
2015-12-27,0.05807888272083561
2015-12-28,0.012759784227075688
2015-12-29,-0.03130439976789423
2015-12-30,-0.09253015944115062
2015-12-31,-0.13342012377260293
2016-01-01,-0.1716976370615898
2016-01-02,-0.1836882829264851
2016-01-03,-0.20943235058110943
2016-01-04,-0.21644564561352353
2016-01-05,-0.20910540714585157
2016-01-06,-0.20837232568743502
2016-01-07,-0.18452358018594217
2016-01-08,-0.14952702992917655
2016-01-09,-0.13946716616157595
2016-01-10,-0.12114607410010991
2016-01-11,-0.11000785723639572
2016-01-12,-0.10065082334602937
2016-01-13,-0.08446480069479223
2016-01-14,-0.06441388669613157
2016-01-15,-0.03876312152351158
2016-01-16,-0.0014578884519365065
2016-01-17,0.06278731719487429
2016-01-18,0.09662995886508141
2016-01-19,0.10890933298115968
2016-01-20,0.21749071275798948
2016-01-21,0.27729160258382035
2016-01-22,0.3088845169541059
2016-01-23,0.304399394019214
2016-01-24,0.28324706374530506
2016-01-25,0.29003193505446023
2016-01-26,0.3445896763747738
2016-01-27,0.2739395210592477
2016-01-28,0.23300732092378418
2016-01-29,0.23024498961113715
2016-01-30,0.22244981232823768
2016-01-31,0.2077417335431646
2016-02-01,0.2268578099537415
2016-02-02,0.25895420848534556
2016-02-03,0.2646680231547742
2016-02-04,0.24483116152497608
2016-02-05,0.21602910768124017
2016-02-06,0.17275056967997982
2016-02-07,0.1777013764898996
2016-02-08,0.15194655560341563
2016-02-09,0.030776640386665388
2016-02-10,-0.008902894687878415
2016-02-11,-0.02323129560052506
2016-02-12,-0.024907295324886558
2016-02-13,-0.02248522876011383
2016-02-14,-0.04337024874981221
2016-02-15,-0.06671515766916036
2016-02-16,-0.049092865112204453
2016-02-17,-0.03842287720743298
2016-02-18,-0.04706135017624913
2016-02-19,-0.0429461007425157
2016-02-20,-0.025816573244330066
2016-02-21,-0.04034596873193497
2016-02-22,-0.06846279358618124
2016-02-23,-0.054616114008999794
2016-02-24,-0.058754086093239066
2016-02-25,-0.04435685823071556
2016-02-26,-0.05047485270446894
2016-02-27,-0.0682012729155358
2016-02-28,-0.045217185547954064
2016-02-29,0.011137383131688106
2016-03-01,0.030122431859763932
2016-03-02,0.045569335973306924
2016-03-03,0.0678330689211839
2016-03-04,0.09520648574894053
2016-03-05,0.11854703082605966
2016-03-06,0.08963550623092442
2016-03-07,0.05314079746652545
2016-03-08,0.01093497859830972
2016-03-09,-0.0022283145120114423
2016-03-10,-0.04976435086487441
2016-03-11,-0.0934784746574926
2016-03-12,-0.14126421309797665
2016-03-13,-0.14848809806617969
2016-03-14,-0.1512324007760042
2016-03-15,-0.1391402414939068
2016-03-16,-0.16395403306987733
2016-03-17,-0.14546439222942553
2016-03-18,-0.1358471400127932
2016-03-19,-0.11439606661740465
2016-03-20,-0.11723719956550904
2016-03-21,-0.1270535800282998
2016-03-22,-0.14402425847062927
2016-03-23,-0.15757481693598752
2016-03-24,-0.18237211567253986
2016-03-25,-0.20208505099407026
2016-03-26,-0.17765385038529002
2016-03-27,-0.1456930472926623
2016-03-28,-0.09855056820854646
2016-03-29,-0.02637349004893763
2016-03-30,0.025654012643793855
2016-03-31,0.05575195073980277
2016-04-01,0.1403710251121255
2016-04-02,0.14374181177218714
2016-04-03,0.13981861633678516
2016-04-04,0.13668099401883027
2016-04-05,0.09192698295377033
2016-04-06,0.07841935642187581
2016-04-07,0.082532413627733
2016-04-08,0.045599832610524915
2016-04-09,0.024690947452033152
2016-04-10,0.020825740397677484
2016-04-11,0.012637901477819957
2016-04-12,0.03365517401035523
2016-04-13,0.055555192554351596
2016-04-14,0.0765920894476797
2016-04-15,0.06337775931465472
2016-04-16,0.0628600572347735
2016-04-17,0.04976766700794677
2016-04-18,-0.014409412426533041
2016-04-19,-0.03781534635999195
2016-04-20,-0.04422662067064853
2016-04-21,-0.07107390273627656
2016-04-22,-0.0755477390732755
2016-04-23,-0.07910681346740489
2016-04-24,-0.07740458294012464
2016-04-25,-0.014205486281869129
2016-04-26,-0.00024119948046541495
2016-04-27,-0.006315624104646922
2016-04-28,0.008124169973472872
2016-04-29,0.0489247239683277
2016-04-30,0.06094077030555467
2016-05-01,0.05578957316431388
2016-05-02,0.03550917427910827
2016-05-03,0.01219238546174184
2016-05-04,0.013113383159458092
2016-05-05,0.013584238210957
2016-05-06,-0.0010270636207824202
2016-05-07,-0.020488352340739646
2016-05-08,-0.01794290759987993
2016-05-09,-0.007644918166032411
2016-05-10,0.010764291746703014
2016-05-11,-4.77422414982831e-05
2016-05-12,-0.0024335534308674855
2016-05-13,-0.008907812087597722
2016-05-14,0.009745771359342958
2016-05-15,-0.00029933423513028856
2016-05-16,-0.006040849324114417
2016-05-17,-0.01288598360797244
2016-05-18,0.004235764612900761
2016-05-19,-0.01652381628158195
2016-05-20,-0.02254759218898228
2016-05-21,-0.0015773914214934903
2016-05-22,0.008287878669541726
2016-05-23,0.027858842984102017
2016-05-24,0.030327795774020005
2016-05-25,0.025366146484086416
2016-05-26,0.04486764507110386
2016-05-27,0.07833790604906166
2016-05-28,0.06874004932801148
2016-05-29,0.06246507750505792
2016-05-30,0.06259143570073977
2016-05-31,0.05979753222832662
2016-06-01,0.06625863623875206
2016-06-02,0.07043875683290501
2016-06-03,0.04709272842191914
2016-06-04,0.04160114525780911
2016-06-05,0.044237123266508416
2016-06-06,0.037873932132029386
2016-06-07,0.035511535026475194
2016-06-08,0.02539122943041172
2016-06-09,0.04418673197768408
2016-06-10,0.03331788131893432
2016-06-11,0.03223847834143889
2016-06-12,0.047447650598610336
2016-06-13,0.05587955772453057
2016-06-14,0.06649945954649272
2016-06-15,0.09988490735160216
2016-06-16,0.0893200631747324
2016-06-17,0.11928534825052606
2016-06-18,0.15300593041941024
2016-06-19,0.14098745666594437
2016-06-20,0.14955279960261847
2016-06-21,0.16328067792563594
2016-06-22,0.14333580574222515
2016-06-23,0.14482328206289052
2016-06-24,0.14510186837471495
2016-06-25,0.12390851223767374
2016-06-26,0.1325097505808368
2016-06-27,0.09822089124363731
2016-06-28,0.09156733352922664
2016-06-29,0.053295153120985095
2016-06-30,0.03804510104396974
2016-07-01,0.01728403542181023
2016-07-02,-0.022688795195607958
2016-07-03,-0.06096918495161496
2016-07-04,-0.059293618499817624
2016-07-05,-0.10200604267335267
2016-07-06,-0.1158957283814882
2016-07-07,-0.14452438120099953
2016-07-08,-0.1732698530564467
2016-07-09,-0.17433785904397947
2016-07-10,-0.1788113108540652
2016-07-11,-0.19527991954743928
2016-07-12,-0.1884307209375432
2016-07-13,-0.18472858458108232
2016-07-14,-0.17460689724566836
2016-07-15,-0.1705307294906283
2016-07-16,-0.15997054438846325
2016-07-17,-0.13304464287618445
2016-07-18,-0.12002169740871649
2016-07-19,-0.10261294801041587
2016-07-20,-0.08508133127851503
2016-07-21,-0.07965175480183384
2016-07-22,-0.05284710317376129
2016-07-23,-0.03856334543774931
2016-07-24,-0.044605253375846976
2016-07-25,-0.028770324432657257
2016-07-26,-0.016913430159960274
2016-07-27,-0.00532847016505722
2016-07-28,0.01925888756856997
2016-07-29,0.02098215848600482
2016-07-30,0.03125306016706819
2016-07-31,0.053152905734272116
2016-08-01,0.06227606775047878
2016-08-02,0.07603325569743369
2016-08-03,0.0859597447686673
2016-08-04,0.0875289204384897
2016-08-05,0.0812069262336601
2016-08-06,0.062086961227705295
2016-08-07,0.04718445236237079
2016-08-08,0.05431995000107759
2016-08-09,0.03195339456504165
2016-08-10,0.0455612212340768
2016-08-11,0.05382256860483614
2016-08-12,0.0648125420483241
2016-08-13,0.0742297831291372
2016-08-14,0.07613045733635038
2016-08-15,0.05427098899088145
2016-08-16,0.06857576852864344
2016-08-17,0.050618367044548584
2016-08-18,0.05071822317028829
2016-08-19,0.05500300498828059
2016-08-20,0.0487626817259994
2016-08-21,0.04076177021604677
2016-08-22,0.03903792757520641
2016-08-23,0.019859337607587957
2016-08-24,0.0189827239447522
2016-08-25,0.0041846872636053245
2016-08-26,0.004298167647646345
2016-08-27,0.0058480183931455265
2016-08-28,-0.004060148839029387
2016-08-29,0.0019413744587719606
2016-08-30,0.008521992690970093
2016-08-31,-0.00873282346734483
2016-09-01,-0.013671910112359575
2016-09-02,-0.023959559189183133
2016-09-03,-0.023920969811672466
2016-09-04,-0.01221529276321498
2016-09-05,-0.013349580727599064
2016-09-06,-0.01966444008982593
2016-09-07,-0.011041186459503471
2016-09-08,-0.012027324522713823
2016-09-09,-0.019296083253289686
2016-09-10,-0.022021071342060106
2016-09-11,-0.023648980985134127
2016-09-12,-0.025632717756739143
2016-09-13,-0.019818882560073914
2016-09-14,-0.01853795974254646
2016-09-15,-0.013167954115396396
2016-09-16,-0.006821753798691987
2016-09-17,0.017263526281731556
2016-09-18,0.02667150503492688
2016-09-19,0.01414021345384242
2016-09-20,0.019757189759604055
2016-09-21,0.027355370224415143
2016-09-22,0.02983970007451009
2016-09-23,0.03154069972407769
2016-09-24,0.017812887372757213
2016-09-25,0.006209057957283104
2016-09-26,0.025170197057991173
2016-09-27,0.02161973465820899
2016-09-28,0.026998399648505034
2016-09-29,0.03915710477872825
2016-09-30,0.06513884566731187
2016-10-01,0.06615541256030544
2016-10-02,0.07481922238687866
2016-10-03,0.09694459442681547
2016-10-04,0.12288875759592344
2016-10-05,0.1360438397077821
2016-10-06,0.16169168324244176
2016-10-07,0.14555293588664586
2016-10-08,0.15866706540188158
2016-10-09,0.17418960745374634
2016-10-10,0.14020939543189614
2016-10-11,0.1329197107236173
2016-10-12,0.12058518126841111
2016-10-13,0.09505225540097784
2016-10-14,0.09327526089297034
2016-10-15,0.0788113943976827
2016-10-16,0.06027099203396591
2016-10-17,0.06566661113321115
2016-10-18,0.052141337240964925
2016-10-19,0.012184466904704427
2016-10-20,0.013518959635548278
2016-10-21,0.020882357058931822
2016-10-22,0.028018596418321717
2016-10-23,0.015296153719606576
2016-10-24,0.009853929768383285
2016-10-25,0.007523972698727732
2016-10-26,0.029130544335094433
2016-10-27,0.0490829853417043
2016-10-28,0.0322552358306718
2016-10-29,0.024382399695572987
2016-10-30,0.04064245446666348
2016-10-31,0.04002920822326139
2016-11-01,0.046916202819601516
2016-11-02,0.059466601126408225
2016-11-03,0.03834149330026526
2016-11-04,0.04553143505307511
2016-11-05,0.05701375711829648
2016-11-06,0.05939617693227217
2016-11-07,0.07611764244459907
2016-11-08,0.11748968778066837
2016-11-09,0.10252840687262865
2016-11-10,0.09209971440620168
2016-11-11,0.08814276198148518
2016-11-12,0.08030515107057212
2016-11-13,0.0767128508561683
2016-11-14,0.06973676184477262
2016-11-15,0.026970046951515725
2016-11-16,0.003367508068013114
2016-11-17,0.010641751445399583
2016-11-18,0.022882944201852995
2016-11-19,0.03770502070111936
2016-11-20,0.04793181338538277
2016-11-21,0.04616196910152204
2016-11-22,0.04272252732955417
2016-11-23,0.08420080982495692
2016-11-24,0.11785372981154851
2016-11-25,0.12829113710255236
2016-11-26,0.13634028490423167
2016-11-27,0.12075947923407448
2016-11-28,0.12851709168903946
2016-11-29,0.1303749064395312
2016-11-30,0.12319703991916864
2016-12-01,0.08703647489640565
2016-12-02,0.09475369889030283
2016-12-03,0.09901559311022679
2016-12-04,0.11516477895349109
2016-12-05,0.10842710855862792
2016-12-06,0.1315020366464903
2016-12-07,0.15837406295673495
2016-12-08,0.15286971476234879
2016-12-09,0.12372509101354812
2016-12-10,0.0879129512420258
2016-12-11,0.07603309636485234
2016-12-12,0.07943574407195331
2016-12-13,0.052017386661529885
2016-12-14,-0.007569362257172196
2016-12-15,-0.029304224723724515
2016-12-16,-0.04274812801911032
2016-12-17,-0.04319955012313215
2016-12-18,-0.06449784786375257
2016-12-19,-0.06794601824939528
2016-12-20,-0.06871931789376451
2016-12-21,-0.021315489051479952
2016-12-22,-0.01636492013842694
2016-12-23,-0.02013043151324123
2016-12-24,-0.042735668111863134
2016-12-25,-0.055083480608060564
2016-12-26,-0.08943829662102543
2016-12-27,-0.1146905264205168
2016-12-28,-0.13356749790822853
2016-12-29,-0.11847429143472477
2016-12-30,-0.10161423770522537
2016-12-31,-0.08222134931362379
2017-01-01,-0.07719546649532771
2017-01-02,-0.034489187339454386
2017-01-03,-9.443682107745932e-05
2017-01-04,0.017423060440385996
2017-01-05,0.011438609702953295
2017-01-06,0.03090007077340462
2017-01-07,0.0487881689413423
2017-01-08,0.07418149655848594
2017-01-09,0.05588593884660287
2017-01-10,0.04633036934310475
2017-01-11,0.016754409286729777
2017-01-12,0.00577548148419238
2017-01-13,-0.014684354434182034
2017-01-14,-0.005538130382707895
2017-01-15,4.6399772068994594e-07
2017-01-16,0.00570699627729887
2017-01-17,0.005585402330988254
2017-01-18,0.015133786431473117
2017-01-19,0.034034494262851434
2017-01-20,0.04591604885140854
2017-01-21,0.05814777945109517
2017-01-22,0.033359654357617785
2017-01-23,0.029009549130743162
2017-01-24,0.035722035270509656
2017-01-25,0.05053279700062463
2017-01-26,0.04082700041895482
2017-01-27,0.023745241850666066
2017-01-28,-0.0004123350766849221
2017-01-29,0.03728530725772039
2017-01-30,0.032057896964906796
2017-01-31,0.03513140247464208
2017-02-01,0.058892045987049
2017-02-02,0.07076994754177646
2017-02-03,0.09600203501539695
2017-02-04,0.106175853198613
2017-02-05,0.11114125277797138
2017-02-06,0.11661816420919857
2017-02-07,0.12289405562131073
2017-02-08,0.07828889346493395
2017-02-09,0.08752903554286573
2017-02-10,0.06397446051569466
2017-02-11,0.055074822623245145
2017-02-12,0.03091417359655524
2017-02-13,0.02699978631505262
2017-02-14,0.004193579066542608
2017-02-15,-0.010941545680527631
2017-02-16,-0.029723204957121774
2017-02-17,-0.02672900554523583
2017-02-18,-0.030377745147760482
2017-02-19,-0.029313172588976144
2017-02-20,-0.022364614360741997
2017-02-21,-0.04467330693221072
2017-02-22,-0.027488581553688274
2017-02-23,-0.03205282220976102
2017-02-24,-0.015912668243140304
2017-02-25,-0.013507743421442231
2017-02-26,0.004312496840412905
2017-02-27,-0.002597222875366234
2017-02-28,0.03533624737946384
2017-03-01,0.019584151552218154
2017-03-02,0.03908602982343701
2017-03-03,0.03793611812283193
2017-03-04,0.039054210898674224
2017-03-05,0.03587798134980957
2017-03-06,0.04884979242919574
2017-03-07,0.06517878637683205
2017-03-08,0.08734943171027987
2017-03-09,0.07195262048919338
2017-03-10,0.06004870017997899
2017-03-11,0.06920656304927553
2017-03-12,0.05024129205446193
2017-03-13,0.05931807861830807
2017-03-14,0.05892412512004763
2017-03-15,0.049359170236690675
2017-03-16,0.039520237298314775
2017-03-17,0.020013121908426745
2017-03-18,0.0046806535068397714
2017-03-19,0.020074598996124626
2017-03-20,0.0005416516122300763
2017-03-21,-0.01852400020914058
2017-03-22,-0.011254691643510562
2017-03-23,-0.01602128605918096
2017-03-24,0.007462473421648852
2017-03-25,-0.01458960290397815
2017-03-26,-0.03594832146607785
2017-03-27,-0.05396363862467546
2017-03-28,-0.04650679190931517
2017-03-29,-0.053414150215416956
2017-03-30,-0.052181757702607356
2017-03-31,-0.08084549143502684
2017-04-01,-0.05702472930411817
2017-04-02,-0.045833930970674897
2017-04-03,-0.018313239331624764
2017-04-04,-0.03642796496655887
2017-04-05,-0.029312028814241664
2017-04-06,-0.020877165558871535
2017-04-07,-0.0002801146544684219
2017-04-08,-0.024837758328324355
2017-04-09,-0.015908792300680874
2017-04-10,-0.015734922012536123
2017-04-11,-0.0056086472349076155
2017-04-12,-0.005747746496456152
2017-04-13,-0.0231248585089755
2017-04-14,-0.012121754102459303
2017-04-15,0.024997695793898878
2017-04-16,0.022401102802235062
2017-04-17,-0.005304228879436379
2017-04-18,-0.0017469840806700887
2017-04-19,0.0021502644989774833
2017-04-20,0.03500422395792002
2017-04-21,0.049091607340624455
2017-04-22,0.03437130865206117
2017-04-23,0.0158250413368779
2017-04-24,0.03828775756159297
2017-04-25,0.0309226767281654
2017-04-26,0.03895080645144278
2017-04-27,0.02763598997020389
2017-04-28,0.022632756265178466
2017-04-29,0.05144039317529847
2017-04-30,0.07843414748279987
2017-05-01,0.07257365048007824
2017-05-02,0.09518702570557558
2017-05-03,0.09937229807706993
2017-05-04,0.12998661474061501
2017-05-05,0.09609344715745016
2017-05-06,0.12010437901254423
2017-05-07,0.15432909486184232
2017-05-08,0.20523133407000205
2017-05-09,0.19804628759018028
2017-05-10,0.1881461346770068
2017-05-11,0.1352876478389775
2017-05-12,0.15265084477745883
2017-05-13,0.12403917080729454
2017-05-14,0.1451219919434732
2017-05-15,0.1250330104980042
2017-05-16,0.08643546839147187
2017-05-17,0.08408606479989689
2017-05-18,0.10630712744726911
2017-05-19,0.0873754084930849
2017-05-20,0.08169403106177975
2017-05-21,0.04163330004973376
2017-05-22,0.022108350925891918
2017-05-23,0.08021646222797707
2017-05-24,0.06257975827577322
2017-05-25,0.09466446022756458
2017-05-26,0.08771421084547071
2017-05-27,0.08261766780232782
2017-05-28,0.05874590638858712
2017-05-29,0.05608232856999962
2017-05-30,0.04247539341663842
2017-05-31,0.07320761327447811
2017-06-01,0.05636594914273729
2017-06-02,0.05475494221655364
2017-06-03,0.032935564811679585
2017-06-04,0.02276304824785047
2017-06-05,0.049636533116151904
2017-06-06,0.035418228919393835
2017-06-07,0.03890498264015774
2017-06-08,0.023875488590760385
2017-06-09,0.019965092230457726
2017-06-10,0.005669377361665839
2017-06-11,0.002940684890803791
2017-06-12,-0.04462758527318955
2017-06-13,-0.05784062242606991
2017-06-14,-0.09771008931580183
2017-06-15,-0.10351235165311234
2017-06-16,-0.11616517095755263
2017-06-17,-0.13212737640285044
2017-06-18,-0.1376751757836996
2017-06-19,-0.1323394400236224
2017-06-20,-0.1387340876376123
2017-06-21,-0.1361181647456179
2017-06-22,-0.1328348177507921
2017-06-23,-0.13443138848622738
2017-06-24,-0.11894302149578251
2017-06-25,-0.1358592719805648
2017-06-26,-0.13295228356077893
2017-06-27,-0.1501832725208112
2017-06-28,-0.1496461940307684
2017-06-29,-0.1756144245470337
2017-06-30,-0.14593164140726012
2017-07-01,-0.1359908603340162
2017-07-02,-0.11570758527773162
2017-07-03,-0.11707960597214329
2017-07-04,-0.09068959310618885
2017-07-05,-0.10430736228270077
2017-07-06,-0.09704695981664235
2017-07-07,-0.08771388919600454
2017-07-08,-0.08098812221436602
2017-07-09,-0.09316309010161328
2017-07-10,-0.06804513615801511
2017-07-11,-0.059013903009368485
2017-07-12,-0.027773831909209235
2017-07-13,-0.013407395610583905
2017-07-14,-0.029330940587556475
2017-07-15,-0.012028718139706518
2017-07-16,0.005553784035614351
2017-07-17,-0.0012603320470099266
2017-07-18,0.00988330532434789
2017-07-19,0.027631522728868596
2017-07-20,0.020097490656288963
2017-07-21,0.044302877846160715
2017-07-22,0.03107289402641511
2017-07-23,0.022673871880518393
2017-07-24,0.015006403492282328
2017-07-25,0.010656130501122796
2017-07-26,-0.0016546266054975334
2017-07-27,0.0002238713118813962
2017-07-28,-0.014226594968819728
2017-07-29,-0.003010086142249402
2017-07-30,-0.01726777121114409
2017-07-31,-0.02215998151316123
2017-08-01,-0.08750109375593318
2017-08-02,-0.11244558661561854
2017-08-03,-0.11230000632917725
2017-08-04,-0.11424497997075622
2017-08-05,-0.12167603383795389
2017-08-06,-0.11347569538124658
2017-08-07,-0.125951395386818
2017-08-08,-0.05475970352727344
2017-08-09,-0.02621267166557406
2017-08-10,-0.019833882079835385
2017-08-11,-0.00721384711345785
2017-08-12,0.015728517119441898
2017-08-13,0.054213044964355195
2017-08-14,0.0811675382032444
2017-08-15,0.10046052446576792
2017-08-16,0.09103238821960136
2017-08-17,0.13519885872781168
2017-08-18,0.1340863489917834
2017-08-19,0.1298129502769716
2017-08-20,0.10321299346569668
2017-08-21,0.1456743300348171
2017-08-22,0.0976190853927299
2017-08-23,0.1559277050902046
2017-08-24,0.08667956126357623
2017-08-25,0.04699579690084743
2017-08-26,0.03193635866108413
2017-08-27,0.06910961624709788
2017-08-28,-0.00013991485749897947
2017-08-29,0.03240677667964076
2017-08-30,-0.006480573250074562
2017-08-31,0.029993040655853287
2017-09-01,0.0646610051983838
2017-09-02,0.04467425144648285
2017-09-03,0.011208149453598049
2017-09-04,0.024061911169870553
2017-09-05,0.025440699517156773
2017-09-06,-0.004184532757000481
2017-09-07,-0.008022282984340934
2017-09-08,-0.003738564289943458
2017-09-09,5.936253618643583e-05
2017-09-10,0.005414730237665921
2017-09-11,0.06324007175031432
2017-09-12,0.014845607146538375
2017-09-13,0.07094721122851766
2017-09-14,0.1082498615614702
2017-09-15,0.13413961716427747
2017-09-16,0.10528102907714998
2017-09-17,0.10685442198345685
2017-09-18,0.032657577241944624
2017-09-19,0.058321858874908816
2017-09-20,-0.013912494250104546
2017-09-21,-0.06791120362203351
2017-09-22,-0.11632316054700609
2017-09-23,-0.10354179137763064
2017-09-24,-0.13114974362892007
2017-09-25,-0.13226150407605852
2017-09-26,-0.13954729521226894
2017-09-27,-0.12100623465842097
2017-09-28,-0.11588062231425933
2017-09-29,-0.08563826266323982
2017-09-30,-0.06885438957237644
2017-10-01,-0.047488893586680514
2017-10-02,-0.0020464780025608587
2017-10-03,0.021115435266676474
2017-10-04,0.009593858701977043
2017-10-05,0.0016901205012747056
2017-10-06,0.012756514130315866
2017-10-07,0.015201597472931372
2017-10-08,0.04091728809762163
2017-10-09,0.022248360140961543
2017-10-10,0.0507729743693055
2017-10-11,0.09687833450632288
2017-10-12,0.15227913443095664
2017-10-13,0.17202603887413348
2017-10-14,0.21431779475951185
2017-10-15,0.2488588908529934
2017-10-16,0.2761577046958976
2017-10-17,0.2667547639279295
2017-10-18,0.2574621579194929
2017-10-19,0.2590007715480911
2017-10-20,0.24969378281594978
2017-10-21,0.22768739633390989
2017-10-22,0.22015523102344625
2017-10-23,0.2118041215365407
2017-10-24,0.2411515781616016
2017-10-25,0.2692379961336613
2017-10-26,0.21471504625978688
2017-10-27,0.1698226310692008
2017-10-28,0.10639648925015455
2017-10-29,0.09580874714709986
2017-10-30,0.08960811981661765
2017-10-31,0.03658796341071957
2017-11-01,0.033421402969790126
2017-11-02,0.06805815394514991
2017-11-03,0.06997343490241215
2017-11-04,0.08751507706945261
2017-11-05,0.059025625206434285
2017-11-06,0.03899569498807276
2017-11-07,0.0512191875041601
2017-11-08,0.011750547862488192
2017-11-09,0.011343515669844484
2017-11-10,0.00596099550191731
2017-11-11,-0.056096284684897246
2017-11-12,-0.09375650260447443
2017-11-13,-0.09118704629961072
2017-11-14,-0.1250855838208933
2017-11-15,-0.08469634506090151
2017-11-16,-0.06464058841959275
2017-11-17,0.008912690396503553
2017-11-18,0.06969759184453417
2017-11-19,0.12245366013988912
2017-11-20,0.16185681967235133
2017-11-21,0.18248265663083885
2017-11-22,0.13011241588333244
2017-11-23,0.11131333370059848
2017-11-24,0.0549106058588027
2017-11-25,0.08755608372821655
2017-11-26,0.10386889745979011
2017-11-27,0.09485988797897837
2017-11-28,0.12083168969492775
2017-11-29,0.15892237591016567
2017-11-30,0.1848837986339853
2017-12-01,0.267015760539439
2017-12-02,0.3157666901207632
2017-12-03,0.3085107175718358
2017-12-04,0.3534697479531097
2017-12-05,0.3531112782856458
2017-12-06,0.38123597030852063
2017-12-07,0.3340698878775814
2017-12-08,0.27540479689240405
2017-12-09,0.2515786699097615
2017-12-10,0.24688056678960146
2017-12-11,0.21728422299801076
2017-12-12,0.22481008065710384
2017-12-13,0.21950799696938894
2017-12-14,0.26653963567946115
2017-12-15,0.25901401751857533
2017-12-16,0.2459748911780133
2017-12-17,0.24820820797302812
2017-12-18,0.24630298722580912
2017-12-19,0.19246822050520396
2017-12-20,0.13758330208349379
2017-12-21,0.06626893498658992
2017-12-22,0.05541215861929505
2017-12-23,0.022800220851122877
2017-12-24,-0.009657782255573899
2017-12-25,-0.06728270533398772
2017-12-26,-0.0969733078130256
2017-12-27,-0.09424674166296432
2017-12-28,-0.0951104963665591
2017-12-29,-0.1254234463323204
2017-12-30,-0.12849513199411688
2017-12-31,-0.1314492051944619
2018-01-01,-0.11515766724516197
2018-01-02,-0.08968274330593073
2018-01-03,-0.10134769052069659
2018-01-04,-0.07702048563568753
2018-01-05,-0.07432601741537881
2018-01-06,-0.0658229577014956
2018-01-07,-0.05635228784902435
2018-01-08,-0.02766466506356524
2018-01-09,0.0017598021089295646
2018-01-10,0.03714558497752196
2018-01-11,0.04240992424127299
2018-01-12,0.07505974209022148
2018-01-13,0.06635790045651957
2018-01-14,0.0916457242471862
2018-01-15,0.08341099350969938
2018-01-16,0.060607243260073496
2018-01-17,0.055390179452829535
2018-01-18,0.03357976889628067
2018-01-19,0.011382266478284997
2018-01-20,0.018164537625234844
2018-01-21,0.008084378485382127
2018-01-22,-0.024984416007898802
2018-01-23,-0.05169834631088088
2018-01-24,-0.10202368648130833
2018-01-25,-0.12699095116340486
2018-01-26,-0.17364282593249925
2018-01-27,-0.19939156689330295
2018-01-28,-0.24538678773723466
2018-01-29,-0.26681734463690987
2018-01-30,-0.2737838402202064
2018-01-31,-0.3045513442483724
2018-02-01,-0.31163445919225374
2018-02-02,-0.28583886526284075
2018-02-03,-0.2912164111873171
2018-02-04,-0.2781310870791599
2018-02-05,-0.2463016582453591
2018-02-06,-0.2208490460111957
2018-02-07,-0.18299361716600615
2018-02-08,-0.18215311315622373
2018-02-09,-0.19684662554283405
2018-02-10,-0.1949927505139024
2018-02-11,-0.18029828003437665
2018-02-12,-0.1670556097035112
2018-02-13,-0.17067678662520913
2018-02-14,-0.12550800669167306
2018-02-15,-0.08887458576782492
2018-02-16,-0.0743134277145181
2018-02-17,-0.03655076044792216
2018-02-18,-0.024285220056893153
2018-02-19,-0.02512675520854979
2018-02-20,-0.0030232736890442036
2018-02-21,-0.044780006979242226
2018-02-22,-0.06594965751489812
2018-02-23,-0.04548700444392473
2018-02-24,-0.04943222838631367
2018-02-25,-0.1071811146866195
2018-02-26,-0.16380532874758158
2018-02-27,-0.18377714582504878
2018-02-28,-0.15261966243388003
2018-03-01,-0.12208683355653338
2018-03-02,-0.12462323650127749
2018-03-03,-0.10037576980560026
2018-03-04,-0.05506344995513224
2018-03-05,0.0012875797896052532
2018-03-06,0.0013315609139008533
2018-03-07,0.013183770991140653
2018-03-08,0.029979918431283226
2018-03-09,0.04760443445772711
2018-03-10,0.042991171441931986
2018-03-11,0.069300774127524
2018-03-12,0.09481438830096467
2018-03-13,0.12883854491143976
2018-03-14,0.07974947140810484
2018-03-15,0.02955200771253197
2018-03-16,-0.0129767161743497
2018-03-17,-0.04351150259907932
2018-03-18,-0.08062481899903406
2018-03-19,-0.13532895501630093
2018-03-20,-0.1933456201725695
2018-03-21,-0.21086530512939217
2018-03-22,-0.21677189986173062
2018-03-23,-0.24486658576366604
2018-03-24,-0.2683896536996411
2018-03-25,-0.30796408934077746
2018-03-26,-0.3223662742008101
2018-03-27,-0.3293761472021769
2018-03-28,-0.3450196220085059
2018-03-29,-0.3640307772108059
2018-03-30,-0.3604071225500317
2018-03-31,-0.37862335061475483
2018-04-01,-0.38124373470044015
2018-04-02,-0.38867831619595583
2018-04-03,-0.3532567527669557
2018-04-04,-0.3128391430617301
2018-04-05,-0.27973716743455157
2018-04-06,-0.21176547031439252
2018-04-07,-0.1444855609872312
2018-04-08,-0.09464399133178603
2018-04-09,-0.03710239846979657
2018-04-10,-0.043962051285964754
2018-04-11,-0.045886047210657144
2018-04-12,-0.03262858069735386
2018-04-13,-0.04963403197655092
2018-04-14,-0.028837515523012835
2018-04-15,0.017116908113157248
2018-04-16,0.05747831904767908
2018-04-17,0.07637003837809253
2018-04-18,0.09739430529418058
2018-04-19,0.1198382206244013
2018-04-20,0.13869834859605734
2018-04-21,0.1781283915154117
2018-04-22,0.1858251479457178
2018-04-23,0.16248325536876873
2018-04-24,0.19969103832553503
2018-04-25,0.23631348089606807
2018-04-26,0.2174053496494046
2018-04-27,0.2170607728099374
2018-04-28,0.20768095491130678
2018-04-29,0.2005410070452922
2018-04-30,0.2094633283984464
2018-05-01,0.18074522287699568
2018-05-02,0.15418303725238114
2018-05-03,0.15292309876576526
2018-05-04,0.15989328466831565
2018-05-05,0.12280816838314368
2018-05-06,0.06864942283812892
2018-05-07,0.06209287722584467
2018-05-08,0.05727095425508333
2018-05-09,0.03404428651502189
2018-05-10,0.021975294220716535
2018-05-11,0.007131542060020424
2018-05-12,0.016495420892427504
2018-05-13,0.027613402985808833
2018-05-14,-0.016221868407561013
2018-05-15,-0.043260056273746184
2018-05-16,-0.04826541261263495
2018-05-17,-0.050349265779522256
2018-05-18,-0.05050157510023412
2018-05-19,-0.07355226627957334
2018-05-20,-0.0751816578033162
2018-05-21,-0.04843512316213905
2018-05-22,-0.05909467584093342
2018-05-23,-0.051427399045552935
2018-05-24,-0.06918880430192442
2018-05-25,-0.10133226774509918
2018-05-26,-0.11006127721483128
2018-05-27,-0.12100018045846239
2018-05-28,-0.1347442101009888
2018-05-29,-0.11718646189096105
2018-05-30,-0.1188826318485845
2018-05-31,-0.11837601276738641
2018-06-01,-0.09423238729773387
2018-06-02,-0.0716033112122223
2018-06-03,-0.046122785305234615
2018-06-04,-0.014429004570472137
2018-06-05,-0.0009251307079178872
2018-06-06,0.009701060378994208
2018-06-07,0.02426539404111261
2018-06-08,0.031945444646503285
2018-06-09,0.026892359909309826
2018-06-10,0.029720352728736632
2018-06-11,0.014846790162385659
2018-06-12,0.005612768551441993
2018-06-13,0.021964662236425347
2018-06-14,0.030941866045210986
2018-06-15,0.03812962354885707
2018-06-16,0.03412279660311146
2018-06-17,0.01912490383930443
2018-06-18,0.011553662799936415
2018-06-19,0.015745279298923887
2018-06-20,-0.017769614058864014
2018-06-21,-0.04109943310869246
2018-06-22,-0.0564735781892165
2018-06-23,-0.06678852731288865
2018-06-24,-0.08673040136859145
2018-06-25,-0.08844346956946558
2018-06-26,-0.10258902179202278
2018-06-27,-0.1029271061897229
2018-06-28,-0.09567248754771995
2018-06-29,-0.09621507373040461
2018-06-30,-0.07629859332623101
2018-07-01,-0.044602802347591064
2018-07-02,-0.038446037969901536
2018-07-03,-0.029074160819290595
2018-07-04,-0.012320433810973141
2018-07-05,-0.009963006293621457
2018-07-06,0.016376275147076624
2018-07-07,0.01673244769043225
2018-07-08,0.0221529510499634
2018-07-09,0.027629977888719903
2018-07-10,0.0488066090335888
2018-07-11,0.0561687796746293
2018-07-12,0.162888249362527
2018-07-13,0.2242384453578603
2018-07-14,0.3037027264168466
2018-07-15,0.2952514657261671
2018-07-16,0.28716083183665275
2018-07-17,0.29151203710804663
2018-07-18,0.3333246827724843
2018-07-19,0.26441342818314983
2018-07-20,0.16696409463603512
2018-07-21,0.08335326995481362
2018-07-22,0.06403297326928836
2018-07-23,0.08319488376603723
2018-07-24,0.0852309280400505
2018-07-25,0.08914026972485778
2018-07-26,0.07467793958404778
2018-07-27,0.11570346700624934
2018-07-28,0.12783521987339141
2018-07-29,0.13746248558418173
2018-07-30,0.11708607028236484
2018-07-31,0.10816773135613711
2018-08-01,-0.006535862858575325
2018-08-02,-0.06746038341353466
2018-08-03,-0.1346250548490059
2018-08-04,-0.14180168208483113
2018-08-05,-0.1322514062438589
2018-08-06,-0.13248043150283728
2018-08-07,-0.1549361756207549
2018-08-08,-0.11365163166274284
2018-08-09,-0.06086730873377966
2018-08-10,-0.00214046364213738
2018-08-11,0.00594021696365421
2018-08-12,-0.027087557910001503
2018-08-13,-0.04330517264337519
2018-08-14,-0.05562130204054805
2018-08-15,-0.0493677836345382
2018-08-16,-0.06524120034232384
2018-08-17,-0.07845140117717553
2018-08-18,-0.08889417357192153
2018-08-19,-0.06579650529477088
2018-08-20,-0.05720059686345058
2018-08-21,-0.057370762628804806
2018-08-22,-0.06572247891922411
2018-08-23,-0.0712961878058107
2018-08-24,-0.07148781668217918
2018-08-25,-0.06324514683701432
2018-08-26,-0.06980317886564547
2018-08-27,-0.06394078402902992
2018-08-28,-0.03499416226501839
2018-08-29,-0.02691326918969461
2018-08-30,-0.008129539655740037
2018-08-31,0.0001448744752929887
2018-09-01,0.007996806111147503
2018-09-02,0.016547287570968683
2018-09-03,0.01625992126864939
2018-09-04,0.0008451606712909232
2018-09-05,0.0018107625545455974
2018-09-06,0.013888215268992754
2018-09-07,0.028898002808093848
2018-09-08,0.015712836993882595
2018-09-09,0.015446747488585988
2018-09-10,0.03195370961955235
2018-09-11,0.04770563247234172
2018-09-12,0.04506014710912676
2018-09-13,0.036005979534617705
2018-09-14,0.00746245810658519
2018-09-15,0.013306449647913166
2018-09-16,-0.005634236356649502
2018-09-17,-0.019050311821142585
2018-09-18,-0.029287728429554516
2018-09-19,-0.033564208218296865
2018-09-20,-0.03307171774950446
2018-09-21,-0.01480301454941968
2018-09-22,-0.012332900101754474
2018-09-23,0.008315223741091282
2018-09-24,0.012558351639499143
2018-09-25,0.016171890753478246
2018-09-26,0.004626817574159725
2018-09-27,-0.0031494078239162615
2018-09-28,-0.00870055150948057
2018-09-29,-0.013579956336571608
2018-09-30,-0.008078777753354527
2018-10-01,0.0003328083074856103
2018-10-02,0.022553331867165127
2018-10-03,0.05236081351528998
2018-10-04,0.07195269474421417
2018-10-05,0.07240128010818725
2018-10-06,0.0907488206617395
2018-10-07,0.10228302559177593
2018-10-08,0.09932135480865756
2018-10-09,0.07710442366357606
2018-10-10,0.05952255314770061
2018-10-11,0.046427919558573505
2018-10-12,0.04663148964501862
2018-10-13,0.034164564545078324
2018-10-14,0.02082817188557362
2018-10-15,0.030779542628343703
2018-10-16,0.04491787872516495
2018-10-17,0.05074319957426754
2018-10-18,0.05361103900424413
2018-10-19,0.05424777996240504
2018-10-20,0.052911839442641107
2018-10-21,0.045865495251686594
2018-10-22,0.03351822882882516
2018-10-23,0.01926464926603777
2018-10-24,0.009324459281027098
2018-10-25,0.00698572830618005
2018-10-26,0.0003725465032562436
2018-10-27,-0.0172120804571827
2018-10-28,-0.010142024498355107
2018-10-29,0.009498705127978901
2018-10-30,0.024386035089130065
2018-10-31,0.02976457491861284
2018-11-01,0.035991810722806994
2018-11-02,0.056655136528606764
2018-11-03,0.08865098487294776
2018-11-04,0.08882685035955484
2018-11-05,0.07599213366282398
2018-11-06,0.06790179060295509
2018-11-07,0.07509383087694599
2018-11-08,0.07874449351473878
2018-11-09,0.05970114497959211
2018-11-10,0.04238406977919951
2018-11-11,0.04117624009009391
2018-11-12,0.03351308676484743
2018-11-13,0.032041664484103505
2018-11-14,0.03603726773907234
2018-11-15,0.038900492200780956
2018-11-16,0.04414198604814734
2018-11-17,0.04255793017955112
2018-11-18,0.026213107372023092
2018-11-19,0.021083137943518793
2018-11-20,0.03129820922281512
2018-11-21,0.002386695562859087
2018-11-22,-0.027497109429410305
2018-11-23,-0.05558551234056752
2018-11-24,-0.0702290297332312
2018-11-25,-0.06703031860587061
2018-11-26,-0.07482768173529775
2018-11-27,-0.10036219998850027
2018-11-28,-0.10391860751581139
2018-11-29,-0.100699353092634
2018-11-30,-0.10114518053917965
2018-12-01,-0.09306735370769759
2018-12-02,-0.1004232607015032
2018-12-03,-0.10432555575905644
2018-12-04,-0.1008795986248292
2018-12-05,-0.10800618825468578
2018-12-06,-0.10096063992823234
2018-12-07,-0.08639350334902929
2018-12-08,-0.09072922743957124
2018-12-09,-0.08716285344973151
2018-12-10,-0.1006038255197772
2018-12-11,-0.09361961696451182
2018-12-12,-0.07577533858708663
2018-12-13,-0.06340240255016605
2018-12-14,-0.052871757358794014
2018-12-15,-0.04262517094531881
2018-12-16,-0.02935794987307372
2018-12-17,0.016100349981619244
2018-12-18,0.024802939839844385
2018-12-19,0.053974490726777846
2018-12-20,0.06656689747598832
2018-12-21,0.05517886511470871
2018-12-22,0.059572284833592004
2018-12-23,0.07084757042992207
2018-12-24,0.03428907994418928
2018-12-25,-0.00020945096496183258
2018-12-26,-0.048985056187783704
2018-12-27,-0.0715292010442764
2018-12-28,-0.06389375454797552
2018-12-29,-0.06167272286850367
2018-12-30,-0.06827834553615175
2018-12-31,-0.062344299431089434
2019-01-01,-0.08173955268200395
2019-01-02,-0.06921013154653266
2019-01-03,-0.079986924961301
2019-01-04,-0.10569932319756414
2019-01-05,-0.12361366975607213
2019-01-06,-0.1437834525876035
2019-01-07,-0.13739379987591394
2019-01-08,-0.11142851969888512
2019-01-09,-0.10627434131441482
2019-01-10,-0.08937408500811983
2019-01-11,-0.07195858487084361
2019-01-12,-0.06873929396643008
2019-01-13,-0.05070724219801015
2019-01-14,-0.015782904788792962
2019-01-15,0.02443817845835916
2019-01-16,0.042137989392405206
2019-01-17,0.03850762201760882
2019-01-18,0.03439010647564
2019-01-19,0.03483225262554823
2019-01-20,0.04972366042753551
2019-01-21,0.06497591709674166
2019-01-22,0.04877357974877916
2019-01-23,0.06023142154720729
2019-01-24,0.07979246711812649
2019-01-25,0.09724734588199935
2019-01-26,0.11934432814246576
2019-01-27,0.09960601501642508
2019-01-28,0.05812705280374031
2019-01-29,0.05729913324026059
2019-01-30,0.02824879985848394
2019-01-31,0.02159065537799787
2019-02-01,0.03046177111440551
2019-02-02,0.02984681822619395
2019-02-03,0.03741846985307684
2019-02-04,0.03260435126236927
2019-02-05,0.02902278580368245
2019-02-06,0.05723445590170062
2019-02-07,0.058416084822795034
2019-02-08,0.061513525720175766
2019-02-09,0.056327844521792514
2019-02-10,0.05096490982561552
2019-02-11,0.0743090173140517
2019-02-12,0.10921913183693888
2019-02-13,0.12219326476955827
2019-02-14,0.11492271817511468
2019-02-15,0.08153789784963239
2019-02-16,0.09579529707694245
2019-02-17,0.09176574965731632
2019-02-18,0.0828637756705326
2019-02-19,0.07508331253090716
2019-02-20,0.05590514936848168
2019-02-21,0.05332467921326356
2019-02-22,0.08971463342906083
2019-02-23,0.07529240058145192
2019-02-24,0.091488302003357
2019-02-25,0.08200848395209492
2019-02-26,0.05991345821002003
2019-02-27,0.0548871079311366
2019-02-28,0.05818907245274829
2019-03-01,0.05226701200482231
2019-03-02,0.07236584588096928
2019-03-03,0.050908055361116755
2019-03-04,0.01325199982376657
2019-03-05,-0.00298724147373719
2019-03-06,0.015721686952148595
2019-03-07,0.0316907196016778
2019-03-08,0.01991873357476881
2019-03-09,0.007674231270158538
2019-03-10,0.0020100502512563345
2019-03-11,0.041797993763397434
2019-03-12,0.056712096351565044
2019-03-13,0.04496391017643919
2019-03-14,0.028922022393860436
2019-03-15,0.03831746817205017
2019-03-16,0.030231000823264242
2019-03-17,0.03715813951671265
2019-03-18,0.03239079662469213
2019-03-19,0.04697133347245597
2019-03-20,0.041555149586908646
2019-03-21,0.037859764719355704
2019-03-22,0.025163543443779357
2019-03-23,0.021912710750757736
2019-03-24,0.02383996024495616
2019-03-25,0.023207213980458885
2019-03-26,-0.0030988394045188272
2019-03-27,0.007244418951687592
2019-03-28,0.02259411936029987
2019-03-29,0.03791904913460553
2019-03-30,0.0671768789756193
2019-03-31,0.06564026402290657
2019-04-01,0.061772731150375515
2019-04-02,0.10967046245774026
2019-04-03,0.11278135565167613
2019-04-04,0.11904006601361727
2019-04-05,0.1415210283671262
2019-04-06,0.13599025481091287
2019-04-07,0.14321094124914402
2019-04-08,0.14896757314847875
2019-04-09,0.12084061993198314
2019-04-10,0.11264863766829314
2019-04-11,0.11325111347226269
2019-04-12,0.09681478715694669
2019-04-13,0.07498144831396725
2019-04-14,0.0692413911420664
2019-04-15,0.08361064574276322
2019-04-16,0.0721831973326259
2019-04-17,0.05232417393555511
2019-04-18,0.02905632298888783
2019-04-19,0.011772065571392432
2019-04-20,0.016928469324256845
2019-04-21,0.040143382070046085
2019-04-22,-0.025240833051236033
2019-04-23,-0.049382374529964634
2019-04-24,-0.03141041666549094
2019-04-25,-0.05087987518926751
2019-04-26,-0.05371526532398774
2019-04-27,-0.06681839005446744
2019-04-28,-0.09762227031801973
2019-04-29,-0.051738552462660015
2019-04-30,-0.015233161225151837
2019-05-01,-0.03803155953142223
2019-05-02,-0.010506376182405464
2019-05-03,0.011921081947074974
2019-05-04,0.02643944835666745
2019-05-05,0.031195361979393876
2019-05-06,0.027561210945726833
2019-05-07,0.018518022052886662
2019-05-08,0.0473440778533023
2019-05-09,0.05054645924082135
2019-05-10,0.027672825393771916
2019-05-11,0.032116326039257403
2019-05-12,0.09945625244645018
2019-05-13,0.1331266029972311
2019-05-14,0.13188504309524451
2019-05-15,0.13713064628806748
2019-05-16,0.15296682982230436
2019-05-17,0.19425891350262048
2019-05-18,0.2317301682677806
2019-05-19,0.18121491184390637
2019-05-20,0.145691029122184
2019-05-21,0.16802806132447712
2019-05-22,0.15877915947904508
2019-05-23,0.1416335195418985
2019-05-24,0.12279633218783292
2019-05-25,0.09081036907731344
2019-05-26,0.07966493516150286
2019-05-27,0.10495417311484245
2019-05-28,0.1021909677227304
2019-05-29,0.09893885433115868
2019-05-30,0.1069367543253057
2019-05-31,0.06624870076037759
2019-06-01,0.05158178487410203
2019-06-02,0.036844323441596716
2019-06-03,-0.014040490420277885
2019-06-04,-0.028094122444137004
2019-06-05,-0.04081721210790923
2019-06-06,-0.06608711216038854
2019-06-07,-0.06359486398091274
2019-06-08,-0.08798259954435728
2019-06-09,-0.10082081456822656
2019-06-10,-0.08663264927933423
2019-06-11,-0.09726602670400297
2019-06-12,-0.1028302675078201
2019-06-13,-0.08269222182172498
2019-06-14,-0.029764276326617822
2019-06-15,0.025317890779710472
2019-06-16,0.03812253278396627
2019-06-17,0.025412306818148434
2019-06-18,0.040893556498230454
2019-06-19,0.05544843895141249
2019-06-20,0.06021360999849845
2019-06-21,0.0022603040389359563
2019-06-22,-0.0053040565471975665
2019-06-23,0.05476554187606175
2019-06-24,0.09277722538970834
2019-06-25,0.09025896206752826
2019-06-26,0.12100982215336353
2019-06-27,0.1147258022953459
2019-06-28,0.18938839300199195
2019-06-29,0.2162283558539959
2019-06-30,0.16012256717697926
2019-07-01,0.15005818898984358
2019-07-02,0.1633274360078849
2019-07-03,0.12005196514729621
2019-07-04,0.07272943110185515
2019-07-05,-0.0020285338133749775
2019-07-06,-0.051734817133737176
2019-07-07,-0.062662558081934
2019-07-08,-0.08061975477457828
2019-07-09,-0.10915597651450293
2019-07-10,-0.11476323174825787
2019-07-11,-0.09334980245893898
2019-07-12,-0.07606561515056409
2019-07-13,-0.11000816035072669
2019-07-14,-0.13619294317272979
2019-07-15,-0.14290043654895446
2019-07-16,-0.16642325917028455
2019-07-17,-0.18393516169536284
2019-07-18,-0.21056075834584298
2019-07-19,-0.23674407686541676
2019-07-20,-0.20003488271514203
2019-07-21,-0.19088534487655895
2019-07-22,-0.19674190055155527
2019-07-23,-0.18999665370839336
2019-07-24,-0.18429870503491297
2019-07-25,-0.15148438505822703
2019-07-26,-0.12284153623849081
2019-07-27,-0.13611426327601794
2019-07-28,-0.1376689451019888
2019-07-29,-0.12196305584394695
2019-07-30,-0.10024532753095061
2019-07-31,-0.08164970563482954
2019-08-01,-0.09946475043038161
2019-08-02,-0.09162454931201791
2019-08-03,-0.08220954193012531
2019-08-04,-0.05967791733768002
2019-08-05,-0.040412706151203626
2019-08-06,-0.00779417415811634
2019-08-07,0.005646691984438679
2019-08-08,0.0510708503837094
2019-08-09,0.03278491894910052
2019-08-10,0.0405266715011916
2019-08-11,0.0440472396452285
2019-08-12,0.029107363443203083
2019-08-13,0.03697222533605293
2019-08-14,0.019312020212230996
2019-08-15,-0.005132911243477367
2019-08-16,0.010809686015776698
2019-08-17,0.004723655691482698
2019-08-18,-0.001939960925993689
2019-08-19,0.002922203994774719
2019-08-20,-0.034285050081467094
2019-08-21,-0.029141796268779108
2019-08-22,-0.010396311678738335
2019-08-23,0.0013410307635370877
2019-08-24,0.01666181863056182
2019-08-25,-0.00015842238172436574
2019-08-26,-0.013219564886493007
2019-08-27,-0.02371117357236341
2019-08-28,-0.04575664830255122
2019-08-29,-0.058307045275720504
2019-08-30,-0.06776835555042426
2019-08-31,-0.07972228568283124
2019-09-01,-0.043255766652505634
2019-09-02,-0.050676126342000805
2019-09-03,-0.02723294483951877
2019-09-04,0.0010133649998000926
2019-09-05,0.012734964509470315
2019-09-06,0.03397711268704362
2019-09-07,0.039123257910397724
2019-09-08,0.027521203261237748
2019-09-09,0.06289283031591841
2019-09-10,0.06246555848565016
2019-09-11,0.04778735694407055
2019-09-12,0.02989764881802004
2019-09-13,-0.0017876274191936936
2019-09-14,0.009039804299577181
2019-09-15,-0.0013886629587368526
2019-09-16,0.004542884086456311
2019-09-17,0.011134383972786877
2019-09-18,0.04250523584701238
2019-09-19,0.05197691017795103
2019-09-20,0.06665772941717285
2019-09-21,0.05381965740277206
2019-09-22,0.06586533157078467
2019-09-23,0.040255814397129
2019-09-24,0.04385017217912823
2019-09-25,0.031635242505017036
2019-09-26,0.022245073243200242
2019-09-27,0.013761657565158236
2019-09-28,0.01037872057309297
2019-09-29,-0.0048494340966941385
2019-09-30,-0.003165250603867853
2019-10-01,-0.025267532267134074
2019-10-02,-0.04448167790050428
2019-10-03,-0.04764883648442475
2019-10-04,-0.053103652173231874
2019-10-05,-0.05124713388456592
2019-10-06,-0.0520914646320314
2019-10-07,-0.0484036643768736
2019-10-08,-0.07041943539664575
2019-10-09,-0.07003274376111379
2019-10-10,-0.058876410751010355
2019-10-11,-0.05348514019838235
2019-10-12,-0.06826249930664663
2019-10-13,-0.06375760448701218
2019-10-14,-0.08187365467760954
2019-10-15,-0.07334970855695255
2019-10-16,-0.06885675344548481
2019-10-17,-0.06441834283136894
2019-10-18,-0.07182870868657276
2019-10-19,-0.05691289577534986
2019-10-20,-0.05448887079645859
2019-10-21,-0.033601822143158655
2019-10-22,-0.013022774395179626
2019-10-23,-0.002912467812266284
2019-10-24,-0.008152145818471457
2019-10-25,0.014586205243653838
2019-10-26,0.04203144010446991
2019-10-27,0.04781281601217202
2019-10-28,0.06281497814939474
2019-10-29,0.06640063682840003
2019-10-30,0.056201479730837445
2019-10-31,0.050880634759989496
2019-11-01,0.06159495251792424
2019-11-02,0.03769894383142747
2019-11-03,0.054539488128153124
2019-11-04,0.055212418143989694
2019-11-05,0.0605609429919538
2019-11-06,0.08548154437552746
2019-11-07,0.11509140128526396
2019-11-08,0.09007563787716877
2019-11-09,0.10457360482187106
2019-11-10,0.08599874634350191
2019-11-11,0.0725050681628614
2019-11-12,0.047415588789243346
2019-11-13,0.03465927273295866
2019-11-14,0.003047297254642478
2019-11-15,-0.0158669387879663
2019-11-16,-0.029765085255978985
2019-11-17,-0.03074626296364813
2019-11-18,-0.03314634909023295
2019-11-19,0.00045407115622464467
2019-11-20,-0.009384150426312465
2019-11-21,-0.001632974473864457
2019-11-22,0.035203732246317454
2019-11-23,0.026292803046029434
2019-11-24,0.020893100017122412
2019-11-25,0.0031549029443835863
2019-11-26,-0.027577812581459415
2019-11-27,-0.018879689823662726
2019-11-28,-0.02262255244299516
2019-11-29,-0.05499353868296031
2019-11-30,-0.046667590171598716
2019-12-01,-0.029006133931018363
2019-12-02,0.00717301512543389
2019-12-03,0.01602425641389349
2019-12-04,0.009767447054082279
2019-12-05,0.006858348720654162
2019-12-06,0.01830390731235365
2019-12-07,0.012323335102213617
2019-12-08,0.010366507131903235
2019-12-09,-0.01077190184842558
2019-12-10,0.011079591712934711
2019-12-11,0.009069030962155056
2019-12-12,-0.0010969609574047468
2019-12-13,-0.0023208061904923527
2019-12-14,-0.0007703616269324476
2019-12-15,0.015235773233173378
2019-12-16,0.026477663374928184
2019-12-17,0.01834968775434609
2019-12-18,0.026576944343047026
2019-12-19,0.042890736504209714
2019-12-20,0.03842054671302764
2019-12-21,0.026660270344551984
2019-12-22,0.0005517667571564022
2019-12-23,-0.010364890141882022
2019-12-24,-0.04145321700037485
2019-12-25,-0.08666452011591363
2019-12-26,-0.10614108690648238
2019-12-27,-0.10393289385146176
2019-12-28,-0.09860189525783158
2019-12-29,-0.10693917136053899
2019-12-30,-0.110922654877736
2019-12-31,-0.1167278392116603
2020-01-01,-0.11962860608534875
2020-01-02,-0.1094341798976376
2020-01-03,-0.10325558987302896
2020-01-04,-0.1162205081891664
2020-01-05,-0.1161087790512686
2020-01-06,-0.13219444889854604
2020-01-07,-0.10409690542678218
2020-01-08,-0.06171263510273284
2020-01-09,-0.0386840222132131
2020-01-10,-0.022874652007990992
2020-01-11,-0.0036873144722662232
2020-01-12,0.012520642798871995
2020-01-13,0.051041000478030174
2020-01-14,0.11488717570075613
2020-01-15,0.14257276390497564
2020-01-16,0.13541445603100177
2020-01-17,0.12720650486058838
2020-01-18,0.12234007058999441
2020-01-19,0.12662929374591836
2020-01-20,0.13823164768671203
2020-01-21,0.12230008278025739
2020-01-22,0.11568025097631507
2020-01-23,0.12016337244374653
2020-01-24,0.11829951955247409
2020-01-25,0.11966436381403311
2020-01-26,0.1072727598621035
2020-01-27,0.07561920792717713
2020-01-28,0.0396350154474816
2020-01-29,0.016671043621765635
2020-01-30,0.0009866973196384077
2020-01-31,0.000969817063166234
2020-02-01,0.015846118526259056
2020-02-02,0.0549742576960488
2020-02-03,0.07006847546107764
2020-02-04,0.05426048983684817
2020-02-05,0.07434158320191497
2020-02-06,0.07721817964362132
2020-02-07,0.10077755221876683
2020-02-08,0.09132597510222995
2020-02-09,0.07179368306048861
2020-02-10,0.06096588550099025
2020-02-11,0.08264339525606812
2020-02-12,0.07215480556494813
2020-02-13,0.09330278304736317
2020-02-14,0.06223867715303388
2020-02-15,0.08200189815322778
2020-02-16,0.08004081855199985
2020-02-17,0.07933481452360658
2020-02-18,0.05951532983271224
2020-02-19,0.05618133194259611
2020-02-20,0.035407473587919513
2020-02-21,0.02958510251547608
2020-02-22,-0.015061619844866425
2020-02-23,-0.050130809861158365
2020-02-24,-0.04357646517854319
2020-02-25,-0.063070386215896
2020-02-26,-0.0638770212426476
2020-02-27,-0.07868624494110688
2020-02-28,-0.07432645425326889
2020-02-29,-0.06803907009705679
2020-03-01,-0.028827927055505298
2020-03-02,-0.039300540552607566
2020-03-03,-0.016371177303358686
2020-03-04,-0.012226863712476499
2020-03-05,-0.01423250103397955
2020-03-06,-0.018456325324848866
2020-03-07,-0.008748881124938768
2020-03-08,-0.026268846603762053
2020-03-09,-0.008395278329254907
2020-03-10,-0.008663663499532737
2020-03-11,-0.026937670338121333
2020-03-12,0.020601781767537464
2020-03-13,0.03116582902219167
2020-03-14,0.0538941709893368
2020-03-15,0.05723210501970977
2020-03-16,0.05085238579188722
2020-03-17,0.04371679125601324
2020-03-18,0.02491488087243554
2020-03-19,-0.02034915755193789
2020-03-20,-0.028732009070266407
2020-03-21,-0.06114350812813063
2020-03-22,-0.08960480836206408
2020-03-23,-0.1159216817606844
2020-03-24,-0.1375737255510956
2020-03-25,-0.1204532941841483
2020-03-26,-0.09001077865224705
2020-03-27,-0.07164165640885889
2020-03-28,-0.07310372058051184
2020-03-29,-0.06643281397543954
2020-03-30,-0.04399803421492643
2020-03-31,0.0032669822508404334
2020-04-01,-0.010867870347211595
2020-04-02,-0.02097287841497031
2020-04-03,-0.05185922646058505
2020-04-04,-0.04616408080653234
2020-04-05,-0.028241505707177095
2020-04-06,-0.019302272771314133
2020-04-07,0.02090323908666769
2020-04-08,0.05612338755532753
2020-04-09,0.04993866983472217
2020-04-10,0.06988204660637565
2020-04-11,0.08521270486187027
2020-04-12,0.09823429557384022
2020-04-13,0.10617477803721176
2020-04-14,0.08944636715276055
2020-04-15,0.0840057387788593
2020-04-16,0.09068582697663574
2020-04-17,0.12049785755180631
2020-04-18,0.16173528751662736
2020-04-19,0.1602549519186025
2020-04-20,0.1541094465231443
2020-04-21,0.1053493628836697
2020-04-22,0.08640416929524242
2020-04-23,0.11838140568854816
2020-04-24,0.12065973190101142
2020-04-25,0.10941951341768785
2020-04-26,0.10995441267397887
2020-04-27,0.088586749886584
2020-04-28,0.11704043862948077
2020-04-29,0.16506024280860565
2020-04-30,0.16968994012697824
2020-05-01,0.1844263780499089
2020-05-02,0.2136896286487513
2020-05-03,0.2505711326578719
2020-05-04,0.28366569646962225
2020-05-05,0.252428171617056
2020-05-06,0.23046870069986247
2020-05-07,0.21722666039957783
2020-05-08,0.16925185881309956
2020-05-09,0.13540262103757916
2020-05-10,0.11579103647848754
2020-05-11,0.1342007910902716
2020-05-12,0.16892283181458168
2020-05-13,0.1334763727356223
2020-05-14,0.10216985830074465
2020-05-15,0.09989490473636797
2020-05-16,0.09470158327694511
2020-05-17,0.072500253903661
2020-05-18,0.046990584872003804
2020-05-19,0.00793261743519924
2020-05-20,0.010405284442449814
2020-05-21,0.008946285662943643
2020-05-22,-0.032843186532416246
2020-05-23,-0.06714324770867508
2020-05-24,-0.06394798619666675
2020-05-25,-0.09107468429045129
2020-05-26,-0.10296829612128044
2020-05-27,-0.10688066690317832
2020-05-28,-0.11627707045299163
2020-05-29,-0.09802546675540935
2020-05-30,-0.08511221290205995
2020-05-31,-0.10058689080344374
2020-06-01,-0.09013705340790867
2020-06-02,-0.0695183715160842
2020-06-03,-0.043089443294951235
2020-06-04,-0.02899797829116535
2020-06-05,-0.01384607563215734
2020-06-06,-0.018084043486320867
2020-06-07,-0.03107309845751527
2020-06-08,-0.0060879528518995585
2020-06-09,-0.004401930255755415
2020-06-10,-0.018585719747750695
2020-06-11,0.019945466009539503
2020-06-12,0.025704518463250947
2020-06-13,0.024682261414082696
2020-06-14,0.04915280964287638
2020-06-15,0.03568747155086327
2020-06-16,0.03992609711516382
2020-06-17,0.05256330183934321
2020-06-18,0.010881598971454798
2020-06-19,0.00724415246500687
2020-06-20,0.002957339504902512
2020-06-21,-0.002473878966480103
2020-06-22,-0.011496259748188575
2020-06-23,-0.010898958752493804
2020-06-24,-0.016153907730074413
2020-06-25,-0.01913605339471869
2020-06-26,-0.0015185214668099745
2020-06-27,0.016934781154896994
2020-06-28,-0.001907609892547013
2020-06-29,0.009963589776297521
2020-06-30,0.000539663189677464
2020-07-01,0.0034677400040472595
2020-07-02,0.013762716688223486
2020-07-03,0.010133857599746277
2020-07-04,0.014964029052763284
2020-07-05,0.044350360133074584
2020-07-06,0.04313053188117344
2020-07-07,0.04664223739482143
2020-07-08,0.06877995728187414
2020-07-09,0.07631860051750228
2020-07-10,0.0899499646298263
2020-07-11,0.09761368987657382
2020-07-12,0.09943878523264993
2020-07-13,0.07601584097067793
2020-07-14,0.08092998898388415
2020-07-15,0.06521861549693986
2020-07-16,0.05655886556820877
2020-07-17,0.03457070519939598
2020-07-18,0.041001883818384544
2020-07-19,0.04433431500143259
2020-07-20,0.06750875309095705
2020-07-21,0.028087350832951996
2020-07-22,0.025378897940986578
2020-07-23,0.02584706726165198
2020-07-24,0.05650590697864
2020-07-25,0.05654407302015296
2020-07-26,0.06733155735056195
2020-07-27,0.07347172742104568
2020-07-28,0.1051103137885343
2020-07-29,0.09499733147977363
2020-07-30,0.08617387694399192
2020-07-31,0.07109231093357571
2020-08-01,0.0721762511926447
2020-08-02,0.07923300516851928
2020-08-03,0.08276282709543858
2020-08-04,0.08186470586793093
2020-08-05,0.0801613822636622
2020-08-06,0.12735199353484905
2020-08-07,0.1237389986166646
2020-08-08,0.0999926074830213
2020-08-09,0.08748935955403936
2020-08-10,0.08421342593573589
2020-08-11,0.08928675723256618
2020-08-12,0.10265896958992782
2020-08-13,0.03854295883992487
2020-08-14,0.03138888876627011
2020-08-15,0.0165622954659983
2020-08-16,0.0018137506578417284
2020-08-17,-0.029394593492909293
2020-08-18,-0.042463776619225735
2020-08-19,-0.05131832278831905
2020-08-20,-0.041481094604896795
2020-08-21,-0.039240429036682234
2020-08-22,-0.035946183458941294
2020-08-23,-0.0398853160759729
2020-08-24,-0.024465104249804526
2020-08-25,-0.021124734162115466
2020-08-26,-0.035415348839166416
2020-08-27,-0.04016018174867375
2020-08-28,-0.040606111732079175
2020-08-29,-0.031491695896667005
2020-08-30,-0.028703644093322267
2020-08-31,-0.04253186634617112
2020-09-01,-0.03817791191622766
2020-09-02,-0.014069911968209947
2020-09-03,-0.015609489697771095
2020-09-04,-0.029333129001198333
2020-09-05,-0.025873710666002303
2020-09-06,0.010250232116286728
2020-09-07,0.04446041798911615
2020-09-08,0.04143851384855135
2020-09-09,0.02452997004006674
2020-09-10,0.041461546988850184
2020-09-11,0.03784127334784659
2020-09-12,0.021820131796685294
2020-09-13,-0.014836001666770793
2020-09-14,-0.015207897438572648
2020-09-15,-0.0244363837711562
2020-09-16,-0.0031974411106469036
2020-09-17,-7.444601103478998e-05
2020-09-18,-0.001462542459613858
2020-09-19,0.01124881010962242
2020-09-20,0.014804591598188255
2020-09-21,-0.015537806443059576
2020-09-22,-0.014613141542487718
2020-09-23,-0.02575724198700291
2020-09-24,-0.03933795169597476
2020-09-25,-0.014346724634058616
2020-09-26,-0.030056436408009035
2020-09-27,-0.05503413958496117
2020-09-28,-0.05174031175490157
2020-09-29,-0.0384804706839732
2020-09-30,-0.039991608392001776
2020-10-01,-0.035786288539202404
2020-10-02,-0.047602135303554616
2020-10-03,-0.01036536462332438
2020-10-04,0.018620580669987286
2020-10-05,0.03121490841721042
2020-10-06,0.01179487939794166
2020-10-07,0.002290557740330934
2020-10-08,0.016583174228691933
2020-10-09,0.019125956082004736
2020-10-10,0.002408613138686233
2020-10-11,-0.004207491620898729
2020-10-12,-0.005098246128926287
2020-10-13,0.014348630545969687
2020-10-14,0.020211718729394867
2020-10-15,-0.006208397869590931
2020-10-16,-0.016292429845426448
2020-10-17,-0.023314961210712415
2020-10-18,-0.022175415525660047
2020-10-19,-0.02827060031236661
2020-10-20,-0.04945388118437155
2020-10-21,-0.03678847587790113
2020-10-22,-0.012515103904491731
2020-10-23,-0.021889179430154893
2020-10-24,-0.003987909034946169
2020-10-25,0.0032496186399153526
2020-10-26,-0.008657692746282475
2020-10-27,-0.027898371336266936
2020-10-28,-0.07060743139901038
2020-10-29,-0.09578706431322015
2020-10-30,-0.09563214092072247
2020-10-31,-0.11100592670624121
2020-11-01,-0.1046979389740691
2020-11-02,-0.12187828596653061
2020-11-03,-0.07450665644142895
2020-11-04,-0.02236660288758341
2020-11-05,0.007309452621826251
2020-11-06,0.045845937864931186
2020-11-07,0.08221588949283642
2020-11-08,0.08887365537924818
2020-11-09,0.1616671864560555
2020-11-10,0.14732271434331667
2020-11-11,0.12266551716737317
2020-11-12,0.11998539600546021
2020-11-13,0.06672989991556366
2020-11-14,0.028059075590021854
2020-11-15,0.03455461032784979
2020-11-16,0.038586114907119606
2020-11-17,0.0867009872724227
2020-11-18,0.14122134738269998
2020-11-19,0.15886928505898945
2020-11-20,0.23048779674134967
2020-11-21,0.23953198020880118
2020-11-22,0.25013452555317484
2020-11-23,0.20304310513946833
2020-11-24,0.12676451944371592
2020-11-25,0.0880162182382298
2020-11-26,0.06741974158995179
2020-11-27,0.02975285271778705
2020-11-28,0.028261203161949577
2020-11-29,-0.02707588290590901
2020-11-30,-0.04075458947361699
2020-12-01,-0.005448426842335263
2020-12-02,-0.01795684094017802
2020-12-03,0.00010518186356689441
2020-12-04,0.015923282589463295
2020-12-05,0.029948005078968443
2020-12-06,0.05839913981833522
2020-12-07,0.059357499300185745
2020-12-08,0.01877131491440931
2020-12-09,0.023172577821614526
2020-12-10,-0.025814696156472916
2020-12-11,-0.0389345711741772
2020-12-12,-0.05463283869772306
2020-12-13,-0.045846379364747336
2020-12-14,-0.0406209337632496
2020-12-15,-0.034885046644905104
2020-12-16,-0.03820245252722654
2020-12-17,-0.016700271540545875
2020-12-18,-0.0039046217787997994
2020-12-19,0.021299076521035243
2020-12-20,0.05585085171572701
2020-12-21,0.05950920186855169
2020-12-22,0.08310524090035432
2020-12-23,0.08101588670258875
2020-12-24,0.07129758756774573
2020-12-25,0.043674516976636824
2020-12-26,0.010222214315916744
2020-12-27,-0.00918614177067556
2020-12-28,0.008314521524118934
2020-12-29,0.009790778488508955
2020-12-30,0.04629172882613464
2020-12-31,0.07833651750142345
2021-01-01,0.09107817828381637
2021-01-02,0.11264271163858552
2021-01-03,0.1363856962773855
2021-01-04,0.15700959281391658
2021-01-05,0.16314188664415696
2021-01-06,0.16870774332571337
2021-01-07,0.16173916861204174
2021-01-08,0.16232813934619483
2021-01-09,0.13670964095422078
2021-01-10,0.11407476429648167
2021-01-11,0.09794104366583456
2021-01-12,0.0894211783473915
2021-01-13,0.0798460909321741
2021-01-14,0.08725942238342221
2021-01-15,0.11488271200913736
2021-01-16,0.11968268133484461
2021-01-17,0.0936385829738331
2021-01-18,0.06932913028812493
2021-01-19,0.04294094396664305
2021-01-20,0.002504419278828829
2021-01-21,-0.005894957211534213
2021-01-22,-0.043085443079981633
2021-01-23,-0.055731791546245635
2021-01-24,-0.07185417836070629
2021-01-25,-0.07686917750930156
2021-01-26,-0.08157262436000923
2021-01-27,-0.08988669168148011
2021-01-28,-0.11199635148913867
2021-01-29,-0.09469312761653026
2021-01-30,-0.09955781775143391
2021-01-31,-0.08350488450866389
2021-02-01,-0.096937108444621
2021-02-02,-0.0737963930454596
2021-02-03,-0.04929170199946309
2021-02-04,-0.029635866491467544
2021-02-05,-0.026198213253793123
2021-02-06,0.0035410571928722323
2021-02-07,0.028675002260800886
2021-02-08,0.07639870421538042
2021-02-09,0.08226421504972259
2021-02-10,0.09509033363468222
2021-02-11,0.08855590186839812
2021-02-12,0.07140180853191369
2021-02-13,0.08072856143042606
2021-02-14,0.0708018587662187
2021-02-15,0.04668309680363314
2021-02-16,0.020939351829563746
2021-02-17,0.011528270556362852
2021-02-18,0.006231927404156012
2021-02-19,0.02521749513987559
2021-02-20,0.01129707851651185
2021-02-21,0.019871707616531564
2021-02-22,0.009551309499195693
2021-02-23,0.00685426282491175
2021-02-24,0.002497898697499279
2021-02-25,0.0066394825604769725
2021-02-26,-0.018071742786499256
2021-02-27,-0.025677888077704214
2021-02-28,-0.05746883783591028
2021-03-01,-0.05496169008832108
2021-03-02,-0.04595284244950493
2021-03-03,-0.03338136579264417
2021-03-04,-0.041846117751390355
2021-03-05,-0.04367102372848919
2021-03-06,-0.048273594462379554
2021-03-07,-0.034215319576067604
2021-03-08,-0.0003990967702902637
2021-03-09,-8.694445847168275e-06
2021-03-10,-0.009990534536530316
2021-03-11,-0.01706908678377761
2021-03-12,-0.010730178896598885
2021-03-13,-0.003843897238014038
2021-03-14,0.017037377944422838
2021-03-15,0.007898704585641347
2021-03-16,0.004852708300574049
2021-03-17,-0.011601131015012367
2021-03-18,0.02005801883425473
2021-03-19,0.015810236502876496
2021-03-20,0.02042882521528866
2021-03-21,0.013862754340501882
2021-03-22,0.002299258795182446
2021-03-23,0.018671686262534903
2021-03-24,0.04581854918194339
2021-03-25,0.039618021585001495
2021-03-26,0.04059872988883306
2021-03-27,0.040283338624617304
2021-03-28,0.025161272767452836
2021-03-29,0.027116294466563495
2021-03-30,0.0165436727375623
2021-03-31,0.02251862562103968
2021-04-01,0.011096790705752202
2021-04-02,0.01483066859965776
2021-04-03,-0.015608455027013468
2021-04-04,-0.019185096335092577
2021-04-05,-0.01504328435326141
2021-04-06,-0.002934199065166787
2021-04-07,-0.01893994179641678
2021-04-08,-0.0214781674642065
2021-04-09,-0.009937680103515478
2021-04-10,0.014390196407204403
2021-04-11,0.01840898164912086
2021-04-12,-0.0032999187746431957
2021-04-13,-0.009901766466007711
2021-04-14,-0.020650233523993977
2021-04-15,0.020701828311797454
2021-04-16,-0.016698095187025364
2021-04-17,-0.052662012202155495
2021-04-18,-0.04959907104286332
2021-04-19,-0.06910603430712325
2021-04-20,-0.0855043417679181
2021-04-21,-0.10625291928460567
2021-04-22,-0.13795353767188845
2021-04-23,-0.10115200262083368
2021-04-24,-0.061023873584926225
2021-04-25,-0.07596076262864238
2021-04-26,-0.07346803349472775
2021-04-27,-0.07706663954219928
2021-04-28,-0.04790636734098186
2021-04-29,-0.07760482662481494
2021-04-30,-0.09295851814892919
2021-05-01,-0.10357464723932197
2021-05-02,-0.0658890537598853
2021-05-03,-0.02394372359239272
2021-05-04,0.011730869508538522
2021-05-05,-0.009536830179150968
2021-05-06,0.056841667722161704
2021-05-07,0.11058478994679444
2021-05-08,0.1272935533474968
2021-05-09,0.16245536752904188
2021-05-10,0.17671631373257868
2021-05-11,0.2083386016286477
2021-05-12,0.2584404515691765
2021-05-13,0.219309066334467
2021-05-14,0.15588041738915326
2021-05-15,0.12993954553449782
2021-05-16,0.08559282764451459
2021-05-17,0.04198141228635199
2021-05-18,-0.03610777248902319
2021-05-19,-0.05150284578077491
2021-05-20,-0.08452201500917589
2021-05-21,-0.09161254431908872
2021-05-22,-0.12328016873436509
2021-05-23,-0.160486520338599
2021-05-24,-0.17912768089211484
2021-05-25,-0.1743453520938435
2021-05-26,-0.20834059589205123
2021-05-27,-0.22449791100799754
2021-05-28,-0.23324293269868146
2021-05-29,-0.2380946289507906
2021-05-30,-0.23883510755816306
2021-05-31,-0.2343668196447002
2021-06-01,-0.2453371900956347
2021-06-02,-0.2245883190951069
2021-06-03,-0.19561581939547068
2021-06-04,-0.18135833076606145
2021-06-05,-0.16681375333347548
2021-06-06,-0.16436318935218142
2021-06-07,-0.1292537445663583
2021-06-08,-0.08788139274787643
2021-06-09,-0.09428168886248489
2021-06-10,-0.08884053354969212
2021-06-11,-0.08735535716254139
2021-06-12,-0.05004434009937686
2021-06-13,-0.039642683520055844
2021-06-14,-0.04994709339961434
2021-06-15,-0.04079599016223656
2021-06-16,-0.008468218641360603
2021-06-17,-0.02353443205941652
2021-06-18,-0.02720697614146672
2021-06-19,-0.07936202071048315
2021-06-20,-0.10227761424668314
2021-06-21,-0.11411826468675723
2021-06-22,-0.1642268314576496
2021-06-23,-0.1973031715973731
2021-06-24,-0.19190384234940483
2021-06-25,-0.17298573158506847
2021-06-26,-0.13399283090944059
2021-06-27,-0.14759874062960932
2021-06-28,-0.16442146723294493
2021-06-29,-0.12381220262870252
2021-06-30,-0.12614247888341557
2021-07-01,-0.12651077246452958
2021-07-02,-0.1680860258060859
2021-07-03,-0.1305538276718643
2021-07-04,-0.0825433590255471
2021-07-05,-0.05899038123551015
2021-07-06,-0.07280847927731182
2021-07-07,-0.05561834640508978
2021-07-08,-0.049973091496756106
2021-07-09,0.0046996505510794595
2021-07-10,-0.02509615249615882
2021-07-11,-0.027573897086470622
2021-07-12,-0.008993138938688361
2021-07-13,0.003987225546279172
2021-07-14,0.006149509820489341
2021-07-15,0.0034244298820540475
2021-07-16,-0.01430455502864425
2021-07-17,0.001744115787046585
2021-07-18,-0.0051100513785179436
2021-07-19,-0.005815353565735704
2021-07-20,0.011046869303145579
2021-07-21,0.014808196380357463
2021-07-22,0.019410074597157045
2021-07-23,-0.031446360122091455
2021-07-24,-0.07505423288750357
2021-07-25,-0.09406711582708094
2021-07-26,-0.08396298655955281
2021-07-27,-0.07498096262561638
2021-07-28,-0.062479469273812316
2021-07-29,-0.05405218463370487
2021-07-30,0.008346893174133951
2021-07-31,0.03548192002150374
2021-08-01,0.059838551688233155
2021-08-02,0.059463054158534145
2021-08-03,0.04183962753213177
2021-08-04,0.03363265085088418
2021-08-05,0.04158848445063268
2021-08-06,0.06176297862561686
2021-08-07,0.077423486730261
2021-08-08,0.08088138895311214
2021-08-09,0.08092704338729884
2021-08-10,0.09466908247772321
2021-08-11,0.10490607044805578
2021-08-12,0.0972424531243905
2021-08-13,0.08747119366393052
2021-08-14,0.08226504321097172
2021-08-15,0.07007050535365211
2021-08-16,0.059688309464250855
2021-08-17,0.06401745821779414
2021-08-18,0.05046783479470918
2021-08-19,0.0489112179959279
2021-08-20,0.0550412471135604
2021-08-21,0.06248026858458178
2021-08-22,0.06053856135398106
2021-08-23,0.07970944399391455
2021-08-24,0.07920932480915588
2021-08-25,0.083293056934717
2021-08-26,0.0645166405739197
2021-08-27,0.040986157561435865
2021-08-28,0.024268441885445968
2021-08-29,0.014355851321896873
2021-08-30,-0.008035233348980708
2021-08-31,-0.01514586651776939
2021-09-01,0.003231321125250819
2021-09-02,0.02910506131440993
2021-09-03,0.05972654804195576
2021-09-04,0.060619151949614425
2021-09-05,0.06365659190012041
2021-09-06,0.059676893028741684
2021-09-07,0.05946237211608629
2021-09-08,0.04175325102494498
2021-09-09,0.01940817340754153
2021-09-10,-0.011580806433210022
2021-09-11,0.0046663095203232086
2021-09-12,-0.0020874774436374643
2021-09-13,-0.007377533048487095
2021-09-14,-0.0036643128602195096
2021-09-15,0.016953106315172217
2021-09-16,0.05459459866182992
2021-09-17,0.06999177988235417
2021-09-18,0.07379618954474654
2021-09-19,0.08762799853615277
2021-09-20,0.1075530236525657
2021-09-21,0.07117594531466298
2021-09-22,0.026497693580157966
2021-09-23,-0.020382949373475956
2021-09-24,-0.022807371635670592
2021-09-25,-0.04935712114088686
2021-09-26,-0.05826690877297902
2021-09-27,-0.078802409376449
2021-09-28,-0.05744677969603529
2021-09-29,-0.05573504983786448
2021-09-30,-0.010882108968716442
2021-10-01,-0.0213804651174776
2021-10-02,0.024176716506756124
2021-10-03,0.047770689734154104
2021-10-04,0.07017028787096447
2021-10-05,0.0773780060348066
2021-10-06,0.07092415944605568
2021-10-07,0.0765482275116427
2021-10-08,0.08507881352565194
2021-10-09,0.08714659444659656
2021-10-10,0.07008926714575536
2021-10-11,0.08468212035619316
2021-10-12,0.08311207976433344
2021-10-13,0.1215256656952608
2021-10-14,0.09157066782899337
2021-10-15,0.11885954390310993
2021-10-16,0.11256699853688645
2021-10-17,0.14193891796994973
2021-10-18,0.12168575280319205
2021-10-19,0.1556454458147185
2021-10-20,0.11949065981734197
2021-10-21,0.14366692969947614
2021-10-22,0.08924771873254778
2021-10-23,0.052853614075792255
2021-10-24,0.0167568506834479
2021-10-25,0.0104960563216141
2021-10-26,-0.012113761965561909
2021-10-27,-0.022449663987253676
2021-10-28,-0.039298508401102716
2021-10-29,-0.03704941550274099
2021-10-30,-0.022629004600685954
2021-10-31,-0.0009068782667316366
2021-11-01,0.012540544695999856
2021-11-02,0.005273986998907132
2021-11-03,0.04091770385267779
2021-11-04,0.029110581386268652
2021-11-05,0.040764466651883824
2021-11-06,0.02383330616006396
2021-11-07,0.02163932873262442
2021-11-08,-0.007615058966714772
2021-11-09,0.019171854244397046
2021-11-10,-0.003930035808048182
2021-11-11,0.009300752858708572
2021-11-12,0.015260876337366058
2021-11-13,0.029426782551854602
2021-11-14,0.013056464061603545
2021-11-15,0.038466178588347555
2021-11-16,0.01400129731802724
2021-11-17,0.022470686810408536
2021-11-18,0.007954402548718154
2021-11-19,-0.0031918078570097874
2021-11-20,-0.020062319582471955
2021-11-21,-0.014445976224732426
2021-11-22,-0.04266187529152854
2021-11-23,-0.07098855225742584
2021-11-24,-0.056504419274094
2021-11-25,-0.06325115374751233
2021-11-26,-0.04845301191970386
2021-11-27,-0.051753243790046644
2021-11-28,-0.04677946044540371
2021-11-29,-0.05945628687924942
2021-11-30,-0.049493784023473264
2021-12-01,-0.05650479327777458
2021-12-02,-0.014178367345869303
2021-12-03,-0.013734206556500594
2021-12-04,0.013282845443304492
2021-12-05,0.024437199452579828
2021-12-06,0.0581821845702315
2021-12-07,0.06896207592240988
2021-12-08,0.05707842712004152
2021-12-09,0.04490026703740013
2021-12-10,0.03094372703942505
2021-12-11,0.0042122800712174335
2021-12-12,-0.0079748826410182
2021-12-13,-0.0025979676981749966
2021-12-14,-0.018373450444990835
2021-12-15,0.0050168454351218195
2021-12-16,-0.03469203002000154
2021-12-17,-0.017049371683990122
2021-12-18,-0.001905623173416915
2021-12-19,-0.012086940192086004
2021-12-20,-0.013633886986132215
2021-12-21,-0.004920462546319171
2021-12-22,-0.08460782372543219
2021-12-23,-0.07063373409054019
2021-12-24,-0.09248414703987806
2021-12-25,-0.1121182008412408
2021-12-26,-0.1156064247664429
2021-12-27,-0.12172957094571546
2021-12-28,-0.09850480102742332
2021-12-29,-0.02946956358590147
2021-12-30,-0.019624216032483544
2021-12-31,0.01846865194581837
2022-01-01,0.02670402064137889
2022-01-02,0.03571125459044122
2022-01-03,0.03135499399662289
2022-01-04,-0.0022294180608583014
2022-01-05,0.012546981969461468
2022-01-06,-0.00015985829860087897
2022-01-07,-0.031920131731762
2022-01-08,-0.012675777688745837
2022-01-09,-0.016662431900256625
2022-01-10,-0.01859343241486011
2022-01-11,0.032138417399728336
2022-01-12,0.0089066181733517
2022-01-13,0.007348809835955095
2022-01-14,0.010229292790182809
2022-01-15,0.00615860345631325
2022-01-16,0.010009896003381424
2022-01-17,0.0033028193729987
2022-01-18,-0.06681314853553244
2022-01-19,-0.07017073279349006
2022-01-20,-0.08528128896490661
2022-01-21,-0.054635932941354826
2022-01-22,-0.025761958873110058
2022-01-23,-0.017355565621704927
2022-01-24,-0.005018513987837925
2022-01-25,0.013236540710686029
2022-01-26,0.00802094447243018
2022-01-27,0.02436116674842226
2022-01-28,-0.007210417298091909
2022-01-29,-0.035762374543447106
2022-01-30,-0.037975123666008415
2022-01-31,-0.0319828421341003
2022-02-01,0.00020058613280160564
2022-02-02,0.017001069991902984
2022-02-03,0.017521009380011998
2022-02-04,0.006740968359152166
2022-02-05,0.025891367048894498
2022-02-06,0.04640729936772514
2022-02-07,0.045007255312799366
2022-02-08,0.043416397422423314
2022-02-09,0.04679031927049948
2022-02-10,0.055069012830791575
2022-02-11,0.04237850336417348
2022-02-12,0.06304481220354807
2022-02-13,0.04942802805116853
2022-02-14,0.04785495243273297
2022-02-15,0.05732258892068187
2022-02-16,0.052161066263199496
2022-02-17,0.050320668211020214
2022-02-18,0.07297707035744994
2022-02-19,0.032749133034915
2022-02-20,0.015627817621917117
2022-02-21,-0.014410543559561062
2022-02-22,-0.046221818311956375
2022-02-23,-0.06005357543895673
2022-02-24,-0.04779889563344919
2022-02-25,-0.06836712775716558
2022-02-26,-0.09276589832830717
2022-02-27,-0.07746617200038552
2022-02-28,-0.05864427955217655
2022-03-01,-0.038787529657937636
2022-03-02,-0.01682211612932849
2022-03-03,-0.02203519098738216
2022-03-04,-0.03639778958326534
2022-03-05,-0.02439402411925118
2022-03-06,-0.021122068044508113
2022-03-07,-0.027743071681332276
2022-03-08,-0.03195840329152844
2022-03-09,-0.038353302972253256
2022-03-10,-0.034814449752765264
2022-03-11,-0.008308966892189518
2022-03-12,0.0043270803509352085
2022-03-13,0.004587507080273667
2022-03-14,0.024754350480123533
2022-03-15,0.03237397253862917
2022-03-16,0.03690186921853411
2022-03-17,0.043214819861915776
2022-03-18,0.06359240058824622
2022-03-19,0.06727406165810379
2022-03-20,0.056026467590328366
2022-03-21,0.0313430717038099
2022-03-22,-0.006363439511462565
2022-03-23,-0.02200746111410523
2022-03-24,-0.03675353691130545
2022-03-25,-0.023342410504863298
2022-03-26,-0.029746875955171892
2022-03-27,-0.018379448400658416
2022-03-28,0.013439616981270275
2022-03-29,0.03891934285827481
2022-03-30,0.03761836502679761
2022-03-31,0.05020219312362961
2022-04-01,0.04879160533687865
2022-04-02,0.0697906507472088
2022-04-03,0.06684834090168423
2022-04-04,0.06071666769262718
2022-04-05,0.05042768365773331
2022-04-06,0.041343136725146
2022-04-07,0.02218225931246387
2022-04-08,-0.010570426438695879
2022-04-09,-0.03548469017614608
2022-04-10,-0.045851864568431155
2022-04-11,-0.046856284066861265
2022-04-12,-0.03353343269916542
2022-04-13,-0.018866044214278843
2022-04-14,-0.03620382957344914
2022-04-15,-0.03401045657924007
2022-04-16,-0.0396675431127822
2022-04-17,-0.05450784301082501
2022-04-18,-0.06569246239821447
2022-04-19,-0.06956675071962215
2022-04-20,-0.06882918020554374
2022-04-21,-0.05646924959783173
2022-04-22,-0.06395491093904437
2022-04-23,-0.05354629760598695
2022-04-24,-0.035843421553020005
2022-04-25,-0.022533331009183755
2022-04-26,-0.016141352683005095
2022-04-27,-0.01040086394334272
2022-04-28,0.01506845979383975
2022-04-29,0.05521435534877828
2022-04-30,0.08151021358617117
2022-05-01,0.08660899927662258
2022-05-02,0.0747729070944827
2022-05-03,0.06843828224817483
2022-05-04,0.05716765813838731
2022-05-05,0.08892995079608479
2022-05-06,0.09584075968070316
2022-05-07,0.07499424091589524
2022-05-08,0.08501486255204793
2022-05-09,0.10336598787352358
2022-05-10,0.10382799191476932
2022-05-11,0.11217244883629962
2022-05-12,0.08166468701755458
2022-05-13,0.06201129815786821
2022-05-14,0.09256671066191657
2022-05-15,0.10697775953486732
2022-05-16,0.1123589941408285
2022-05-17,0.12089520189819725
2022-05-18,0.10092852784888318
2022-05-19,0.060793174824956386
2022-05-20,0.030935448508918606
2022-05-21,-0.018808582042708633
2022-05-22,-0.05497649389205139
2022-05-23,-0.07622185576465446
2022-05-24,-0.0909079966084888
2022-05-25,-0.09359407517424512
2022-05-26,-0.09714409978990246
2022-05-27,-0.08197996877492508
2022-05-28,-0.0823909255246904
2022-05-29,-0.0901409542036572
2022-05-30,-0.09416906052158791
2022-05-31,-0.08961971040853356
2022-06-01,-0.0814103908433278
2022-06-02,-0.06647207919609532
2022-06-03,-0.09948939717605376
2022-06-04,-0.12322211235605529
2022-06-05,-0.13185850795221188
2022-06-06,-0.1357829288113681
2022-06-07,-0.13102127295771226
2022-06-08,-0.12398439811183337
2022-06-09,-0.11830836453894733
2022-06-10,-0.08244329582163301
2022-06-11,-0.0325849475805392
2022-06-12,-0.004880635548654921
2022-06-13,0.03409132663447978
2022-06-14,0.03701046774780559
2022-06-15,0.06432604748856563
2022-06-16,0.06296536796887908
2022-06-17,0.057546479269003914
2022-06-18,0.07054269477241992
2022-06-19,0.0686343640995506
2022-06-20,0.015970369649584093
2022-06-21,-0.002596991937327653
2022-06-22,-0.0397258000770182
2022-06-23,-0.04646729460692545
2022-06-24,-0.043969514351782424
2022-06-25,-0.0701574173464069
2022-06-26,-0.0780610208371828
2022-06-27,-0.04774907050105193
2022-06-28,-0.03746736754606372
2022-06-29,-0.02474801581007091
2022-06-30,-0.002387561374795455
2022-07-01,-0.0045767005131918115
2022-07-02,0.007104048095791349
2022-07-03,0.0022908849253273633
2022-07-04,-0.04016005517894006
2022-07-05,-0.07169784002631696
2022-07-06,-0.059030321232187655
2022-07-07,-0.048374563962062966
2022-07-08,-0.05999905024592278
2022-07-09,-0.06855183493366213
2022-07-10,-0.04780276001273076
2022-07-11,-0.02289729440253707
2022-07-12,0.019604558193343946
2022-07-13,-0.0033608429959779418
2022-07-14,-0.006625799396931642
2022-07-15,0.025112550333267203
2022-07-16,0.03261270727065724
2022-07-17,0.011293810141350447
2022-07-18,0.018645749568537928
2022-07-19,0.020493791408128237
2022-07-20,0.021312915353383755
2022-07-21,0.007705226831688172
2022-07-22,-0.02327432224826309
2022-07-23,-0.028699559589831947
2022-07-24,-0.008632426634141543
2022-07-25,0.002622796655848303
2022-07-26,-0.013182546226408354
2022-07-27,-0.02509935756130277
2022-07-28,-0.017544336667465688
2022-07-29,0.009297165747290892
2022-07-30,0.017710269134499024
2022-07-31,0.02658156253606614
2022-08-01,0.014547336416858014
2022-08-02,0.04110022909240674
2022-08-03,0.05855641141277368
2022-08-04,0.046959837036272045
2022-08-05,0.04478801967250079
2022-08-06,0.054105288297283005
2022-08-07,0.03797505503535592
2022-08-08,0.031794794169071716
2022-08-09,0.014851759499065365
2022-08-10,0.027970005207563764
2022-08-11,0.05447492260183795
2022-08-12,0.058691170602642284
2022-08-13,0.04966703407432327
2022-08-14,0.0618667377801132
2022-08-15,0.06704189362353574
2022-08-16,0.08535324264297683
2022-08-17,0.05671875846951013
2022-08-18,0.03963141658142111
2022-08-19,0.04149921510086885
2022-08-20,0.0376373929970335
2022-08-21,0.029220582552995644
2022-08-22,0.02654896667382478
2022-08-23,-0.002812553717160493
2022-08-24,0.00834700584355641
2022-08-25,-0.005847386290121381
2022-08-26,-0.027991887686307115
2022-08-27,-0.018688851338364842
2022-08-28,-0.02077297494863317
2022-08-29,-0.01321730101396379
2022-08-30,-0.019151441458506335
2022-08-31,-0.027762794011055858
2022-09-01,-0.021617298559799214
2022-09-02,-0.004470772658151767
2022-09-03,-0.005238819151327845
2022-09-04,-0.004013183622403327
2022-09-05,-0.01620091872316154
2022-09-06,-0.001465872098591503
2022-09-07,0.004077591854671381
2022-09-08,-0.007235532862610694
2022-09-09,-0.0032838511915026514
2022-09-10,-0.0028587522687801847
2022-09-11,0.015698893534786595
2022-09-12,0.03884026828670972
2022-09-13,0.04048345632841155
2022-09-14,0.060154175538119636
2022-09-15,0.07529112022609774
2022-09-16,0.05925205192346472
2022-09-17,0.06439957203179558
2022-09-18,0.04161509692544896
2022-09-19,0.027410156673123742
2022-09-20,0.029750805031382166
2022-09-21,0.00997098812128816
2022-09-22,-0.014287997437840927
2022-09-23,-0.022061402145020503
2022-09-24,-0.04107185521789458
2022-09-25,-0.03832395979911618
2022-09-26,-0.03275219198693835
2022-09-27,-0.03997975888130012
2022-09-28,-0.04236778687621523
2022-09-29,-0.04538960464263586
2022-09-30,-0.03755332425730473
2022-10-01,-0.03968925068874407
2022-10-02,-0.03973811201191435
2022-10-03,-0.033984575087046
2022-10-04,-0.04063634901323754
2022-10-05,-0.0396578472551099
2022-10-06,-0.016671523597578508
2022-10-07,-0.029106947752169154
2022-10-08,-0.026177461410385017
2022-10-09,-0.025366851399857393
2022-10-10,-0.039069851697723035
2022-10-11,-0.033660239035159134
2022-10-12,-0.02251460072383038
2022-10-13,-0.029196011107044062
2022-10-14,-0.0041035634528375775
2022-10-15,-5.356216548779713e-05
2022-10-16,-0.004113234860656401
2022-10-17,-0.0087086659866914
2022-10-18,-0.0028232310285454254
2022-10-19,0.00188168908164843
2022-10-20,-0.007989924519428926
2022-10-21,-0.02800795576837878
2022-10-22,-0.03960609471713372
2022-10-23,-0.04169690291358907
2022-10-24,-0.03155523606838084
2022-10-25,-0.044693270733316415
2022-10-26,-0.03351067070138447
2022-10-27,-0.02514330982084223
2022-10-28,-0.013163123582026981
2022-10-29,0.004882363731304462
2022-10-30,0.020692876447089947
2022-10-31,0.03418641341903661
2022-11-01,0.05832033025614214
2022-11-02,0.028509492301355133
2022-11-03,0.0401865045552543
2022-11-04,0.03467829290647728
2022-11-05,0.04416511484550689
2022-11-06,0.049578376555141856
2022-11-07,0.04359903312953217
2022-11-08,0.050763869005703066
2022-11-09,0.09334935219589657
2022-11-10,0.1097639978907039
2022-11-11,0.11889107059866988
2022-11-12,0.11048172096835596
2022-11-13,0.11397025593473509
2022-11-14,0.12936882673812855
2022-11-15,0.09741877588061842
2022-11-16,0.07680351899093996
2022-11-17,0.04814287731069711
2022-11-18,0.039586420734615935
2022-11-19,0.06450223588468584
2022-11-20,0.07572798525811275
2022-11-21,0.05864304695293443
2022-11-22,0.07705993138314793
2022-11-23,0.07468945361208945
2022-11-24,0.09043786324329228
2022-11-25,0.08404989812222396
2022-11-26,0.052311733627177004
2022-11-27,0.03532789032007533
2022-11-28,0.014270351909753343
2022-11-29,-0.011044185520890482
2022-11-30,-0.034562975176926636
2022-12-01,-0.03258322017002724
2022-12-02,-0.03371329129103784
2022-12-03,-0.03729330506137185
2022-12-04,-0.04186401083154856
2022-12-05,-0.029783535524888882
2022-12-06,-0.015366238808392052
2022-12-07,0.0060840046709012
2022-12-08,-0.01671148442503223
2022-12-09,-0.04750301099313814
2022-12-10,-0.06480474825303528
2022-12-11,-0.08034482492570971
2022-12-12,-0.07945057825429669
2022-12-13,-0.08938200400697671
2022-12-14,-0.1025933076648684
2022-12-15,-0.09948607333610804
2022-12-16,-0.08020889294053257
2022-12-17,-0.05266473757192758
2022-12-18,-0.042256976851480776
2022-12-19,-0.038754196565834675
2022-12-20,-0.024186330452738658
2022-12-21,-0.029943395053527166
2022-12-22,-0.029925375845562874
2022-12-23,-0.035141455020495926
2022-12-24,-0.06629841207646192
2022-12-25,-0.07773583868487155
2022-12-26,-0.10268596164824784
2022-12-27,-0.11272753409696845
2022-12-28,-0.09385878949087689
2022-12-29,-0.08278233738511409
2022-12-30,-0.05450397098640558
2022-12-31,-0.029530227901399586
2023-01-01,-0.026051160549250718
2023-01-02,-0.019538802248786014
2023-01-03,-0.002573215585326638
2023-01-04,-0.006281597862982657
2023-01-05,0.0009689282121565501
2023-01-06,-0.023731010341665026
2023-01-07,-0.03560691899691659
2023-01-08,-0.036484379377692
2023-01-09,-0.01327430918522099
2023-01-10,0.012440366937894298
2023-01-11,0.01727668726697207
2023-01-12,0.03270217397588593
2023-01-13,0.08651945093247337
2023-01-14,0.12379321315803127
2023-01-15,0.16441508620522316
2023-01-16,0.17878332675959419
2023-01-17,0.1539701749778124
2023-01-18,0.14552185357935765
2023-01-19,0.09347105115233267
2023-01-20,0.05403686589342116
2023-01-21,0.04734785067437164
2023-01-22,0.0442627139886933
2023-01-23,0.01916804364010294
2023-01-24,0.0058480946053292016
2023-01-25,0.0037211014230573713
2023-01-26,0.017392237629300977
2023-01-27,0.02562006683595386
2023-01-28,0.010265065799412998
2023-01-29,-0.015248483100819277
2023-01-30,-0.03853951095708075
2023-01-31,-0.03683937139369209
2023-02-01,-0.03422682639449337
2023-02-02,-0.03676327161504134
2023-02-03,-0.05206271106745697
2023-02-04,-0.041549761918775574
2023-02-05,-0.04363044901155566
2023-02-06,-0.02609712782982554
2023-02-07,-0.02837326120326611
2023-02-08,-0.027461422936817526
2023-02-09,0.003995411443505903
2023-02-10,0.00423121626320877
2023-02-11,-0.018252278213822026
2023-02-12,-0.001890256062103579
2023-02-13,0.019303086849263185
2023-02-14,0.018482988240654974
2023-02-15,0.030759888893897136
2023-02-16,0.04076244512713978
2023-02-17,0.07023164421404027
2023-02-18,0.10401833258186555
2023-02-19,0.11029196312398026
2023-02-20,0.09691967857683181
2023-02-21,0.09434409272554478
2023-02-22,0.07301232317269801
2023-02-23,0.0568270428974611
2023-02-24,0.02782111587271352
2023-02-25,-0.0029497973865800775
2023-02-26,0.0015001215096894782
2023-02-27,0.012597325090285771
2023-02-28,0.02385943529104484
2023-03-01,0.03703247018872724
2023-03-02,0.03021264103901533
2023-03-03,0.06431681474833617
2023-03-04,0.06859537816356331
2023-03-05,0.07184797844753033
2023-03-06,0.0711784975362657
2023-03-07,0.07756178778493461
2023-03-08,0.037907219767455036
2023-03-09,0.0157163865697727
2023-03-10,-0.023326791132429303
2023-03-11,-0.020616809817965875
2023-03-12,-0.02866750004465568
2023-03-13,-0.03440347097811691
2023-03-14,-0.033132295770488596
2023-03-15,-0.009657877099652379
2023-03-16,-0.004859470190898496
2023-03-17,0.04273778014523377
2023-03-18,0.04321385517912879
2023-03-19,0.028796662476022528
2023-03-20,0.03964355496330607
2023-03-21,0.011109875854754536
2023-03-22,0.017073032249077746
2023-03-23,0.0016113693055632705
2023-03-24,-0.04054072667179909
2023-03-25,-0.06271041181987025
2023-03-26,-0.05965188672884225
2023-03-27,-0.06988960119084975
2023-03-28,-0.04780294854031275
2023-03-29,-0.04030946703277927
2023-03-30,-0.014182308466820337
2023-03-31,-0.0023214532401151233
2023-04-01,0.03384158593139763
2023-04-02,0.054220075197541906
2023-04-03,0.04916933791884781
2023-04-04,0.054390043092826135
2023-04-05,0.056205007446354927
2023-04-06,0.041426830480042476
2023-04-07,0.031191259716246922
2023-04-08,0.011907741736088218
2023-04-09,-0.009987882101921475
2023-04-10,-0.00895502247685509
2023-04-11,0.007558824059199942
2023-04-12,0.020330534860075744
2023-04-13,0.05376272159708728
2023-04-14,0.075026549987252
2023-04-15,0.10655091951247786
2023-04-16,0.09036895245574805
2023-04-17,0.10363733321741653
2023-04-18,0.09527690748100048
2023-04-19,0.07309991442114017
2023-04-20,0.04082087336852447
2023-04-21,0.019972161095896945
2023-04-22,-0.022850381303966105
2023-04-23,0.0066112361075509885
2023-04-24,-0.013807209969126766
2023-04-25,-0.03289558425906636
2023-04-26,-0.02674353980396138
2023-04-27,-0.009166904380185747
2023-04-28,0.02857984396556934
2023-04-29,0.05264445244685745
2023-04-30,0.07095587902659672
2023-05-01,0.10432915700324896
2023-05-02,0.09105031293634647
2023-05-03,0.09767992656182911
2023-05-04,0.09932747307744738
2023-05-05,0.051331904562433195
2023-05-06,0.07664134767240727
2023-05-07,0.051951029714034425
2023-05-08,0.01626040400870532
2023-05-09,0.0346524371463246
2023-05-10,0.06274486884646668
2023-05-11,0.06546663958348309
2023-05-12,0.08988091870117176
2023-05-13,0.05791216741002003
2023-05-14,0.0839807927360634
2023-05-15,0.11744854464564791
2023-05-16,0.11540015200828568
2023-05-17,0.09486022409761197
2023-05-18,0.0683946277069809
2023-05-19,0.06545820660535528
2023-05-20,0.036264274873079705
2023-05-21,-0.02157927931085879
2023-05-22,-0.02968959675942806
2023-05-23,-0.04626178101994716
2023-05-24,-0.07689409812943238
2023-05-25,-0.05107431083120917
2023-05-26,-0.057690951723043615
2023-05-27,-0.02661720967462844
2023-05-28,0.010167578239781871
2023-05-29,0.008614716646711429
2023-05-30,-0.005736678072793544
2023-05-31,-0.00877709620889866
2023-06-01,-0.03535213180715957
2023-06-02,-0.024212210875346862
2023-06-03,-0.0644467990350811
2023-06-04,-0.07747609463064575
2023-06-05,-0.0972605036129951
2023-06-06,-0.07959659657932816
2023-06-07,-0.060189032490809646
2023-06-08,-0.051532733612805415
2023-06-09,-0.03761270580537146
2023-06-10,-0.002070406963984306
2023-06-11,0.011617057775240358
2023-06-12,0.03303095690945601
2023-06-13,0.04022136486628991
2023-06-14,0.005915537731456366
2023-06-15,-0.001926906776845927
2023-06-16,-0.02266777905523265
2023-06-17,-0.02744726256640162
2023-06-18,-0.044292325656632325
2023-06-19,-0.05519783040681492
2023-06-20,-0.05979619657902158
2023-06-21,-0.03667537258221587
2023-06-22,-0.03909920420851365
2023-06-23,-0.04171862071693322
2023-06-24,-0.03002816558035759
2023-06-25,-0.008480571442070706
2023-06-26,-0.00816706436797432
2023-06-27,-0.01222909885997625
2023-06-28,-0.034966028056254594
2023-06-29,-0.029811903597364853
2023-06-30,-0.012502065658762218
2023-07-01,-0.02926198903055799
2023-07-02,-0.02705356815012483
2023-07-03,-0.024459708949848724
2023-07-04,0.0029338899221571513
2023-07-05,0.03900519392872015
2023-07-06,0.040536519287337924
2023-07-07,0.04366379225289574
2023-07-08,0.08666934010300831
2023-07-09,0.10334432516193615
2023-07-10,0.12641178929717745
2023-07-11,0.11172882706299814
2023-07-12,0.10353610925181789
2023-07-13,0.10595953245278023
2023-07-14,0.082497493457653
2023-07-15,0.04984388183277799
2023-07-16,0.031693313622631614
2023-07-17,0.013553450738326367
2023-07-18,0.046757877528120995
2023-07-19,0.044026589524219784
2023-07-20,0.019918339594889423
2023-07-21,0.0054753954281203665
2023-07-22,-0.01739519687945923
2023-07-23,-0.010391210407503237
2023-07-24,-0.003909123991622798
2023-07-25,-0.054287851449469904
2023-07-26,-0.048856937408453094
2023-07-27,-0.043029941664365134
2023-07-28,-0.05563934189213271
2023-07-29,-0.06255896970671115
2023-07-30,-0.05925434883516445
2023-07-31,-0.06132368105054031
2023-08-01,-0.05046947810120006
2023-08-02,-0.026749640953897758
2023-08-03,0.008326769634154019
2023-08-04,0.02583193015167562
2023-08-05,0.05300845066279125
2023-08-06,0.052734790422516165
2023-08-07,0.032078034084515705
2023-08-08,0.012831739442970003
2023-08-09,0.00956583612463291
2023-08-10,0.0037740739008627067
2023-08-11,0.032850499005745215
2023-08-12,0.03243369039669952
2023-08-13,0.0076579561649856576
2023-08-14,0.046178501098710356
2023-08-15,0.07815500307913248
2023-08-16,0.06915547068020689
2023-08-17,0.07535822346300369
2023-08-18,0.06496394981744835
2023-08-19,0.044593105185300796
2023-08-20,0.07328404126162913
2023-08-21,0.06431183623659553
2023-08-22,0.03281984837275953
2023-08-23,-0.0028428226289318737
2023-08-24,-0.008790202448583306
2023-08-25,-0.02980094138198497
2023-08-26,-0.02484299426068215
2023-08-27,-0.06272923867320013
2023-08-28,-0.07871030342146978
2023-08-29,-0.06768019701015993
2023-08-30,-0.04705796544179364
2023-08-31,-0.05955804705563994
2023-09-01,-0.04397085230201936
2023-09-02,-0.014175564983981426
2023-09-03,0.0011145565364121257
2023-09-04,-0.007052217763421353
2023-09-05,-0.026611742191999244
2023-09-06,-0.03861418115859683
2023-09-07,-0.027083984678033746
2023-09-08,-0.029169370665203198
2023-09-09,-0.04464205754624384
2023-09-10,-0.04441557314263944
2023-09-11,-0.016154375214645023
2023-09-12,0.01390452266787845
2023-09-13,0.03313651120960848
2023-09-14,0.048648135440725104
2023-09-15,0.09080822541276401
2023-09-16,0.12936758096144807
2023-09-17,0.1682966206762997
2023-09-18,0.15169648416925052
2023-09-19,0.15936078394794873
2023-09-20,0.15485655019404732
2023-09-21,0.13239375553211552
2023-09-22,0.07517801221056697
2023-09-23,0.05088571642939921
2023-09-24,0.028143753248672576
2023-09-25,0.04438278041144961
2023-09-26,0.028889031115034047
2023-09-27,0.02428988712721325
2023-09-28,0.030345320926892905
2023-09-29,0.03254177719231355
2023-09-30,0.017328817603148305
2023-10-01,-0.002806387188417192
2023-10-02,-0.013537770913511493
2023-10-03,0.010409164034185014
2023-10-04,-0.020539640437451823
2023-10-05,-0.06802936696583683
2023-10-06,-0.07877023657436044
2023-10-07,-0.09229888681530174
2023-10-08,-0.10791748930161438
2023-10-09,-0.12295601600860095
2023-10-10,-0.1526889782351306
2023-10-11,-0.15230736324800231
2023-10-12,-0.1333672123382318
2023-10-13,-0.1464060045156964
2023-10-14,-0.15572438786745468
2023-10-15,-0.15397750408223476
2023-10-16,-0.14483564742306487
2023-10-17,-0.15136119153173144
2023-10-18,-0.14787103004810775
2023-10-19,-0.14956893179274322
2023-10-20,-0.12837656757744464
2023-10-21,-0.10538631793693709
2023-10-22,-0.10638596410962464
2023-10-23,-0.11552930907447334
2023-10-24,-0.08748903378559403
2023-10-25,-0.04628442445940095
2023-10-26,-0.005192012096006393
2023-10-27,0.03684371394146835
2023-10-28,0.07474429605143662
2023-10-29,0.11106469701061217
2023-10-30,0.14885372684410236
2023-10-31,0.17044715921897224
2023-11-01,0.18305995599659508
2023-11-02,0.18851080501904116
2023-11-03,0.18317926270767426
2023-11-04,0.20872171731984235
2023-11-05,0.23453291580319524
2023-11-06,0.23042332692506262
2023-11-07,0.21813283581429155
2023-11-08,0.22426683260370917
2023-11-09,0.2195019430325813
2023-11-10,0.22744269880755597
2023-11-11,0.21431223825124945
2023-11-12,0.18416106430737345
2023-11-13,0.16565409935420017
2023-11-14,0.1363521917833146
2023-11-15,0.09887471215775179
2023-11-16,0.06945874099951777
2023-11-17,0.04208540575693487
2023-11-18,0.01585268985933519
2023-11-19,0.018989606929295855
2023-11-20,0.034001953900059334
2023-11-21,0.03863564161651034
2023-11-22,0.03828852848716635
2023-11-23,0.0036946156421671095
2023-11-24,-0.0036322816091793886
2023-11-25,-0.031375631152667616
2023-11-26,-0.04099371746185976
2023-11-27,-0.0692717368568061
2023-11-28,-0.08325756412683338
2023-11-29,-0.10003087483574502
2023-11-30,-0.0830250352186126
2023-12-01,-0.08187704966556375
2023-12-02,-0.09042805442393353
2023-12-03,-0.06541099458409194
2023-12-04,-0.03629106635038737
2023-12-05,-0.038034590604390406
2023-12-06,-0.03447412407116068
2023-12-07,-0.03587497234854753
2023-12-08,-0.04649284810266219
2023-12-09,-0.03277707139408048
2023-12-10,-0.07580572812248354
2023-12-11,-0.09201519045760376
2023-12-12,-0.07994487069659051
2023-12-13,-0.041432726162649924
2023-12-14,-0.056322039606945595
2023-12-15,-0.036997699924230076
2023-12-16,-0.016450519269402664
2023-12-17,0.024765100752428548
2023-12-18,0.047635539003779925
2023-12-19,0.07519219308475211
2023-12-20,0.04433249356943403
2023-12-21,0.06883892263195368
2023-12-22,0.09213159806944238
2023-12-23,0.07182603034446644
2023-12-24,0.044281777886430174
2023-12-25,0.01288370998544286
2023-12-26,-0.010717680017889863
2023-12-27,-0.0169568838921329
2023-12-28,-0.004559387120928071
2023-12-29,-0.03210057119636034
2023-12-30,-0.023186731787045667
2023-12-31,-0.01189623269968243
2024-01-01,0.007644370641338272
2024-01-02,0.02488641550978765
2024-01-03,0.06302268233189401
2024-01-04,0.06846150938898199
2024-01-05,0.04420371381946575
2024-01-06,0.02377960072816454
2024-01-07,-0.022246364159569487
2024-01-08,-0.06359783198928459
2024-01-09,-0.07324918611663433
2024-01-10,-0.11576777576568509
2024-01-11,-0.13099450515370692
2024-01-12,-0.11701828599215769
2024-01-13,-0.10758796871773857
2024-01-14,-0.06730321107256332
2024-01-15,-0.04821677632844068
2024-01-16,-0.056551208242527795
2024-01-17,-0.05487801864301478
2024-01-18,-0.06210218017476121
2024-01-19,-0.06737386090170339
2024-01-20,-0.06666307319370868
2024-01-21,-0.07914724737561751
2024-01-22,-0.060445068938354996
2024-01-23,-0.08667084355642352
2024-01-24,-0.09760676760572007
2024-01-25,-0.05260279141381963
2024-01-26,-0.03196397872813672
2024-01-27,0.012434458018740546
2024-01-28,0.051889250462472836
2024-01-29,0.04966020103803381
2024-01-30,0.1000766418388166
2024-01-31,0.11349066233485905
2024-02-01,0.0739508796136017
2024-02-02,0.05693101533339662
2024-02-03,0.02396616412300756
2024-02-04,0.0027808530304123114
2024-02-05,-0.0014794283458527957
2024-02-06,-0.010710505408820015
2024-02-07,0.0035313853251734972
2024-02-08,0.007893622976423265
2024-02-09,0.013091093407005872
2024-02-10,0.012199931441307488
2024-02-11,-0.00956212838887327
2024-02-12,0.017246245039552077
2024-02-13,-0.0016741690180186453
2024-02-14,-0.04455523588593502
2024-02-15,-0.05610130161030358
2024-02-16,-0.08530195471806079
2024-02-17,-0.10988666157971838
2024-02-18,-0.12824834963367382
2024-02-19,-0.1649224242587659
2024-02-20,-0.1594036407933196
2024-02-21,-0.14011127912091814
2024-02-22,-0.14056144759306377
2024-02-23,-0.10519775326522407
2024-02-24,-0.08956466628965942
2024-02-25,-0.03240782361923078
2024-02-26,-0.011362935007223407
2024-02-27,-0.0019445559225317322
2024-02-28,0.04803859462734117
2024-02-29,0.06461254968651908
2024-03-01,0.06432894638879594
2024-03-02,0.061525709548456486
2024-03-03,0.0202745098629038
2024-03-04,0.02101375875865008
2024-03-05,0.07785479050806732
2024-03-06,0.06853266229367816
2024-03-07,0.10056076581813822
2024-03-08,0.11246893776805234
2024-03-09,0.1497535756264763
2024-03-10,0.18218466985262505
2024-03-11,0.21733295746507597
2024-03-12,0.18757299369230984
2024-03-13,0.20519158666201265
2024-03-14,0.17025092694319377
2024-03-15,0.16032814915991334
2024-03-16,0.12409333627242347
2024-03-17,0.12077388513401233
2024-03-18,0.07773982286838854
2024-03-19,0.03659143075217197
2024-03-20,0.006038603683149901
2024-03-21,-0.031512055146999285
2024-03-22,-0.04464381505019677
2024-03-23,-0.03893634554323111
2024-03-24,-0.03064459416122478
2024-03-25,-0.06693664441817115
2024-03-26,-0.08057608456310306
2024-03-27,-0.11045997627570026
2024-03-28,-0.07432906081641655
2024-03-29,-0.07248330643457057
2024-03-30,-0.06608459504489095
2024-03-31,-0.12730428136710714
2024-04-01,-0.10520264907995847
2024-04-02,-0.10547346063180596
2024-04-03,-0.07984334042492425
2024-04-04,-0.0765936610737763
2024-04-05,-0.0759067595775006
2024-04-06,-0.07255488656501508
2024-04-07,-0.00480681556576712
2024-04-08,0.001982803083518947
2024-04-09,0.020777995164125596
2024-04-10,0.04513840361187893
2024-04-11,0.04029954565374094
2024-04-12,0.03491068218878479
2024-04-13,0.02372695291687532
2024-04-14,0.014204655053382753
2024-04-15,0.031645501790401376
2024-04-16,0.052702293791743626
2024-04-17,-0.004020724771377271
2024-04-18,-0.018884548960811043
2024-04-19,-0.025580702260139532
2024-04-20,-0.024782077963746096
2024-04-21,-0.03495640869402539
2024-04-22,-0.03922691887872998
2024-04-23,-0.052574422779842145
2024-04-24,-0.010177413097874788
2024-04-25,0.0057803516755041695
2024-04-26,-0.00037787141611267394
2024-04-27,-0.023356688374478574
2024-04-28,-0.02758893179639932
2024-04-29,-0.04943199157482625
2024-04-30,-0.05191730325272337
2024-05-01,-0.06492953172106675
2024-05-02,-0.07408678452352324
2024-05-03,-0.07480890296147047
2024-05-04,-0.05699370868466269
2024-05-05,-0.049861412200740474
2024-05-06,-0.052499476459092254
2024-05-07,-0.05293236774063015
2024-05-08,-0.058483642215634735
2024-05-09,-0.06597428813292616
2024-05-10,-0.029275577333131797
2024-05-11,-0.030338445499386246
2024-05-12,-0.07079944620107903
2024-05-13,-0.06778648430408818
2024-05-14,-0.10970977725969633
2024-05-15,-0.12253323580119702
2024-05-16,-0.12632574453718637
2024-05-17,-0.1522002023674447
2024-05-18,-0.17835099050354308
2024-05-19,-0.13543130507370738
2024-05-20,-0.13278868773973196
2024-05-21,-0.0912736902144543
2024-05-22,-0.06413194440402192
2024-05-23,-0.03011357561822192
2024-05-24,-0.018483579891738433
2024-05-25,0.007613383285485886
2024-05-26,0.00462005952760558
2024-05-27,0.027504137121970196
2024-05-28,0.03285902838654664
2024-05-29,0.041917390881888617
2024-05-30,0.022306510921370037
2024-05-31,0.042561216227179344
2024-06-01,0.08319300311308586
2024-06-02,0.09285262488106816
2024-06-03,0.14239993443786592
2024-06-04,0.15007193630714477
2024-06-05,0.14460409013391984
2024-06-06,0.1573254621431519
2024-06-07,0.12003035399278095
2024-06-08,0.08150383698266439
2024-06-09,0.08563962206232856
2024-06-10,0.03888349304931227
2024-06-11,0.007221405538473613
2024-06-12,-0.0079008726853107
2024-06-13,-0.016266279335444
2024-06-14,-0.0063920602512552716
2024-06-15,-0.022982415601921713
2024-06-16,-0.02018040464404347
2024-06-17,-0.025234801943917806
2024-06-18,0.0023801708723891757
2024-06-19,0.00864096770974676
2024-06-20,-0.019392333801494743
2024-06-21,-0.01743338026018859
2024-06-22,-0.017156939080602895
2024-06-23,-0.0986552329905529
2024-06-24,-0.1169725457032611
2024-06-25,-0.13420775393464934
2024-06-26,-0.14991143335522006
2024-06-27,-0.09633332857458976
2024-06-28,-0.10197947242457595
2024-06-29,-0.1157319791279302
2024-06-30,-0.07869340271185699
2024-07-01,-0.04016456712362604
2024-07-02,-0.039338001951261026
2024-07-03,-0.02482375771491252
2024-07-04,-0.05085461964929905
2024-07-05,-0.04091736321486361
2024-07-06,-0.022431210635471266
2024-07-07,-0.0007679549586958601
2024-07-08,-0.03284079924024774
2024-07-09,-0.029402301596665015
2024-07-10,-0.030155293638530534
2024-07-11,-0.056774100209911915
2024-07-12,-0.05708357521537588
2024-07-13,-0.005551731799977255
2024-07-14,0.020282081865181878
2024-07-15,0.05313645478212825
2024-07-16,0.07073346083566223
2024-07-17,0.0921950066763495
2024-07-18,0.11455858058175017
2024-07-19,0.12203914767096125
2024-07-20,0.09668409439290104
2024-07-21,0.06727232956382312
2024-07-22,0.05926163581501198
2024-07-23,0.04465992329926083
2024-07-24,0.006730309881747498
2024-07-25,0.01828077804522832
2024-07-26,-0.014013066559774745
2024-07-27,-0.0447935023026953
2024-07-28,-0.06827726525552591
2024-07-29,-0.08405270774027795
2024-07-30,-0.10486967765919053
2024-07-31,-0.07737611464341254
2024-08-01,-0.09257180144877153
2024-08-02,-0.08758093465109362
2024-08-03,-0.11260284134248377
2024-08-04,-0.109552914446019
2024-08-05,-0.09564737380859967
2024-08-06,-0.0996868574290487
2024-08-07,-0.11814086195778051
2024-08-08,-0.1189088029191373
2024-08-09,-0.12019599741127596
2024-08-10,-0.1138987635198806
2024-08-11,-0.11014099658165621
2024-08-12,-0.13822158161250075
2024-08-13,-0.09990257978423078
2024-08-14,-0.0977027507905921
2024-08-15,-0.07822501829747064
2024-08-16,-0.04729326560314695
2024-08-17,-0.01581639397143364
2024-08-18,-0.007980833111878805
2024-08-19,0.027089701987925707
2024-08-20,0.006439057161588435
2024-08-21,0.02368877091664512
2024-08-22,0.01703459770823046
2024-08-23,0.011199123707338998
2024-08-24,0.006695450119007962
2024-08-25,-0.013718895058681624
2024-08-26,-0.03405770421568788
2024-08-27,-0.04551117882647371
2024-08-28,-0.056789861712289835
2024-08-29,-0.06399063142807637
2024-08-30,-0.035144851250719755
2024-08-31,-0.04789400478205519
2024-09-01,-0.01838333189601704
2024-09-02,-0.015154985784794017
2024-09-03,-0.011518949900381159
2024-09-04,-0.012233036307818468
2024-09-05,-0.013939065570456655
2024-09-06,-0.04173187969810532
2024-09-07,-0.04136939288759678
2024-09-08,-0.046393918185530625
2024-09-09,-0.04975034350874463
2024-09-10,-0.061213657473784155
2024-09-11,-0.0795758616390635
2024-09-12,-0.0635004033556048
2024-09-13,-0.05830559210145703
2024-09-14,-0.0439338017861316
2024-09-15,-0.029980621279861785
2024-09-16,-0.021344618725664066
2024-09-17,-0.0010689530364441646
2024-09-18,0.03327808271388322
2024-09-19,-0.0032031045366268662
2024-09-20,0.013478419910500472
2024-09-21,0.011809190860941454
2024-09-22,-0.004925748476024672
2024-09-23,0.018666785744287262
2024-09-24,0.021657327059585896
2024-09-25,0.02406568207187343
2024-09-26,0.06066156664152578
2024-09-27,0.07321479095859695
2024-09-28,0.09891941186507491
2024-09-29,0.13590946805091209
2024-09-30,0.12238050507186071
2024-10-01,0.15340300659166295
2024-10-02,0.13328539012781637
2024-10-03,0.11585313629213134
2024-10-04,0.13008259717005188
2024-10-05,0.15365332244519436
2024-10-06,0.18589785958103233
2024-10-07,0.21491640339598495
2024-10-08,0.2320091592579694
2024-10-09,0.25727886142603973
2024-10-10,0.2788162143000852
2024-10-11,0.267589633282147
2024-10-12,0.2580389539111205
2024-10-13,0.21502030640407943
2024-10-14,0.19551705110509787
2024-10-15,0.1686255308738318
2024-10-16,0.1696082893132871
2024-10-17,0.1642710341955549
2024-10-18,0.12044377615448276
2024-10-19,0.09822724508890479
2024-10-20,0.12466060000181223
2024-10-21,0.1371652721169776
2024-10-22,0.12558878078958857
2024-10-23,0.13122796006177384
2024-10-24,0.09836439625093574
2024-10-25,0.09282785933469784
2024-10-26,0.05814653614187204
2024-10-27,-0.008692451654811473
2024-10-28,-0.06882977439051019
2024-10-29,-0.07076521043234141
2024-10-30,-0.1029899834430884
2024-10-31,-0.10479531346625237
2024-11-01,-0.10760827771827186
2024-11-02,-0.0960363525225969
2024-11-03,-0.09435643780916814
2024-11-04,-0.09113071828432862
2024-11-05,-0.1139311132619929
2024-11-06,-0.09363743635633237
2024-11-07,-0.06729110028359064
2024-11-08,-0.05598114066474058
2024-11-09,-0.0621329206940503
2024-11-10,-0.03261626611615209
2024-11-11,0.02256936734343884
2024-11-12,0.06770093218741335
2024-11-13,0.08658365370357646
2024-11-14,0.07252730252201678
2024-11-15,0.10778958002639327
2024-11-16,0.17463297345744988
2024-11-17,0.2048088465784197
2024-11-18,0.196065939907345
2024-11-19,0.20132143605567587
2024-11-20,0.20162266338971646
2024-11-21,0.22705823969100924
2024-11-22,0.21275497674293442
2024-11-23,0.19795968001338937
2024-11-24,0.1898478727317361
2024-11-25,0.22777359117902374
2024-11-26,0.17888349181424834
2024-11-27,0.1631197409236731
2024-11-28,0.13662629721602637
2024-11-29,0.09859801260159551
2024-11-30,0.07241821835392748
2024-12-01,0.0602850180492811
2024-12-02,-0.020670153030511562
2024-12-03,-0.014991963218126347
2024-12-04,-0.013994513996231306
2024-12-05,-0.015259604236289137
2024-12-06,-0.019316671138647767
2024-12-07,-0.04132686179235334
2024-12-08,-0.05078392279662314
2024-12-09,-0.03927726584733637
2024-12-10,-0.031566982083210515
2024-12-11,-0.051825089382791734
2024-12-12,-0.05847166369535206
2024-12-13,-0.019215505643457642
2024-12-14,-0.0022325471486822623
2024-12-15,-0.039187776641897654
2024-12-16,-0.016999146425616507
2024-12-17,-0.024225012114747257
2024-12-18,-0.0061864590958242704
2024-12-19,0.01940599666079401
2024-12-20,-0.028701008950451246
2024-12-21,-0.06864732831022846
2024-12-22,-0.030438490814007624
2024-12-23,-0.07102143209048883
2024-12-24,-0.09981148333358336
2024-12-25,-0.1378600611320645
2024-12-26,-0.17949548048200925
2024-12-27,-0.16078377986058978
2024-12-28,-0.1619590776513551
2024-12-29,-0.17289680092512238
2024-12-30,-0.16285629968986748
2024-12-31,-0.15129978428408364
2025-01-01,-0.1503698086969193
2025-01-02,-0.13987587118506295
2025-01-03,-0.14858857194164565
2025-01-04,-0.1157981979088255
2025-01-05,-0.11195949950880824
2025-01-06,-0.10081275001587398
2025-01-07,-0.09904542595071353
2025-01-08,-0.0800636826621518
2025-01-09,-0.056041311660105175
2025-01-10,-0.028349558003307074
2025-01-11,-0.03285124139063533
2025-01-12,-0.0020728836784452698
2025-01-13,0.020599177919917055
2025-01-14,0.06310005006665342
2025-01-15,0.09916592814827907
2025-01-16,0.08097451288111213
2025-01-17,0.09938176224882445
2025-01-18,0.09735429450902555
2025-01-19,0.09126064204973239
2025-01-20,0.0863553996065396
2025-01-21,0.08358982434089812
2025-01-22,0.06260322294573206
2025-01-23,0.06279477558960456
2025-01-24,0.024740080226069106
2025-01-25,0.014715111720658758
2025-01-26,-0.013631246440140798
2025-01-27,-0.019992295363652324
2025-01-28,-0.05527942142557374
2025-01-29,-0.0755912042450334
2025-01-30,-0.08012401758647736
2025-01-31,-0.09020149795652233
2025-02-01,-0.07386991314936597
2025-02-02,-0.04839969104501518
2025-02-03,-0.051292196730844175
2025-02-04,-0.041760447545408086
2025-02-05,-0.019741719788216816
2025-02-06,-0.017970815602672552
2025-02-07,0.013338231218042562
2025-02-08,0.0012259089182651284
2025-02-09,-0.015753731110979552
2025-02-10,-0.010236240860187595
2025-02-11,-0.018639434986665537
2025-02-12,-0.017742341158978547
2025-02-13,-0.004907527168869219
2025-02-14,-0.023916794301568678
2025-02-15,-0.02060080267061326
2025-02-16,-0.040015620299095334
2025-02-17,-0.0356541697124666
2025-02-18,-0.004910168092996381
2025-02-19,-0.0027885752113147033
2025-02-20,0.01000312271633308
2025-02-21,0.0007628938266208696
2025-02-22,0.005729666747062545
2025-02-23,0.01860208541435804
2025-02-24,0.023476899881171853
2025-02-25,0.026291629432862118
2025-02-26,0.01951692321792442
2025-02-27,-0.00870544099718673
2025-02-28,0.028527558557845056
2025-03-01,0.04354804177153748
2025-03-02,0.05926392194025354
2025-03-03,0.04958301177125213
2025-03-04,0.02135765407074408
2025-03-05,0.00945663532640828
2025-03-06,0.052804827122911124
2025-03-07,0.04608731977384206
2025-03-08,0.03813223844262992
2025-03-09,0.03921947052703234
2025-03-10,0.03766569973902323
2025-03-11,0.05614498429033277
2025-03-12,0.07825927524721199
2025-03-13,0.06955761191447185
2025-03-14,0.040153267516080726
2025-03-15,0.03702369824108609
2025-03-16,0.0352670200071854
2025-03-17,0.013879596279622097
2025-03-18,0.008777182274456452
2025-03-19,0.007371518317746961
2025-03-20,-0.049900350506685065
2025-03-21,-0.06212231250750688
2025-03-22,-0.07007258720086063
2025-03-23,-0.07076734790378769
2025-03-24,-0.028434408894385643
2025-03-25,-0.020788257902649265
2025-03-26,-0.030353286222371878
2025-03-27,0.017874357063720536
2025-03-28,0.06458661362398255
2025-03-29,0.08654904206236314
2025-03-30,0.05098380205470976
2025-03-31,0.018950142999255792
2025-04-01,0.015785963703511374
2025-04-02,0.005762484168979398
2025-04-03,-0.005074726426910647
2025-04-04,-0.030985466406414863
2025-04-05,-0.06997297544305014
2025-04-06,-0.06272042660897181
2025-04-07,-0.07711130121506227
2025-04-08,-0.09433671425049361
2025-04-09,-0.0880113239273066
2025-04-10,-0.09250891593622435
2025-04-11,-0.09867297244593487
2025-04-12,-0.08684386818065615
2025-04-13,-0.07832352203484849
2025-04-14,-0.05485546086538062
2025-04-15,-0.05781848125925215
2025-04-16,-0.06705102449492417
2025-04-17,-0.05377473200283578
2025-04-18,-0.06173493786079709
2025-04-19,-0.04334664850396597
2025-04-20,-0.04237453933266433
2025-04-21,-0.06531437831928877
2025-04-22,-0.03254931649257686
2025-04-23,-0.031509833747624505
2025-04-24,-0.03496674104317432
2025-04-25,0.0011299417839631953
2025-04-26,0.007936753209002001
2025-04-27,0.02988814088458036
2025-04-28,0.06671575497394788
2025-04-29,0.06681759625376671
2025-04-30,0.0974282101836148
2025-05-01,0.09830088187946662
2025-05-02,0.1055514762524461
2025-05-03,0.09783431521309893
2025-05-04,0.06746316656215612
2025-05-05,0.06129330024439161
2025-05-06,0.043352945044416114
2025-05-07,0.04394588304669256
2025-05-08,0.07007751162598597
2025-05-09,0.07171194693108562
2025-05-10,0.11146974075823457
2025-05-11,0.14701548777906281
2025-05-12,0.10659354014088795
2025-05-13,0.12293725171203085
2025-05-14,0.10956432363126001
2025-05-15,0.0727664696717234
2025-05-16,0.06273677832274394
2025-05-17,0.020898953771054884
2025-05-18,0.0009481423660822053
2025-05-19,0.009569318173088925
2025-05-20,-0.007008653006930765
2025-05-21,0.01209314116617577
2025-05-22,0.016408418537648073
2025-05-23,0.002080427750409841
2025-05-24,0.014131212956465466
2025-05-25,0.006484255148851759
2025-05-26,0.03092035863000331
2025-05-27,-0.0037771734442030303
2025-05-28,-0.024358419105473317
2025-05-29,-0.04280590201469037
2025-05-30,-0.0721894827095434
2025-05-31,-0.1014354136902873
2025-06-01,-0.09932844726035328
2025-06-02,-0.11275782903978704
2025-06-03,-0.07823871937064841
2025-06-04,-0.08865825036720387
2025-06-05,-0.09284655940771525
2025-06-06,-0.08451283804913745
2025-06-07,-0.08918732695644671
2025-06-08,-0.08990054847683626
2025-06-09,-0.08590090953567608
2025-06-10,-0.09591498632570661
2025-06-11,-0.11459718993876244
2025-06-12,-0.10481307092803427
2025-06-13,-0.07934493869279335
2025-06-14,-0.06698842497721424
2025-06-15,-0.0886981681033071
2025-06-16,-0.08432175078214499
2025-06-17,-0.10441888562738233
2025-06-18,-0.07674863290245315
2025-06-19,-0.08952287282236904
2025-06-20,-0.0977631999571158
2025-06-21,-0.09103947577150917
2025-06-22,-0.07916466600234684
2025-06-23,-0.11661700445082779
2025-06-24,-0.09746209808160267
2025-06-25,-0.08338338765440811
2025-06-26,-0.028455384861523658
2025-06-27,-0.028407879334094943
2025-06-28,-0.008245576473959404
2025-06-29,0.014873636931967305
2025-06-30,0.036035651699675375
2025-07-01,0.04952024335016669
2025-07-02,0.038460225599254105
2025-07-03,-0.0026477980439549853
2025-07-04,-0.0031957918522538264
2025-07-05,0.007086011384576096
2025-07-06,0.020503895558967367
2025-07-07,0.03294829121859233
2025-07-08,0.02887646838389868
2025-07-09,0.06354576799896638
2025-07-10,0.10485974351956306
2025-07-11,0.13216961184274956
2025-07-12,0.13493720694947098
2025-07-13,0.15275816902354222
2025-07-14,0.20186444661994773
2025-07-15,0.20935224995443869
2025-07-16,0.1473632120112769
2025-07-17,0.1438743140665102
2025-07-18,0.1205623419343107
2025-07-19,0.09547187378564814
2025-07-20,0.0813929307649186
2025-07-21,0.048498273233183564
2025-07-22,0.04170370436458648
2025-07-23,0.0597752193130443
2025-07-24,0.045256958053429885
2025-07-25,0.04613331151039479
2025-07-26,0.046330620581343185
2025-07-27,0.057713588278049954
2025-07-28,0.06774363861392718
2025-07-29,0.03592089014009803
2025-07-30,0.015267242451006302
2025-07-31,0.015607840571278064
2025-08-01,0.005492877100232718
2025-08-02,-0.02172002020343533
2025-08-03,-0.0857649782665354
2025-08-04,-0.10247261542342312
2025-08-05,-0.07444782328261601
2025-08-06,-0.05367626870887887
2025-08-07,-0.04568593962649137
2025-08-08,-0.042133442546726796
2025-08-09,-0.040421829825803335
2025-08-10,0.001292545542245005
2025-08-11,0.009734348920753089
2025-08-12,0.008027360567347985
2025-08-13,0.014545342718057297
2025-08-14,0.00028137514826775956
2025-08-15,-0.028335440772282672
2025-08-16,-0.025965351936445336
2025-08-17,-0.04713736176818495
2025-08-18,-0.04331673056107177
2025-08-19,-0.0560627108700914
2025-08-20,-0.08680066580212797
2025-08-21,-0.10286760031838671
2025-08-22,-0.06380818907461105
2025-08-23,-0.017467390573548847
2025-08-24,-0.010753312658673853
2025-08-25,-0.018484188667689305
2025-08-26,-0.019103971642832063
2025-08-27,-0.014865926418046405
2025-08-28,0.004054751834399406
2025-08-29,-0.003531870024976791
2025-08-30,-0.05223013433852497
2025-08-31,-0.07429888184191025
2025-09-01,-0.0664518331670878
2025-09-02,-0.06179140006483397
2025-09-03,-0.057083687984538445
2025-09-04,-0.06441550881600511
2025-09-05,-0.07252972773897992
2025-09-06,-0.06279286988529698
2025-09-07,-0.038400418661357016
2025-09-08,-0.039421087448598846
2025-09-09,-0.03402275450567094
2025-09-10,-0.02302634027918271
2025-09-11,-0.03334490521948963
2025-09-12,-0.059272881212104944
2025-09-13,-0.04674033872124428
2025-09-14,-0.04967427125120483
2025-09-15,-0.05040975555303984
2025-09-16,-0.05737555084310275
2025-09-17,-0.07289739237182402
2025-09-18,-0.05933344834298471
2025-09-19,-0.00993084862037974
2025-09-20,0.0006962246810766626
2025-09-21,-0.0018346058924872954
2025-09-22,-0.019783794244847663
2025-09-23,-0.02892680609098408
2025-09-24,-0.02349591528443684
2025-09-25,-0.041821179323032975
2025-09-26,-0.07406670618018396
2025-09-27,-0.09328883327280102
2025-09-28,-0.09072447854091537
2025-09-29,-0.08824390588939712
2025-09-30,-0.07169414738002777
2025-10-01,-0.03769617949394066
2025-10-02,-0.007644514558489246
2025-10-03,-0.0054970328239497546
2025-10-04,0.010095279880984354
2025-10-05,0.008670003412014404
2025-10-06,0.0034208791647800663
2025-10-07,0.002613015322300294
2025-10-08,-0.020475950198017068
2025-10-09,-0.05463910150484785
2025-10-10,-0.04584673087204161
2025-10-11,-0.0393279090948242
2025-10-12,-0.015529227547411706
2025-10-13,0.014127291449520074
2025-10-14,0.04494590203764215
2025-10-15,0.05814955322903104
2025-10-16,0.10986509825491542
2025-10-17,0.1416850235395002
2025-10-18,0.16260893385757758
2025-10-19,0.170785030963732
2025-10-20,0.15663733364550825
2025-10-21,0.1139705417787551
2025-10-22,0.09922977927105325
2025-10-23,0.07787234344131111
2025-10-24,0.054338799953875805
2025-10-25,0.01815144657997214
2025-10-26,-0.0007985970968159561
2025-10-27,-0.0031596343820861073
2025-10-28,0.0020585254676612763
2025-10-29,0.0025933475335135903
2025-10-30,-0.004621333965920682
2025-10-31,-0.02779176161099073
2025-11-01,-0.030153267440972464
2025-11-02,-0.04212101111579736
2025-11-03,-0.041135880933690694
2025-11-04,-0.031585407472424
2025-11-05,-0.039520320645168305
2025-11-06,-0.05940788405418407
2025-11-07,-0.0697428631609075
2025-11-08,-0.08748346148594988
2025-11-09,-0.07108894252577047
2025-11-10,-0.0689437521191123
2025-11-11,-0.06463029200444381
2025-11-12,-0.0522661354848617
2025-11-13,-0.032802046360997816
2025-11-14,0.010607043382044212
2025-11-15,0.07541052955236682
2025-11-16,0.10144640294767582
2025-11-17,0.09395892572408715
2025-11-18,0.09394223390368728
2025-11-19,0.09321657771467629
2025-11-20,0.08479033951829096
2025-11-21,0.06695627952345506
2025-11-22,0.05309821068003018
2025-11-23,-0.01061299461359444
2025-11-24,-0.027286361535802328
2025-11-25,-0.05690934355550159
2025-11-26,-0.06411596491464189
2025-11-27,-0.06769568793181202
2025-11-28,-0.05370500244609511
2025-11-29,-0.08674378413751926
2025-11-30,-0.0756453161257934
2025-12-01,-0.0681088764885367
2025-12-02,-0.05896805450366349
2025-12-03,-0.0719700864657592
2025-12-04,-0.08059070231447074
2025-12-05,-0.1341487437850002
2025-12-06,-0.14578286298795717
2025-12-07,-0.148593678739377
2025-12-08,-0.1566326657624756
2025-12-09,-0.15806328385956936
2025-12-10,-0.1349372977779344
2025-12-11,-0.11956941329852433
2025-12-12,-0.08646304856311837
2025-12-13,-0.06485814031372528
2025-12-14,-0.04874309163795454
2025-12-15,-0.009139340885902403
2025-12-16,0.00969199096985962
2025-12-17,0.021375612551541412
2025-12-18,0.032490021252185475
2025-12-19,0.04747302319863045
2025-12-20,0.058438494903260585
2025-12-21,0.058860809944004
2025-12-22,0.04395376587832245
2025-12-23,0.05028417388657802
2025-12-24,0.03080979926624683
2025-12-25,0.01270154794599443
2025-12-26,0.00047431933673047766
2025-12-27,0.012462419911837053
2025-12-28,0.05633021882802547
2025-12-29,0.08495700410277562
2025-12-30,0.07086952502140198
2025-12-31,0.07559036673265718
2026-01-01,0.05137923448952342
2026-01-02,0.05853029096933149
2026-01-03,0.04090632122378057
2026-01-04,-0.009645043222371807
2026-01-05,-0.04919553867891957
2026-01-06,-0.06129447995198822
2026-01-07,-0.09229842014531642
2026-01-08,-0.08055849034327034
2026-01-09,-0.10838754359494418
2026-01-10,-0.0932694555353536
2026-01-11,-0.11509757589932545
2026-01-21,-0.12309943482567542
2026-01-22,-0.12150786076309605
2026-01-23,-0.07624187334478216
2026-01-24,-0.08660366956887611
2026-01-25,-0.10129604690859118
2026-01-26,-0.15092813223715285
2026-01-27,-0.14078984876501333
2026-01-28,-0.14265245535058024
2026-01-29,-0.14153407162093223
2026-01-30,-0.12017264699733476
2026-01-31,-0.07917588308919954
2026-02-01,-0.05139248133879659
2026-02-02,-0.006824099992322141
2026-02-03,0.04387632351023907
2026-02-04,0.06604647047425849
2026-02-05,0.10898490377132464
2026-02-06,0.11530281851585955
2026-02-07,0.11652239461316305
2026-02-08,0.07722947016343484
2026-02-09,0.09253045481328659
2026-02-10,0.07802406275412777
2026-02-11,0.07731737399539185
2026-02-12,0.04365252261885022
2026-02-13,0.025708621187121805
2026-02-14,0.036197057146949874
2026-02-15,0.058940630104258984
2026-02-16,-0.11979571709257797
2026-02-17,-0.2655944272464231
2026-02-18,-0.3471371295815239
2026-02-19,-0.37136301138129313
2026-02-20,-0.3983815436070991
2026-02-21,-0.4086806857323616
2026-02-22,-0.41351695946169276
2026-02-23,-0.29934137099991565
2026-02-24,-0.16963158961018865
2026-02-25,-0.1150982835702754
2026-02-26,-0.11249908145286558
2026-02-27,-0.08618221559956252
2026-02-28,-0.06640817423686363
2026-03-01,-0.04736627542755645
2026-03-02,-0.016667770293714912
2026-03-03,-0.005150012047906993
2026-03-04,0.021537089899617667
2026-03-05,0.054877404991885204
2026-03-06,0.0564951534649194
2026-03-07,0.05627294610039324
2026-03-08,0.22053726781174676
2026-03-09,0.4523699632275937
2026-03-10,0.6047813454853941
2026-03-11,0.6042919390907224
2026-03-12,0.6098660158125955
2026-03-13,0.6085830051260397
2026-03-14,0.5898876023854311
2026-03-15,0.30191727177957683
2026-03-16,0.08751324547650507
2026-03-17,0.0014090776265558436
2026-03-18,-0.01647614419840826
2026-03-19,-0.0367381104759148
2026-03-20,-0.058106648099685576
2026-03-21,-0.06039393356837097
2026-03-22,-0.06435067240367809
2026-03-23,-0.06327945889390796
2026-03-24,-0.07256527215016195
2026-03-25,-0.06222462196847356
2026-03-26,-0.0561503526841437
2026-03-27,-0.04249638881406892
2026-03-28,-0.04306204204640618
2026-03-29,-0.049985495155976944
2026-03-30,-0.05014631466316566
2026-03-31,-0.030015325100205437
2026-04-01,-0.015035986316290662
2026-04-02,-0.006035985737498528
2026-04-03,-0.00110916650766546
2026-04-04,0.0011918485868720463
2026-04-05,-0.00028794756213124106
2026-04-06,-0.004216634489365267
2026-04-07,-0.005166744677347124
2026-04-08,-0.01320462496700392
2026-04-09,-0.013072146610081048
2026-04-10,-0.018824789405392006
2026-04-11,-0.02780880546599107
2026-04-12,-0.025860579095534297
2026-04-13,-0.017868698155880214
2026-04-14,-0.024437728504539846
2026-04-15,-0.032669734113411786
2026-04-16,-0.026766975882387745
2026-04-17,-0.013636915354981127
2026-04-18,0.004913545426820987
2026-04-19,0.011480931177455078
2026-04-20,0.008078753904812608
2026-04-21,-0.0024402498644685577
2026-04-22,2.1298677158387846e-05
2026-04-23,-0.004868996873781395
2026-04-24,-0.008120604871005188
2026-04-25,-0.010238368998685798
2026-04-26,-0.005878317085102003
2026-04-27,-0.004415204729674049
2026-04-28,0.005669977408468085
2026-04-29,0.010691716189819234
2026-04-30,0.010804727536143366
2026-05-01,0.014618878078296094
2026-05-02,0.013324437146218004
2026-05-03,0.01191422012730703
2026-05-04,0.012102178986122203
2026-05-05,0.027694635352558894
2026-05-06,0.02230583187041346
2026-05-07,0.01887736584298061
2026-05-08,0.014721509705166724
2026-05-09,0.11716218445543936
2026-05-10,0.1166931211537845
2026-05-11,0.11578621623213214
2026-05-12,0.10037794665763111
2026-05-13,0.1052151170755482
2026-05-14,0.10636097153821034
2026-05-15,0.11274235643214325
2026-05-16,0.010176323581683855
2026-05-17,0.007726209004823126
2026-05-18,0.01405579319162542
2026-05-19,0.013651649027127233
2026-05-20,0.006170685667658438
2026-05-21,-0.0018215577723915688
2026-05-22,-0.0026199967426963067
2026-05-23,-0.004500181543398263
2026-05-24,-0.012337345471924777
2026-05-25,-0.03416377077799326
2026-05-26,-0.039195137008056546
2026-05-27,-0.03794454442353279
2026-05-28,-0.030736072330551978
2026-05-29,-0.1225801108825273
2026-05-30,-0.11987969466731907
2026-05-31,-0.1102633276425431
2026-06-01,-0.08193709258043513
2026-06-02,-0.07246166505892693
2026-06-03,-0.06275218589835951
2026-06-04,-0.055217353708451156
2026-06-05,0.04852328237493175
2026-06-06,0.05155917454790604
2026-06-07,0.04555538941181192
2026-06-08,0.0315465678056408
2026-06-09,0.028614671310676076
2026-06-10,0.022420590250468164
2026-06-11,0.0021047303070083068
2026-06-12,-0.005761808365756904
2026-06-13,-0.01355874698071824
2026-06-14,-1.1685635027069985e-05
2026-06-15,0.013277095853802212
2026-06-16,0.01635686626439714
2026-06-17,0.013260720005636717
2026-06-18,0.025961187870141345
2026-06-19,0.011133184535274676
2026-06-20,0.002099516574965543
2026-06-21,-0.02814213819071687
2026-06-22,-0.047238551825805386
2026-06-23,-0.05856520537022003
2026-06-24,-0.06740419214807314
2026-06-25,-0.0705978967505112
2026-06-26,-0.06231418907055619
2026-06-27,-0.049284613992755744
2026-06-28,-0.02576499190114745
2026-06-29,-0.010112534170170107
2026-06-30,0.024386598304703133
2026-07-01,0.05966357798731092
2026-07-02,0.07320081434179038
2026-07-03,0.09037210036770005
2026-07-04,0.08588606372706797
2026-07-05,0.0655248260449639
2026-07-06,0.04884032236033331
2026-07-07,0.02684628781314502
2026-07-08,-0.005890737814136515
2026-07-09,-0.011809116750669868
2026-07-10,-0.014488634637439213
2026-07-11,-0.009782904942569726
2026-07-12,0.0030626166437952573
2026-07-13,0.01216347216176139
2026-07-14,0.000644001620597523
2026-07-15,0.005311369149401557
2026-07-16,-0.007985688989383455
2026-07-17,-0.026303509002722048
2026-07-18,-0.030621812539449844
2026-07-19,-0.039253602135187804
2026-07-20,-0.06790139080945368
2026-07-21,-0.07427455145677353
2026-07-22,-0.08283591055848538
2026-07-23,-0.0786872544498386
2026-07-24,-0.058095545045757535
2026-07-25,-0.046554056959868695
2026-07-26,-0.01586420965835844
2026-07-27,0.017572716986788528
2026-07-28,0.04138170998943291
2026-07-29,0.05880750293556081
2026-07-30,0.06543890124428664
2026-07-31,0.08631377019587028
2026-08-01,0.10433456312641676
2026-08-02,0.09763885595667543
2026-08-03,0.11775207912406627
2026-08-04,0.1127818939173233
2026-08-05,0.13215777280620533
2026-08-06,0.14307975832132014
2026-08-07,0.11237870088216839
2026-08-08,0.08799100488270528
2026-08-09,0.07933610833404714
2026-08-10,0.054545263982632486
2026-08-11,0.04906641693075686
2026-08-12,0.028010577456716534
2026-08-13,0.0010284675001559496
2026-08-14,-0.010291089325336844
2026-08-15,-0.0301535695070555
2026-08-16,-0.04377908655935747
2026-08-17,-0.042771535804738026
2026-08-18,-0.040131878211338234
2026-08-19,-0.04217630692005647
2026-08-20,-0.04723543871588476
2026-08-21,-0.051211505319946116
2026-08-22,-0.042163387929170626
2026-08-23,-0.046801013399468405
2026-08-24,-0.04738026475774437
2026-08-25,-0.05288723597447487
2026-08-26,-0.052720362597285075
2026-08-27,-0.03541258430907279
2026-08-28,-0.02480090579607408
2026-08-29,-0.020391906578795194
2026-08-30,-0.01137284427996399
2026-08-31,0.005092267337108325
2026-09-01,0.018725811430405637
2026-09-02,0.027881504380182776
2026-09-03,0.04412861402917301
2026-09-04,0.048481565500725354
2026-09-05,0.05780343317668746
2026-09-06,0.0625828044305683
2026-09-07,0.04148976485547218
2026-09-08,0.023894432070922234
2026-09-09,0.010104256064285444
2026-09-10,-0.01592049377963034
2026-09-11,-0.028916854325169328
2026-09-12,-0.0386336226072751
2026-09-13,-0.04538625049978806
2026-09-14,-0.046268243263901
