fecha,liveliness_delta20
2009-01-29,0.00000000
2009-01-30,0.00000000
2009-01-31,0.00000000
2009-02-01,0.00000000
2009-02-02,0.00000000
2009-02-03,0.00000000
2009-02-04,0.00000000
2009-02-05,0.00000000
2009-02-06,0.00000000
2009-02-07,0.00000000
2009-02-08,0.00000000
2009-02-09,0.00000000
2009-02-10,0.00000000
2009-02-11,0.00000000
2009-02-12,0.00000000
2009-02-13,0.00000000
2009-02-14,0.00000000
2009-02-15,0.00000000
2009-02-16,0.00000000
2009-02-17,0.00000000
2009-02-18,0.00000000
2009-02-19,0.00000000
2009-02-20,0.00000000
2009-02-21,0.00000000
2009-02-22,0.00000000
2009-02-23,0.00000000
2009-02-24,0.00000000
2009-02-25,0.00000000
2009-02-26,0.00000000
2009-02-27,0.00000000
2009-02-28,0.00000000
2009-03-01,0.00000000
2009-03-02,0.00000000
2009-03-03,0.00000000
2009-03-04,0.00000000
2009-03-05,0.00000000
2009-03-06,0.00000000
2009-03-07,0.00000000
2009-03-08,0.00000000
2009-03-09,0.00000000
2009-03-10,0.00000000
2009-03-11,0.00000000
2009-03-12,0.00000000
2009-03-13,0.00000000
2009-03-14,0.00000000
2009-03-15,0.00000000
2009-03-16,0.00000000
2009-03-17,0.00000000
2009-03-18,0.00000000
2009-03-19,0.00000000
2009-03-20,0.00000000
2009-03-21,0.00000000
2009-03-22,0.00000000
2009-03-23,0.00000000
2009-03-24,0.00000000
2009-03-25,0.00000000
2009-03-26,0.00000000
2009-03-27,0.00000000
2009-03-28,0.00000000
2009-03-29,0.00000000
2009-03-30,0.00000000
2009-03-31,0.00000000
2009-04-01,0.00000000
2009-04-02,0.00000000
2009-04-03,0.00000000
2009-04-04,0.00000000
2009-04-05,0.00000000
2009-04-06,0.00000000
2009-04-07,0.00000000
2009-04-08,0.00000000
2009-04-09,0.00000000
2009-04-10,0.00000000
2009-04-11,0.00000000
2009-04-12,0.00000000
2009-04-13,0.00000000
2009-04-14,0.00000000
2009-04-15,0.00000000
2009-04-16,0.00000000
2009-04-17,0.00000000
2009-04-18,0.00000000
2009-04-19,0.00000000
2009-04-20,0.00000000
2009-04-21,0.00000000
2009-04-22,0.00000000
2009-04-23,0.00000000
2009-04-24,0.00000000
2009-04-25,0.00000000
2009-04-26,0.00000000
2009-04-27,0.00000000
2009-04-28,0.00000000
2009-04-29,0.00000000
2009-04-30,0.00000000
2009-05-01,0.00000000
2009-05-02,0.00000000
2009-05-03,0.00000000
2009-05-04,0.00000000
2009-05-05,0.00000000
2009-05-06,0.00000000
2009-05-07,0.00000000
2009-05-08,0.00000000
2009-05-09,0.00000000
2009-05-10,0.00000000
2009-05-11,0.00000000
2009-05-12,0.00000000
2009-05-13,0.00000000
2009-05-14,0.00000000
2009-05-15,0.00000000
2009-05-16,0.00000000
2009-05-17,0.00000000
2009-05-18,0.00000000
2009-05-19,0.00000000
2009-05-20,0.00000000
2009-05-21,0.00000000
2009-05-22,0.00000000
2009-05-23,0.00000000
2009-05-24,0.00000000
2009-05-25,0.00000000
2009-05-26,0.00000000
2009-05-27,0.00000000
2009-05-28,0.00000000
2009-05-29,0.00000000
2009-05-30,0.00000000
2009-05-31,0.00000000
2009-06-01,0.00000000
2009-06-02,0.00000000
2009-06-03,0.00000000
2009-06-04,0.00000000
2009-06-05,0.00000000
2009-06-06,0.00000000
2009-06-07,0.00000000
2009-06-08,0.00000000
2009-06-09,0.00000000
2009-06-10,0.00000000
2009-06-11,0.00000000
2009-06-12,0.00000000
2009-06-13,0.00000000
2009-06-14,0.00000000
2009-06-15,0.00000000
2009-06-16,0.00000000
2009-06-17,0.00000000
2009-06-18,0.00000000
2009-06-19,0.00000000
2009-06-20,0.00000000
2009-06-21,0.00000000
2009-06-22,0.00000000
2009-06-23,0.00000000
2009-06-24,0.00000000
2009-06-25,0.00000000
2009-06-26,0.00000000
2009-06-27,0.00000000
2009-06-28,0.00000000
2009-06-29,0.00000000
2009-06-30,0.00000000
2009-07-01,0.00000000
2009-07-02,0.00000000
2009-07-03,0.00000000
2009-07-04,0.00000000
2009-07-05,0.00000000
2009-07-06,0.00000000
2009-07-07,0.00000000
2009-07-08,0.00000000
2009-07-09,0.00000000
2009-07-10,0.00000000
2009-07-11,0.00000000
2009-07-12,0.00000000
2009-07-13,0.00000000
2009-07-14,0.00000000
2009-07-15,0.00000000
2009-07-16,0.00000000
2009-07-17,0.00000000
2009-07-18,0.00000000
2009-07-19,0.00000000
2009-07-20,0.00000000
2009-07-21,0.00000000
2009-07-22,0.00000000
2009-07-23,0.00000000
2009-07-24,0.00000000
2009-07-25,0.00000000
2009-07-26,0.00000000
2009-07-27,0.00000000
2009-07-28,0.00000000
2009-07-29,0.00000000
2009-07-30,0.00000000
2009-07-31,0.00000000
2009-08-01,0.00000000
2009-08-02,0.00000000
2009-08-03,0.00000000
2009-08-04,0.00000000
2009-08-05,0.00000000
2009-08-06,0.00000000
2009-08-07,0.00000000
2009-08-08,0.00000000
2009-08-09,0.00000000
2009-08-10,0.00000000
2009-08-11,0.00000000
2009-08-12,0.00000000
2009-08-13,0.00000000
2009-08-14,0.00000000
2009-08-15,0.00000000
2009-08-16,0.00000000
2009-08-17,0.00000000
2009-08-18,0.00000000
2009-08-19,0.00000000
2009-08-20,0.00000000
2009-08-21,0.00000000
2009-08-22,0.00000000
2009-08-23,0.00000000
2009-08-24,0.00000000
2009-08-25,0.00000000
2009-08-26,0.00000000
2009-08-27,0.00000000
2009-08-28,0.00000000
2009-08-29,0.00000000
2009-08-30,0.00000000
2009-08-31,0.00000000
2009-09-01,0.00000000
2009-09-02,0.00000000
2009-09-03,0.00000000
2009-09-04,0.00000000
2009-09-05,0.00000000
2009-09-06,0.00000000
2009-09-07,0.00000000
2009-09-08,0.00000000
2009-09-09,0.00000000
2009-09-10,0.00000000
2009-09-11,0.00000000
2009-09-12,0.00000000
2009-09-13,0.00000000
2009-09-14,0.00000000
2009-09-15,0.00000000
2009-09-16,0.00000000
2009-09-17,0.00000000
2009-09-18,0.00000000
2009-09-19,0.00000000
2009-09-20,0.00000000
2009-09-21,0.00000000
2009-09-22,0.00000000
2009-09-23,0.00000000
2009-09-24,0.00000000
2009-09-25,0.00000000
2009-09-26,0.00000000
2009-09-27,0.00000000
2009-09-28,0.00000000
2009-09-29,0.00000000
2009-09-30,0.00000000
2009-10-01,0.00000000
2009-10-02,0.00000000
2009-10-03,0.00000000
2009-10-04,0.00000000
2009-10-05,0.00000000
2009-10-06,0.00000000
2009-10-07,0.00000000
2009-10-08,0.00000000
2009-10-09,0.00000000
2009-10-10,0.00000000
2009-10-11,0.00000000
2009-10-12,0.00000000
2009-10-13,0.00000000
2009-10-14,0.00000000
2009-10-15,0.00000000
2009-10-16,0.00000000
2009-10-17,0.00000000
2009-10-18,0.00000000
2009-10-19,0.00000000
2009-10-20,0.00000000
2009-10-21,0.00000000
2009-10-22,0.00000000
2009-10-23,0.00000000
2009-10-24,0.00000000
2009-10-25,0.00000000
2009-10-26,0.00000000
2009-10-27,0.00000000
2009-10-28,0.00000000
2009-10-29,0.00000000
2009-10-30,0.00000000
2009-10-31,0.00000000
2009-11-01,0.00000000
2009-11-02,0.00000000
2009-11-03,0.00000000
2009-11-04,0.00000000
2009-11-05,0.00000000
2009-11-06,0.00000000
2009-11-07,0.00000000
2009-11-08,0.00000000
2009-11-09,0.00000000
2009-11-10,0.00000000
2009-11-11,0.00000000
2009-11-12,0.00000000
2009-11-13,0.00000000
2009-11-14,0.00000000
2009-11-15,0.00000000
2009-11-16,0.00000000
2009-11-17,0.00000000
2009-11-18,0.00000000
2009-11-19,0.00000000
2009-11-20,0.00000000
2009-11-21,0.00000000
2009-11-22,0.00000000
2009-11-23,0.00000000
2009-11-24,0.00000000
2009-11-25,0.00000000
2009-11-26,0.00000000
2009-11-27,0.00000000
2009-11-28,0.00000000
2009-11-29,0.00000000
2009-11-30,0.00000000
2009-12-01,0.00000000
2009-12-02,0.00000000
2009-12-03,0.00000000
2009-12-04,0.00000000
2009-12-05,0.00000000
2009-12-06,0.00000000
2009-12-07,0.00000000
2009-12-08,0.00000000
2009-12-09,0.00000000
2009-12-10,0.00000000
2009-12-11,0.00000000
2009-12-12,0.00000000
2009-12-13,0.00000000
2009-12-14,0.00000000
2009-12-15,0.00000000
2009-12-16,0.00000000
2009-12-17,0.00000000
2009-12-18,0.00000000
2009-12-19,0.00000000
2009-12-20,0.00000000
2009-12-21,0.00000000
2009-12-22,0.00000000
2009-12-23,0.00000000
2009-12-24,0.00000000
2009-12-25,0.00000000
2009-12-26,0.00000000
2009-12-27,0.00000000
2009-12-28,0.00000000
2009-12-29,0.00000000
2009-12-30,0.00000000
2009-12-31,0.00000000
2010-01-01,0.00000000
2010-01-02,0.00000000
2010-01-03,0.00000000
2010-01-04,0.00000000
2010-01-05,0.00000000
2010-01-06,0.00000000
2010-01-07,0.00000000
2010-01-08,0.00000000
2010-01-09,0.00000000
2010-01-10,0.00000000
2010-01-11,0.00000000
2010-01-12,0.00000000
2010-01-13,0.00000000
2010-01-14,0.00000000
2010-01-15,0.00000000
2010-01-16,0.00000000
2010-01-17,0.00000000
2010-01-18,0.00000000
2010-01-19,0.00000000
2010-01-20,0.00000000
2010-01-21,0.00000000
2010-01-22,0.00000000
2010-01-23,0.00000000
2010-01-24,0.00000000
2010-01-25,0.00000000
2010-01-26,0.00000000
2010-01-27,0.00000000
2010-01-28,0.00000000
2010-01-29,0.00000000
2010-01-30,0.00000000
2010-01-31,0.00000000
2010-02-01,0.00000000
2010-02-02,0.00000000
2010-02-03,0.00000000
2010-02-04,0.00000000
2010-02-05,0.00000000
2010-02-06,0.00000000
2010-02-07,0.00000000
2010-02-08,0.00000000
2010-02-09,0.00000000
2010-02-10,0.00000000
2010-02-11,0.00000000
2010-02-12,0.00000000
2010-02-13,0.00000000
2010-02-14,0.00000000
2010-02-15,0.00000000
2010-02-16,0.00000000
2010-02-17,0.00000000
2010-02-18,0.00000000
2010-02-19,0.00000000
2010-02-20,0.00000000
2010-02-21,0.00000000
2010-02-22,0.00000000
2010-02-23,0.00000000
2010-02-24,0.00000000
2010-02-25,0.00000000
2010-02-26,0.00000000
2010-02-27,0.00000000
2010-02-28,0.00000000
2010-03-01,0.00000000
2010-03-02,0.00000000
2010-03-03,0.00000000
2010-03-04,0.00000000
2010-03-05,0.00000000
2010-03-06,0.00000000
2010-03-07,0.00000000
2010-03-08,0.00000000
2010-03-09,0.00000000
2010-03-10,0.00000000
2010-03-11,0.00000000
2010-03-12,0.00000000
2010-03-13,0.00000000
2010-03-14,0.00000000
2010-03-15,0.00000000
2010-03-16,0.00000000
2010-03-17,0.00000000
2010-03-18,0.00000000
2010-03-19,0.00000000
2010-03-20,0.00000000
2010-03-21,0.00000000
2010-03-22,0.00000000
2010-03-23,0.00000000
2010-03-24,0.00000000
2010-03-25,0.00000000
2010-03-26,0.00000000
2010-03-27,0.00000000
2010-03-28,0.00000000
2010-03-29,0.00000000
2010-03-30,0.00000000
2010-03-31,0.00000000
2010-04-01,0.00000000
2010-04-02,0.00000000
2010-04-03,0.00000000
2010-04-04,0.00000000
2010-04-05,0.00000000
2010-04-06,0.00000000
2010-04-07,0.00000000
2010-04-08,0.00000000
2010-04-09,0.00000000
2010-04-10,0.00000000
2010-04-11,0.00000000
2010-04-12,0.00000000
2010-04-13,0.00000000
2010-04-14,0.00000000
2010-04-15,0.00000000
2010-04-16,0.00000000
2010-04-17,0.00000000
2010-04-18,0.00000000
2010-04-19,0.00000000
2010-04-20,0.00000000
2010-04-21,0.00000000
2010-04-22,0.00000000
2010-04-23,0.00000000
2010-04-24,0.00000000
2010-04-25,0.00000000
2010-04-26,0.00000000
2010-04-27,0.00000000
2010-04-28,0.00000000
2010-04-29,0.00000000
2010-04-30,0.00000000
2010-05-01,0.00000000
2010-05-02,0.00000000
2010-05-03,0.00000000
2010-05-04,0.00000000
2010-05-05,0.00000000
2010-05-06,0.00000000
2010-05-07,0.00000000
2010-05-08,0.00000000
2010-05-09,0.00000000
2010-05-10,0.00000000
2010-05-11,0.00000000
2010-05-12,0.00000000
2010-05-13,0.00000000
2010-05-14,0.00000000
2010-05-15,0.00000000
2010-05-16,0.00000000
2010-05-17,0.00000000
2010-05-18,0.00000000
2010-05-19,0.00000000
2010-05-20,0.00000000
2010-05-21,0.00000000
2010-05-22,0.00000000
2010-05-23,0.00000000
2010-05-24,0.00000000
2010-05-25,0.00000000
2010-05-26,0.00000000
2010-05-27,0.00000000
2010-05-28,0.00000000
2010-05-29,0.00000000
2010-05-30,0.00000000
2010-05-31,0.00000000
2010-06-01,0.00000000
2010-06-02,0.00000000
2010-06-03,0.00000000
2010-06-04,0.00000000
2010-06-05,0.00000000
2010-06-06,0.00000000
2010-06-07,0.00000000
2010-06-08,0.00000000
2010-06-09,0.00000000
2010-06-10,0.00000000
2010-06-11,0.00000000
2010-06-12,0.00000000
2010-06-13,0.00000000
2010-06-14,0.00000000
2010-06-15,0.00000000
2010-06-16,0.00000000
2010-06-17,0.00000000
2010-06-18,0.00000000
2010-06-19,0.00000000
2010-06-20,0.00000000
2010-06-21,0.00000000
2010-06-22,0.00000000
2010-06-23,0.00000000
2010-06-24,0.00000000
2010-06-25,0.00000000
2010-06-26,0.00000000
2010-06-27,0.00000000
2010-06-28,0.00000000
2010-06-29,0.00000000
2010-06-30,0.00000000
2010-07-01,0.00000000
2010-07-02,0.00000000
2010-07-03,0.00000000
2010-07-04,0.00000000
2010-07-05,0.00000000
2010-07-06,0.00000000
2010-07-07,0.00000000
2010-07-08,0.00000000
2010-07-09,0.00000000
2010-07-10,0.00000000
2010-07-11,0.00000000
2010-07-12,0.00000000
2010-07-13,0.00000000
2010-07-14,0.00000000
2010-07-15,0.00000000
2010-07-16,0.00000000
2010-07-17,0.00000000
2010-07-18,0.00000000
2010-07-19,0.00000000
2010-07-20,0.00000000
2010-07-21,0.00000000
2010-07-22,0.00000000
2010-07-23,0.00000000
2010-07-24,0.00000000
2010-07-25,0.00000000
2010-07-26,0.00000000
2010-07-27,0.00000000
2010-07-28,0.00000000
2010-07-29,0.00000000
2010-07-30,0.00000000
2010-07-31,0.00000000
2010-08-01,0.00000000
2010-08-02,0.00000000
2010-08-03,0.00000000
2010-08-04,0.00000000
2010-08-05,0.00000000
2010-08-06,0.00000000
2010-08-07,0.00000000
2010-08-08,0.00000000
2010-08-09,0.00000000
2010-08-10,0.00000000
2010-08-11,0.00000000
2010-08-12,0.00000000
2010-08-13,0.00000000
2010-08-14,0.00000000
2010-08-15,0.00000000
2010-08-16,0.00000000
2010-08-17,0.00017947
2010-08-18,0.00074020
2010-08-19,0.00084724
2010-08-20,0.00096674
2010-08-21,0.00148362
2010-08-22,0.00202604
2010-08-23,0.00207115
2010-08-24,0.00220824
2010-08-25,0.00225092
2010-08-26,0.00229526
2010-08-27,0.00278240
2010-08-28,0.00283980
2010-08-29,0.00291981
2010-08-30,0.00300663
2010-08-31,0.00405287
2010-09-01,0.00434418
2010-09-02,0.00446865
2010-09-03,0.00489433
2010-09-04,0.00498998
2010-09-05,0.00722882
2010-09-06,0.00740223
2010-09-07,0.00713927
2010-09-08,0.00709940
2010-09-09,0.00790750
2010-09-10,0.00739805
2010-09-11,0.00691549
2010-09-12,0.00719972
2010-09-13,0.00754453
2010-09-14,0.00764552
2010-09-15,0.00834663
2010-09-16,0.00868346
2010-09-17,0.01833863
2010-09-18,0.01848423
2010-09-19,0.01854951
2010-09-20,0.01777208
2010-09-21,0.01752100
2010-09-22,0.01762376
2010-09-23,0.01799327
2010-09-24,0.01789940
2010-09-25,0.01592493
2010-09-26,0.01561878
2010-09-27,0.01820597
2010-09-28,0.03579921
2010-09-29,0.03547900
2010-09-30,0.03570051
2010-10-01,0.04262127
2010-10-02,0.05234327
2010-10-03,0.05193791
2010-10-04,0.05300311
2010-10-05,0.05791430
2010-10-06,0.05721041
2010-10-07,0.04792693
2010-10-08,0.04917626
2010-10-09,0.05002465
2010-10-10,0.05052993
2010-10-11,0.05068927
2010-10-12,0.05053276
2010-10-13,0.05289474
2010-10-14,0.05339021
2010-10-15,0.05442795
2010-10-16,0.05760089
2010-10-17,0.05462887
2010-10-18,0.03682071
2010-10-19,0.03617582
2010-10-20,0.03596931
2010-10-21,0.02985857
2010-10-22,0.01973906
2010-10-23,0.01992615
2010-10-24,0.01948915
2010-10-25,0.01408602
2010-10-26,0.01409147
2010-10-27,0.01430724
2010-10-28,0.01499194
2010-10-29,0.01407691
2010-10-30,0.01346496
2010-10-31,0.01340059
2010-11-01,0.01345736
2010-11-02,0.01062185
2010-11-03,0.01006544
2010-11-04,0.01023999
2010-11-05,0.00778412
2010-11-06,0.01290492
2010-11-07,0.01302975
2010-11-08,0.01779039
2010-11-09,0.01804441
2010-11-10,0.01694272
2010-11-11,0.01676578
2010-11-12,0.01621608
2010-11-13,0.01556513
2010-11-14,0.01578145
2010-11-15,0.02242108
2010-11-16,0.02178926
2010-11-17,0.01941627
2010-11-18,0.01914761
2010-11-19,0.01938196
2010-11-20,0.01942285
2010-11-21,0.01908899
2010-11-22,0.01855236
2010-11-23,0.01883912
2010-11-24,0.01766882
2010-11-25,0.01748981
2010-11-26,0.01298744
2010-11-27,0.01305836
2010-11-28,0.00809681
2010-11-29,0.00764895
2010-11-30,0.00832101
2010-12-01,0.00855672
2010-12-02,0.01010870
2010-12-03,0.00977042
2010-12-04,0.00935056
2010-12-05,0.00255323
2010-12-06,0.00486540
2010-12-07,0.00620534
2010-12-08,0.00612491
2010-12-09,0.00567020
2010-12-10,0.00551211
2010-12-11,0.00589664
2010-12-12,0.00587415
2010-12-13,0.00641936
2010-12-14,0.00582672
2010-12-15,0.00543666
2010-12-16,0.00467667
2010-12-17,0.00432784
2010-12-18,0.00458928
2010-12-19,0.00488868
2010-12-20,0.00621875
2010-12-21,0.01131540
2010-12-22,0.00978240
2010-12-23,0.00975672
2010-12-24,0.00945009
2010-12-25,0.00939408
2010-12-26,0.00692886
2010-12-27,0.00628028
2010-12-28,0.00638527
2010-12-29,0.00705471
2010-12-30,0.00696013
2010-12-31,0.00677671
2011-01-01,0.00670020
2011-01-02,0.00650377
2011-01-03,0.00674796
2011-01-04,0.00625034
2011-01-05,0.00631931
2011-01-06,0.00658118
2011-01-07,0.00656787
2011-01-08,0.00662369
2011-01-09,0.00471537
2011-01-10,0.00056447
2011-01-11,0.00625336
2011-01-12,0.00626715
2011-01-13,0.00752611
2011-01-14,0.00809946
2011-01-15,0.00800248
2011-01-16,0.00823470
2011-01-17,0.00843566
2011-01-18,0.00792795
2011-01-19,0.00994383
2011-01-20,0.00992046
2011-01-21,0.01020199
2011-01-22,0.00965376
2011-01-23,0.01066113
2011-01-24,0.01150406
2011-01-25,0.01151491
2011-01-26,0.01302181
2011-01-27,0.03056398
2011-01-28,0.03091090
2011-01-29,0.03236797
2011-01-30,0.03122685
2011-01-31,0.02659723
2011-02-01,0.02733069
2011-02-02,0.02697780
2011-02-03,0.02640160
2011-02-04,0.02674148
2011-02-05,0.02592900
2011-02-06,0.02650731
2011-02-07,0.02875215
2011-02-08,0.02654324
2011-02-09,0.02727960
2011-02-10,0.02739642
2011-02-11,0.02838089
2011-02-12,0.02726306
2011-02-13,0.02654707
2011-02-14,0.03068137
2011-02-15,0.02903523
2011-02-16,0.01123072
2011-02-17,0.01036011
2011-02-18,0.00913788
2011-02-19,0.00919392
2011-02-20,0.00841960
2011-02-21,0.00773483
2011-02-22,0.00713467
2011-02-23,0.00695532
2011-02-24,0.00716239
2011-02-25,0.00714542
2011-02-26,0.00842035
2011-02-27,0.00693114
2011-02-28,0.00757160
2011-03-01,0.01732396
2011-03-02,0.01714975
2011-03-03,0.01576362
2011-03-04,0.01589218
2011-03-05,0.01628450
2011-03-06,0.01190185
2011-03-07,0.01172695
2011-03-08,0.01196319
2011-03-09,0.01185314
2011-03-10,0.01143332
2011-03-11,0.01142348
2011-03-12,0.01187507
2011-03-13,0.01198706
2011-03-14,0.01318431
2011-03-15,0.01366866
2011-03-16,0.01574927
2011-03-17,0.01599856
2011-03-18,0.01377831
2011-03-19,0.01259442
2011-03-20,0.01180982
2011-03-21,0.00140566
2011-03-22,0.00136388
2011-03-23,0.00198271
2011-03-24,0.00334647
2011-03-25,0.00282393
2011-03-26,0.00429132
2011-03-27,0.00491062
2011-03-28,0.00475907
2011-03-29,0.00488870
2011-03-30,0.00486699
2011-03-31,0.00477226
2011-04-01,0.00403300
2011-04-02,0.00372018
2011-04-03,0.00210570
2011-04-04,0.00292108
2011-04-05,0.00111093
2011-04-06,0.00090971
2011-04-07,0.00103888
2011-04-08,0.00137302
2011-04-09,0.00138604
2011-04-10,0.00094671
2011-04-11,0.00081251
2011-04-12,0.00084963
2011-04-13,-0.00027099
2011-04-14,0.00008022
2011-04-15,-0.00008094
2011-04-16,0.00044112
2011-04-17,0.00048456
2011-04-18,0.00170962
2011-04-19,0.00239554
2011-04-20,0.00278365
2011-04-21,0.00294067
2011-04-22,0.00417151
2011-04-23,0.00616679
2011-04-24,0.00546766
2011-04-25,0.00531790
2011-04-26,0.00566852
2011-04-27,0.00634680
2011-04-28,0.00750294
2011-04-29,0.02005622
2011-04-30,0.02156131
2011-05-01,0.02240463
2011-05-02,0.02278531
2011-05-03,0.02377175
2011-05-04,0.02728952
2011-05-05,0.02642814
2011-05-06,0.02689953
2011-05-07,0.02722280
2011-05-08,0.02706377
2011-05-09,0.02698576
2011-05-10,0.02818195
2011-05-11,0.03031364
2011-05-12,0.03347316
2011-05-13,0.03467649
2011-05-14,0.03555447
2011-05-15,0.03584542
2011-05-16,0.04139527
2011-05-17,0.04113735
2011-05-18,0.04030973
2011-05-19,0.02988764
2011-05-20,0.02944854
2011-05-21,0.02999287
2011-05-22,0.02926202
2011-05-23,0.02813139
2011-05-24,0.02553478
2011-05-25,0.02592893
2011-05-26,0.02490843
2011-05-27,0.02528073
2011-05-28,0.02457886
2011-05-29,0.02406468
2011-05-30,0.02334054
2011-05-31,0.02154186
2011-06-01,0.01768769
2011-06-02,0.01955933
2011-06-03,0.02453922
2011-06-04,0.02427101
2011-06-05,0.02166220
2011-06-06,0.02508831
2011-06-07,0.02592156
2011-06-08,0.03266990
2011-06-09,0.03569462
2011-06-10,0.04008420
2011-06-11,0.04702695
2011-06-12,0.05112803
2011-06-13,0.05590725
2011-06-14,0.07601020
2011-06-15,0.08375352
2011-06-16,0.09041987
2011-06-17,0.09258495
2011-06-18,0.09261236
2011-06-19,0.09857779
2011-06-20,0.09848152
2011-06-21,0.09835704
2011-06-22,0.09307634
2011-06-23,0.08702031
2011-06-24,0.08689545
2011-06-25,0.08322007
2011-06-26,0.08130369
2011-06-27,0.08435722
2011-06-28,0.07827652
2011-06-29,0.07478063
2011-06-30,0.06932463
2011-07-01,0.06217418
2011-07-02,0.05745692
2011-07-03,0.05131053
2011-07-04,0.03036352
2011-07-05,0.02375195
2011-07-06,0.01611829
2011-07-07,0.01345730
2011-07-08,0.01329156
2011-07-09,0.00605671
2011-07-10,0.00696914
2011-07-11,0.00694740
2011-07-12,0.00702593
2011-07-13,0.00628665
2011-07-14,0.00547498
2011-07-15,0.00533542
2011-07-16,0.00293045
2011-07-17,-0.00171407
2011-07-18,-0.00003482
2011-07-19,-0.00044955
2011-07-20,0.00038345
2011-07-21,-0.00006892
2011-07-22,-0.00016007
2011-07-23,-0.00045353
2011-07-24,-0.00060309
2011-07-25,-0.00246885
2011-07-26,-0.00266541
2011-07-27,-0.00278930
2011-07-28,-0.00265416
2011-07-29,-0.00248729
2011-07-30,-0.00375792
2011-07-31,-0.00395540
2011-08-01,-0.00376221
2011-08-02,-0.00345166
2011-08-03,-0.00301833
2011-08-04,-0.00230077
2011-08-05,-0.00175399
2011-08-06,-0.00111750
2011-08-07,-0.00536445
2011-08-08,-0.00492222
2011-08-09,-0.00643111
2011-08-10,-0.00622780
2011-08-11,-0.00608430
2011-08-12,-0.00606776
2011-08-13,-0.00597210
2011-08-14,-0.00604025
2011-08-15,-0.00584099
2011-08-16,-0.00579350
2011-08-17,-0.00602310
2011-08-18,-0.00590801
2011-08-19,-0.00617668
2011-08-20,-0.00647330
2011-08-21,-0.00681821
2011-08-22,-0.00698257
2011-08-23,-0.00752444
2011-08-24,-0.00816008
2011-08-25,-0.00417915
2011-08-26,-0.00311703
2011-08-27,0.00391154
2011-08-28,0.00329175
2011-08-29,0.00414911
2011-08-30,0.00400416
2011-08-31,0.00386763
2011-09-01,0.00393344
2011-09-02,0.00434779
2011-09-03,0.00426599
2011-09-04,0.00406301
2011-09-05,0.00470419
2011-09-06,0.00534471
2011-09-07,0.00593299
2011-09-08,0.00650534
2011-09-09,0.00845838
2011-09-10,0.00845803
2011-09-11,0.01167456
2011-09-12,0.01215008
2011-09-13,0.01397260
2011-09-14,0.01049538
2011-09-15,0.00857007
2011-09-16,0.00138953
2011-09-17,0.00145308
2011-09-18,0.00056171
2011-09-19,0.00068999
2011-09-20,0.00119950
2011-09-21,0.00120688
2011-09-22,0.00068161
2011-09-23,0.00107307
2011-09-24,0.00096398
2011-09-25,0.00094170
2011-09-26,0.00019255
2011-09-27,-0.00028630
2011-09-28,-0.00090444
2011-09-29,-0.00306209
2011-09-30,-0.00272237
2011-10-01,-0.00580381
2011-10-02,-0.00619355
2011-10-03,-0.00810439
2011-10-04,-0.00894937
2011-10-05,-0.00887189
2011-10-06,-0.00674125
2011-10-07,-0.00680392
2011-10-08,-0.00673450
2011-10-09,-0.00625417
2011-10-10,-0.00655445
2011-10-11,-0.00623506
2011-10-12,-0.00597667
2011-10-13,-0.00624633
2011-10-14,-0.00588955
2011-10-15,-0.00647789
2011-10-16,-0.00595884
2011-10-17,-0.00435749
2011-10-18,-0.00364838
2011-10-19,-0.00276700
2011-10-20,-0.00303886
2011-10-21,-0.00325644
2011-10-22,-0.00260619
2011-10-23,-0.00251875
2011-10-24,-0.00266201
2011-10-25,-0.00268800
2011-10-26,-0.00476780
2011-10-27,-0.00447047
2011-10-28,-0.00439452
2011-10-29,-0.00482850
2011-10-30,-0.00448844
2011-10-31,-0.00480200
2011-11-01,-0.00456913
2011-11-02,-0.00465817
2011-11-03,-0.00396663
2011-11-04,-0.00342088
2011-11-05,-0.00394311
2011-11-06,-0.00590515
2011-11-07,-0.00654121
2011-11-08,-0.00711690
2011-11-09,-0.00256405
2011-11-10,-0.00138855
2011-11-11,-0.00197037
2011-11-12,-0.00101175
2011-11-13,-0.00094935
2011-11-14,0.00019229
2011-11-15,0.00093616
2011-11-16,0.01494274
2011-11-17,0.01637334
2011-11-18,0.01705124
2011-11-19,0.01657828
2011-11-20,0.01738017
2011-11-21,0.01762745
2011-11-22,0.01897815
2011-11-23,0.01815661
2011-11-24,0.01913167
2011-11-25,0.01951182
2011-11-26,0.02041706
2011-11-27,0.02040996
2011-11-28,0.02225017
2011-11-29,0.01898338
2011-11-30,0.01883285
2011-12-01,0.01935938
2011-12-02,0.01837793
2011-12-03,0.01840311
2011-12-04,0.01826199
2011-12-05,0.01779031
2011-12-06,0.00341379
2011-12-07,0.00270021
2011-12-08,0.00316289
2011-12-09,0.00315566
2011-12-10,0.00245731
2011-12-11,0.00321760
2011-12-12,0.00202527
2011-12-13,0.00200853
2011-12-14,0.00069228
2011-12-15,0.00053092
2011-12-16,0.00029904
2011-12-17,0.00026369
2011-12-18,-0.00174044
2011-12-19,-0.00133019
2011-12-20,-0.00089031
2011-12-21,-0.00138736
2011-12-22,-0.00127277
2011-12-23,-0.00119928
2011-12-24,-0.00189816
2011-12-25,-0.00215936
2011-12-26,-0.00184985
2011-12-27,-0.00256621
2011-12-28,-0.00323691
2011-12-29,-0.00291518
2011-12-30,-0.00280163
2011-12-31,-0.00415092
2012-01-01,-0.00255664
2012-01-02,-0.00189203
2012-01-03,-0.00177600
2012-01-04,-0.00163158
2012-01-05,-0.00133036
2012-01-06,-0.00084982
2012-01-07,-0.00046295
2012-01-08,-0.00159816
2012-01-09,-0.00247267
2012-01-10,-0.00169419
2012-01-11,-0.00161541
2012-01-12,0.00067267
2012-01-13,0.00090087
2012-01-14,0.00094190
2012-01-15,0.00096077
2012-01-16,0.00126488
2012-01-17,0.00146577
2012-01-18,0.00156478
2012-01-19,0.00198749
2012-01-20,0.00210606
2012-01-21,0.00054863
2012-01-22,-0.00006990
2012-01-23,-0.00030182
2012-01-24,-0.00035169
2012-01-25,-0.00088930
2012-01-26,-0.00071581
2012-01-27,-0.00082521
2012-01-28,-0.00098797
2012-01-29,-0.00131817
2012-01-30,-0.00205854
2012-01-31,-0.00195309
2012-02-01,-0.00395133
2012-02-02,-0.00416602
2012-02-03,-0.00430169
2012-02-04,-0.00438512
2012-02-05,-0.00457895
2012-02-06,-0.00497997
2012-02-07,-0.00511419
2012-02-08,-0.00553170
2012-02-09,-0.00570928
2012-02-10,-0.00542562
2012-02-11,-0.00248538
2012-02-12,-0.00240607
2012-02-13,0.00013800
2012-02-14,0.00396655
2012-02-15,0.00353027
2012-02-16,0.00370281
2012-02-17,0.00348245
2012-02-18,0.00369198
2012-02-19,0.00361668
2012-02-20,0.00349147
2012-02-21,0.00326913
2012-02-22,0.00328964
2012-02-23,0.00336846
2012-02-24,0.00363178
2012-02-25,0.00370207
2012-02-26,0.00351470
2012-02-27,0.00343864
2012-02-28,0.00352302
2012-02-29,0.00476011
2012-03-01,0.00475744
2012-03-02,0.00214557
2012-03-03,0.00248209
2012-03-04,0.00003454
2012-03-05,-0.00393266
2012-03-06,-0.00399157
2012-03-07,-0.00424909
2012-03-08,-0.00407333
2012-03-09,-0.00427526
2012-03-10,-0.00405975
2012-03-11,-0.00389156
2012-03-12,-0.00388595
2012-03-13,-0.00380942
2012-03-14,-0.00358034
2012-03-15,-0.00397298
2012-03-16,-0.00332694
2012-03-17,-0.00322331
2012-03-18,-0.00259329
2012-03-19,-0.00252585
2012-03-20,-0.00347186
2012-03-21,-0.00330488
2012-03-22,-0.00347843
2012-03-23,-0.00317985
2012-03-24,-0.00324429
2012-03-25,-0.00322888
2012-03-26,-0.00318245
2012-03-27,-0.00306875
2012-03-28,-0.00313149
2012-03-29,-0.00312017
2012-03-30,-0.00015908
2012-03-31,-0.00035244
2012-04-01,-0.00037520
2012-04-02,-0.00050414
2012-04-03,-0.00005229
2012-04-04,0.00036854
2012-04-05,-0.00011099
2012-04-06,0.00027261
2012-04-07,-0.00028667
2012-04-08,-0.00050425
2012-04-09,0.00016915
2012-04-10,-0.00017194
2012-04-11,0.00071489
2012-04-12,0.00091211
2012-04-13,0.00104417
2012-04-14,0.00105000
2012-04-15,0.00134394
2012-04-16,0.00164287
2012-04-17,0.00168470
2012-04-18,0.00184111
2012-04-19,-0.00109107
2012-04-20,-0.00074348
2012-04-21,-0.00063041
2012-04-22,-0.00034479
2012-04-23,-0.00093879
2012-04-24,-0.00113920
2012-04-25,0.00260965
2012-04-26,0.00243386
2012-04-27,0.00232730
2012-04-28,0.00240496
2012-04-29,0.00149572
2012-04-30,0.00209040
2012-05-01,0.00139483
2012-05-02,0.00059469
2012-05-03,0.00045204
2012-05-04,0.00067142
2012-05-05,0.00032235
2012-05-06,0.00106674
2012-05-07,0.00103577
2012-05-08,0.00097615
2012-05-09,0.00106360
2012-05-10,0.00103186
2012-05-11,0.00120532
2012-05-12,0.00374920
2012-05-13,0.00393381
2012-05-14,0.00480615
2012-05-15,0.00121546
2012-05-16,0.00131476
2012-05-17,0.00215477
2012-05-18,0.00245034
2012-05-19,0.00295303
2012-05-20,0.00284484
2012-05-21,0.00306849
2012-05-22,0.00366076
2012-05-23,0.00382783
2012-05-24,0.00389521
2012-05-25,0.00393403
2012-05-26,0.00313895
2012-05-27,0.00326504
2012-05-28,0.00323303
2012-05-29,0.00313066
2012-05-30,0.00291488
2012-05-31,0.00521917
2012-06-01,0.00246784
2012-06-02,0.00216139
2012-06-03,0.00117194
2012-06-04,0.00157046
2012-06-05,0.00138152
2012-06-06,0.00090804
2012-06-07,0.00072615
2012-06-08,0.00041244
2012-06-09,-0.00012161
2012-06-10,-0.00065653
2012-06-11,-0.00111430
2012-06-12,-0.00087739
2012-06-13,-0.00113324
2012-06-14,-0.00100399
2012-06-15,-0.00121284
2012-06-16,-0.00124259
2012-06-17,-0.00116204
2012-06-18,-0.00114296
2012-06-19,-0.00093145
2012-06-20,-0.00244733
2012-06-21,-0.00253183
2012-06-22,-0.00227543
2012-06-23,-0.00233266
2012-06-24,-0.00209621
2012-06-25,-0.00205804
2012-06-26,-0.00205200
2012-06-27,-0.00201635
2012-06-28,-0.00205037
2012-06-29,-0.00199961
2012-06-30,-0.00183169
2012-07-01,-0.00203159
2012-07-02,-0.00234969
2012-07-03,-0.00225311
2012-07-04,-0.00204332
2012-07-05,-0.00216083
2012-07-06,-0.00204362
2012-07-07,-0.00155665
2012-07-08,-0.00143679
2012-07-09,-0.00138649
2012-07-10,0.00106634
2012-07-11,0.00161665
2012-07-12,0.00132902
2012-07-13,0.00182277
2012-07-14,0.00339228
2012-07-15,0.00326356
2012-07-16,0.00349865
2012-07-17,0.00595940
2012-07-18,0.00639171
2012-07-19,0.00677619
2012-07-20,0.00702600
2012-07-21,0.00735039
2012-07-22,0.00728594
2012-07-23,0.00742974
2012-07-24,0.00719180
2012-07-25,0.00738097
2012-07-26,0.00743670
2012-07-27,0.00692179
2012-07-28,0.00686147
2012-07-29,0.00681597
2012-07-30,0.00349032
2012-07-31,0.00330360
2012-08-01,0.00356368
2012-08-02,0.00357926
2012-08-03,0.00143727
2012-08-04,0.00187685
2012-08-05,0.00157592
2012-08-06,-0.00076666
2012-08-07,-0.00087622
2012-08-08,-0.00032153
2012-08-09,-0.00050012
2012-08-10,-0.00062055
2012-08-11,-0.00066654
2012-08-12,-0.00090332
2012-08-13,-0.00079120
2012-08-14,-0.00060139
2012-08-15,-0.00047567
2012-08-16,-0.00019564
2012-08-17,0.00198426
2012-08-18,0.00283388
2012-08-19,0.00589291
2012-08-20,0.00624291
2012-08-21,0.00630443
2012-08-22,0.00636508
2012-08-23,0.00646759
2012-08-24,0.00595240
2012-08-25,0.00571825
2012-08-26,0.00555246
2012-08-27,0.00735255
2012-08-28,0.00717967
2012-08-29,0.00708551
2012-08-30,0.00692274
2012-08-31,0.01010979
2012-09-01,0.01002925
2012-09-02,0.00992784
2012-09-03,0.00952978
2012-09-04,0.00924855
2012-09-05,0.00877310
2012-09-06,0.00667446
2012-09-07,0.00560468
2012-09-08,0.00243139
2012-09-09,0.00202622
2012-09-10,0.00495753
2012-09-11,0.00427234
2012-09-12,0.00394767
2012-09-13,0.00401103
2012-09-14,0.00399549
2012-09-15,0.00425336
2012-09-16,0.00214054
2012-09-17,0.00241443
2012-09-18,0.00372704
2012-09-19,0.00405833
2012-09-20,0.00165671
2012-09-21,0.00237125
2012-09-22,0.00268077
2012-09-23,0.00275262
2012-09-24,0.00335555
2012-09-25,0.00388692
2012-09-26,0.00383920
2012-09-27,0.00405234
2012-09-28,0.00551337
2012-09-29,0.00541679
2012-09-30,0.00226228
2012-10-01,0.00253859
2012-10-02,0.00260429
2012-10-03,0.00357212
2012-10-04,0.00400319
2012-10-05,0.00374082
2012-10-06,0.00364686
2012-10-07,0.00259731
2012-10-08,0.00271206
2012-10-09,0.00247869
2012-10-10,0.00197591
2012-10-11,0.00143057
2012-10-12,0.00125760
2012-10-13,0.00114192
2012-10-14,0.00131387
2012-10-15,0.00103409
2012-10-16,0.00107879
2012-10-17,0.00231152
2012-10-18,0.00114978
2012-10-19,0.00116060
2012-10-20,0.00113623
2012-10-21,0.00160603
2012-10-22,0.00139337
2012-10-23,0.00059040
2012-10-24,0.00034053
2012-10-25,0.00129871
2012-10-26,0.00217859
2012-10-27,0.00220375
2012-10-28,0.00066098
2012-10-29,0.00065912
2012-10-30,0.00084233
2012-10-31,0.00086120
2012-11-01,0.00102450
2012-11-02,0.00117537
2012-11-03,0.00021514
2012-11-04,0.00029057
2012-11-05,0.00023464
2012-11-06,-0.00120294
2012-11-07,-0.00099645
2012-11-08,-0.00118991
2012-11-09,-0.00106030
2012-11-10,-0.00172295
2012-11-11,-0.00145530
2012-11-12,-0.00125291
2012-11-13,-0.00099717
2012-11-14,-0.00178879
2012-11-15,-0.00244284
2012-11-16,-0.00177132
2012-11-17,-0.00143236
2012-11-18,-0.00145519
2012-11-19,-0.00163795
2012-11-20,-0.00166757
2012-11-21,-0.00187436
2012-11-22,-0.00183730
2012-11-23,-0.00151252
2012-11-24,-0.00179976
2012-11-25,-0.00167461
2012-11-26,-0.00118358
2012-11-27,-0.00140529
2012-11-28,-0.00120584
2012-11-29,-0.00128040
2012-11-30,-0.00082227
2012-12-01,-0.00095619
2012-12-02,-0.00134115
2012-12-03,-0.00148550
2012-12-04,0.00112907
2012-12-05,0.00132147
2012-12-06,0.00070291
2012-12-07,0.00155015
2012-12-08,0.00145983
2012-12-09,0.00145606
2012-12-10,0.00182332
2012-12-11,0.00193918
2012-12-12,0.00240502
2012-12-13,0.00321617
2012-12-14,0.00347295
2012-12-15,0.00317715
2012-12-16,0.00281623
2012-12-17,0.00259138
2012-12-18,0.00265818
2012-12-19,0.00289092
2012-12-20,0.00302998
2012-12-21,0.00319223
2012-12-22,0.00320149
2012-12-23,0.00292972
2012-12-24,0.00016108
2012-12-25,-0.00025170
2012-12-26,-0.00032453
2012-12-27,-0.00144039
2012-12-28,-0.00129618
2012-12-29,-0.00150789
2012-12-30,-0.00187742
2012-12-31,-0.00073691
2013-01-01,-0.00123265
2013-01-02,-0.00220278
2013-01-03,-0.00230809
2013-01-04,-0.00186270
2013-01-05,-0.00194658
2013-01-06,-0.00202720
2013-01-07,-0.00223937
2013-01-08,-0.00199513
2013-01-09,-0.00221730
2013-01-10,-0.00207855
2013-01-11,-0.00184999
2013-01-12,-0.00182294
2013-01-13,-0.00151143
2013-01-14,-0.00133169
2013-01-15,-0.00101042
2013-01-16,-0.00069921
2013-01-17,-0.00031349
2013-01-18,-0.00004204
2013-01-19,-0.00001233
2013-01-20,-0.00130657
2013-01-21,-0.00074318
2013-01-22,0.00059517
2013-01-23,0.00074470
2013-01-24,0.00131018
2013-01-25,0.00179600
2013-01-26,0.00230996
2013-01-27,0.00366514
2013-01-28,0.00360343
2013-01-29,0.00487738
2013-01-30,0.00636404
2013-01-31,0.00720221
2013-02-01,0.01083980
2013-02-02,0.01168007
2013-02-03,0.01179995
2013-02-04,0.01241206
2013-02-05,0.01286152
2013-02-06,0.01267541
2013-02-07,0.01279285
2013-02-08,0.01353357
2013-02-09,0.01456614
2013-02-10,0.01409996
2013-02-11,0.01312799
2013-02-12,0.01329278
2013-02-13,0.01300227
2013-02-14,0.01315422
2013-02-15,0.01532313
2013-02-16,0.01444672
2013-02-17,0.01446717
2013-02-18,0.01347724
2013-02-19,0.01216344
2013-02-20,0.01209059
2013-02-21,0.00868948
2013-02-22,0.00796099
2013-02-23,0.00812268
2013-02-24,0.00770436
2013-02-25,0.01083729
2013-02-26,0.01122454
2013-02-27,0.01084068
2013-02-28,0.01257340
2013-03-01,0.01196867
2013-03-02,0.01207169
2013-03-03,0.01184987
2013-03-04,0.01171092
2013-03-05,0.01222308
2013-03-06,0.01401329
2013-03-07,0.01276055
2013-03-08,0.01246344
2013-03-09,0.01295968
2013-03-10,0.01251164
2013-03-11,0.01248936
2013-03-12,0.01226218
2013-03-13,0.01270817
2013-03-14,0.01281497
2013-03-15,0.01305640
2013-03-16,0.01278240
2013-03-17,0.00933936
2013-03-18,0.00888280
2013-03-19,0.00967128
2013-03-20,0.00777262
2013-03-21,0.00870088
2013-03-22,0.00999639
2013-03-23,0.01063274
2013-03-24,0.01122888
2013-03-25,0.01130034
2013-03-26,0.00968933
2013-03-27,0.00929565
2013-03-28,0.01003025
2013-03-29,0.00979455
2013-03-30,0.01128244
2013-03-31,0.01086097
2013-04-01,0.01288776
2013-04-02,0.01341484
2013-04-03,0.01687648
2013-04-04,0.01729657
2013-04-05,0.02087797
2013-04-06,0.02157900
2013-04-07,0.02252103
2013-04-08,0.02360181
2013-04-09,0.02855150
2013-04-10,0.03106881
2013-04-11,0.03190406
2013-04-12,0.03225497
2013-04-13,0.03227866
2013-04-14,0.03180195
2013-04-15,0.03186555
2013-04-16,0.03347647
2013-04-17,0.03330667
2013-04-18,0.03269251
2013-04-19,0.03135786
2013-04-20,0.03155683
2013-04-21,0.02962843
2013-04-22,0.02878280
2013-04-23,0.02576790
2013-04-24,0.02585958
2013-04-25,0.02266984
2013-04-26,0.02163226
2013-04-27,0.02097034
2013-04-28,0.01913558
2013-04-29,0.01386261
2013-04-30,0.01002579
2013-05-01,0.00848718
2013-05-02,0.00760302
2013-05-03,0.00814078
2013-05-04,0.00729017
2013-05-05,0.00664607
2013-05-06,0.00409237
2013-05-07,0.00351716
2013-05-08,0.00338663
2013-05-09,0.00322820
2013-05-10,0.00328736
2013-05-11,0.00290134
2013-05-12,0.00250443
2013-05-13,0.00149637
2013-05-14,0.00054279
2013-05-15,0.00045104
2013-05-16,0.00040631
2013-05-17,-0.00004974
2013-05-18,0.00031700
2013-05-19,-0.00013031
2013-05-20,-0.00029913
2013-05-21,-0.00116238
2013-05-22,-0.00147783
2013-05-23,-0.00293311
2013-05-24,-0.00283860
2013-05-25,-0.00175268
2013-05-26,-0.00195652
2013-05-27,-0.00210731
2013-05-28,-0.00206418
2013-05-29,-0.00190766
2013-05-30,-0.00207502
2013-05-31,-0.00190370
2013-06-01,-0.00186627
2013-06-02,-0.00174125
2013-06-03,-0.00185277
2013-06-04,-0.00197877
2013-06-05,-0.00116236
2013-06-06,-0.00039063
2013-06-07,-0.00050045
2013-06-08,-0.00039072
2013-06-09,0.00032969
2013-06-10,0.00028564
2013-06-11,0.00066438
2013-06-12,0.00057621
2013-06-13,0.00048286
2013-06-14,-0.00045398
2013-06-15,-0.00027312
2013-06-16,-0.00027189
2013-06-17,-0.00044534
2013-06-18,-0.00081088
2013-06-19,-0.00097703
2013-06-20,-0.00163384
2013-06-21,-0.00171874
2013-06-22,-0.00188318
2013-06-23,-0.00199218
2013-06-24,-0.00224659
2013-06-25,-0.00268707
2013-06-26,-0.00340293
2013-06-27,-0.00358340
2013-06-28,-0.00323378
2013-06-29,-0.00345417
2013-06-30,-0.00325211
2013-07-01,-0.00225762
2013-07-02,-0.00173953
2013-07-03,-0.00089789
2013-07-04,-0.00119490
2013-07-05,-0.00059997
2013-07-06,-0.00059393
2013-07-07,-0.00045764
2013-07-08,-0.00039454
2013-07-09,-0.00043923
2013-07-10,0.00022041
2013-07-11,0.00039987
2013-07-12,0.00090062
2013-07-13,0.00124172
2013-07-14,0.00103315
2013-07-15,0.00062662
2013-07-16,0.00059507
2013-07-17,0.00059651
2013-07-18,0.00029760
2013-07-19,-0.00017993
2013-07-20,-0.00025291
2013-07-21,-0.00160098
2013-07-22,-0.00189852
2013-07-23,-0.00266032
2013-07-24,-0.00278892
2013-07-25,-0.00324787
2013-07-26,-0.00329610
2013-07-27,-0.00338315
2013-07-28,-0.00328648
2013-07-29,-0.00297557
2013-07-30,-0.00327191
2013-07-31,-0.00300799
2013-08-01,-0.00335288
2013-08-02,-0.00274774
2013-08-03,-0.00026794
2013-08-04,-0.00031712
2013-08-05,-0.00013850
2013-08-06,-0.00031704
2013-08-07,-0.00026980
2013-08-08,-0.00009748
2013-08-09,-0.00015003
2013-08-10,-0.00009728
2013-08-11,-0.00013282
2013-08-12,-0.00001167
2013-08-13,0.00225507
2013-08-14,0.00234509
2013-08-15,0.00280074
2013-08-16,0.00315553
2013-08-17,0.00308631
2013-08-18,0.00274393
2013-08-19,0.00254705
2013-08-20,0.00250254
2013-08-21,0.00259033
2013-08-22,0.00169909
2013-08-23,-0.00054825
2013-08-24,-0.00059299
2013-08-25,-0.00088504
2013-08-26,-0.00082523
2013-08-27,-0.00086650
2013-08-28,-0.00092741
2013-08-29,-0.00010996
2013-08-30,-0.00001949
2013-08-31,0.00014475
2013-09-01,0.00012146
2013-09-02,-0.00193939
2013-09-03,-0.00170259
2013-09-04,-0.00205801
2013-09-05,-0.00233045
2013-09-06,-0.00234640
2013-09-07,-0.00224271
2013-09-08,-0.00245354
2013-09-09,-0.00202818
2013-09-10,-0.00220758
2013-09-11,-0.00202158
2013-09-12,-0.00171897
2013-09-13,-0.00161800
2013-09-14,-0.00118576
2013-09-15,-0.00123908
2013-09-16,-0.00121423
2013-09-17,-0.00131042
2013-09-18,-0.00169911
2013-09-19,-0.00102949
2013-09-20,-0.00133603
2013-09-21,-0.00134150
2013-09-22,-0.00139968
2013-09-23,-0.00186289
2013-09-24,-0.00182260
2013-09-25,-0.00159667
2013-09-26,-0.00161124
2013-09-27,-0.00169666
2013-09-28,-0.00166707
2013-09-29,-0.00234552
2013-09-30,-0.00218738
2013-10-01,-0.00225155
2013-10-02,-0.00195957
2013-10-03,-0.00181963
2013-10-04,-0.00224697
2013-10-05,-0.00214983
2013-10-06,-0.00221247
2013-10-07,-0.00060725
2013-10-08,-0.00105684
2013-10-09,-0.00143981
2013-10-10,-0.00128530
2013-10-11,-0.00135463
2013-10-12,-0.00153743
2013-10-13,-0.00145848
2013-10-14,-0.00147706
2013-10-15,-0.00153806
2013-10-16,-0.00042613
2013-10-17,-0.00022139
2013-10-18,0.00003833
2013-10-19,0.00042615
2013-10-20,0.00059795
2013-10-21,0.00404208
2013-10-22,0.00485057
2013-10-23,0.00630494
2013-10-24,0.00678596
2013-10-25,0.01173477
2013-10-26,0.01189671
2013-10-27,0.01056668
2013-10-28,0.01065157
2013-10-29,0.01069332
2013-10-30,0.01066191
2013-10-31,0.01101760
2013-11-01,0.01135066
2013-11-02,0.01130256
2013-11-03,0.01137010
2013-11-04,0.01250859
2013-11-05,0.01237734
2013-11-06,0.01273155
2013-11-07,0.01420134
2013-11-08,0.01482456
2013-11-09,0.01541349
2013-11-10,0.01270604
2013-11-11,0.01205729
2013-11-12,0.01149051
2013-11-13,0.01231568
2013-11-14,0.00914708
2013-11-15,0.01017032
2013-11-16,0.01080403
2013-11-17,0.01222150
2013-11-18,0.01349554
2013-11-19,0.01548333
2013-11-20,0.01709845
2013-11-21,0.01752773
2013-11-22,0.01867929
2013-11-23,0.01964194
2013-11-24,0.01895855
2013-11-25,0.02140298
2013-11-26,0.02475661
2013-11-27,0.02521076
2013-11-28,0.02597288
2013-11-29,0.02634832
2013-11-30,0.02599797
2013-12-01,0.02570039
2013-12-02,0.02544189
2013-12-03,0.02466745
2013-12-04,0.02315486
2013-12-05,0.02249740
2013-12-06,0.02204483
2013-12-07,0.02115632
2013-12-08,0.01941995
2013-12-09,0.01744647
2013-12-10,0.01557613
2013-12-11,0.01529981
2013-12-12,0.01416253
2013-12-13,0.01320385
2013-12-14,0.01285685
2013-12-15,0.00969968
2013-12-16,0.00680899
2013-12-17,0.00490456
2013-12-18,0.00459591
2013-12-19,0.00348148
2013-12-20,0.00377202
2013-12-21,0.01399459
2013-12-22,0.01330430
2013-12-23,0.01284572
2013-12-24,0.01276617
2013-12-25,0.01446336
2013-12-26,0.01398125
2013-12-27,0.01403434
2013-12-28,0.01382788
2013-12-29,0.01374372
2013-12-30,0.01352650
2013-12-31,0.01304748
2014-01-01,0.01292662
2014-01-02,0.01282352
2014-01-03,0.01265672
2014-01-04,0.01317466
2014-01-05,0.01258895
2014-01-06,0.01244279
2014-01-07,0.01105416
2014-01-08,0.01129719
2014-01-09,0.01047434
2014-01-10,-0.00039702
2014-01-11,0.00051224
2014-01-12,0.00073134
2014-01-13,0.00047016
2014-01-14,-0.00131377
2014-01-15,-0.00111462
2014-01-16,-0.00156994
2014-01-17,-0.00141789
2014-01-18,-0.00148576
2014-01-19,-0.00120040
2014-01-20,-0.00111178
2014-01-21,-0.00098850
2014-01-22,-0.00085964
2014-01-23,-0.00101720
2014-01-24,-0.00159757
2014-01-25,-0.00194511
2014-01-26,-0.00211211
2014-01-27,-0.00204431
2014-01-28,-0.00246658
2014-01-29,-0.00232836
2014-01-30,-0.00218522
2014-01-31,-0.00323625
2014-02-01,-0.00331778
2014-02-02,-0.00335409
2014-02-03,-0.00390769
2014-02-04,-0.00395524
2014-02-05,0.00763555
2014-02-06,0.00812391
2014-02-07,0.00840871
2014-02-08,0.00818244
2014-02-09,0.00816732
2014-02-10,0.00834663
2014-02-11,0.00828639
2014-02-12,0.00856354
2014-02-13,0.00836348
2014-02-14,0.00837909
2014-02-15,0.00845441
2014-02-16,0.00836107
2014-02-17,0.00830148
2014-02-18,0.00863867
2014-02-19,0.00851555
2014-02-20,0.00886165
2014-02-21,0.00875281
2014-02-22,0.00865869
2014-02-23,0.00878649
2014-02-24,0.00895671
2014-02-25,-0.00198108
2014-02-26,-0.00246668
2014-02-27,-0.00266145
2014-02-28,-0.00198388
2014-03-01,-0.00125461
2014-03-02,-0.00131537
2014-03-03,-0.00110153
2014-03-04,-0.00115997
2014-03-05,-0.00083117
2014-03-06,-0.00083418
2014-03-07,0.01297722
2014-03-08,0.01291491
2014-03-09,0.02103054
2014-03-10,0.02156116
2014-03-11,0.02180999
2014-03-12,0.02186860
2014-03-13,0.02188428
2014-03-14,0.02193180
2014-03-15,0.02178912
2014-03-16,0.02140782
2014-03-17,0.02055327
2014-03-18,0.02077674
2014-03-19,0.02102566
2014-03-20,0.02062005
2014-03-21,0.02079603
2014-03-22,0.02078966
2014-03-23,0.02029866
2014-03-24,0.02018923
2014-03-25,0.01994965
2014-03-26,0.01984346
2014-03-27,0.00629291
2014-03-28,0.00648243
2014-03-29,-0.00161829
2014-03-30,-0.00253133
2014-03-31,-0.00269435
2014-04-01,-0.00306166
2014-04-02,-0.00315885
2014-04-03,-0.00225422
2014-04-04,-0.00227353
2014-04-05,-0.00154081
2014-04-06,-0.00115411
2014-04-07,-0.00145752
2014-04-08,-0.00184978
2014-04-09,-0.00159368
2014-04-10,-0.00213790
2014-04-11,-0.00213354
2014-04-12,-0.00217888
2014-04-13,-0.00235695
2014-04-14,-0.00245152
2014-04-15,-0.00237970
2014-04-16,-0.00146114
2014-04-17,-0.00147904
2014-04-18,-0.00146879
2014-04-19,-0.00170945
2014-04-20,-0.00178957
2014-04-21,-0.00185071
2014-04-22,-0.00179024
2014-04-23,-0.00243035
2014-04-24,-0.00230290
2014-04-25,-0.00300551
2014-04-26,-0.00350654
2014-04-27,-0.00352091
2014-04-28,-0.00341137
2014-04-29,-0.00388359
2014-04-30,-0.00435765
2014-05-01,-0.00460456
2014-05-02,-0.00451048
2014-05-03,-0.00454281
2014-05-04,-0.00466795
2014-05-05,-0.00471206
2014-05-06,-0.00592731
2014-05-07,-0.00614835
2014-05-08,-0.00617670
2014-05-09,-0.00613314
2014-05-10,-0.00620880
2014-05-11,-0.00621365
2014-05-12,-0.00632978
2014-05-13,-0.00663804
2014-05-14,-0.00630025
2014-05-15,-0.00630064
2014-05-16,-0.00627237
2014-05-17,-0.00630404
2014-05-18,-0.00635485
2014-05-19,-0.00644278
2014-05-20,-0.00633654
2014-05-21,-0.00625756
2014-05-22,-0.00616152
2014-05-23,-0.00601684
2014-05-24,-0.00524160
2014-05-25,-0.00496223
2014-05-26,-0.00480944
2014-05-27,-0.00281578
2014-05-28,-0.00273786
2014-05-29,-0.00265657
2014-05-30,-0.00236578
2014-05-31,-0.00205075
2014-06-01,-0.00183194
2014-06-02,-0.00160822
2014-06-03,-0.00189764
2014-06-04,-0.00176615
2014-06-05,-0.00166532
2014-06-06,-0.00147818
2014-06-07,-0.00147354
2014-06-08,-0.00146624
2014-06-09,-0.00125721
2014-06-10,-0.00066141
2014-06-11,0.00006538
2014-06-12,0.00359733
2014-06-13,0.00304978
2014-06-14,0.00266696
2014-06-15,0.00244292
2014-06-16,0.00050766
2014-06-17,0.00044375
2014-06-18,0.00044612
2014-06-19,0.00025311
2014-06-20,-0.00001851
2014-06-21,-0.00022609
2014-06-22,-0.00039174
2014-06-23,-0.00032388
2014-06-24,-0.00004770
2014-06-25,-0.00012967
2014-06-26,-0.00008454
2014-06-27,-0.00005569
2014-06-28,-0.00015523
2014-06-29,0.00040100
2014-06-30,-0.00000649
2014-07-01,-0.00063130
2014-07-02,-0.00392595
2014-07-03,-0.00382953
2014-07-04,-0.00379976
2014-07-05,-0.00372216
2014-07-06,-0.00385953
2014-07-07,-0.00383768
2014-07-08,-0.00392688
2014-07-09,-0.00365143
2014-07-10,-0.00357603
2014-07-11,-0.00358546
2014-07-12,-0.00357995
2014-07-13,-0.00380162
2014-07-14,-0.00421741
2014-07-15,-0.00417079
2014-07-16,-0.00433593
2014-07-17,-0.00426637
2014-07-18,-0.00412092
2014-07-19,-0.00482254
2014-07-20,-0.00501090
2014-07-21,-0.00493947
2014-07-22,-0.00515780
2014-07-23,-0.00502628
2014-07-24,-0.00483184
2014-07-25,-0.00477290
2014-07-26,-0.00474576
2014-07-27,-0.00472082
2014-07-28,-0.00443595
2014-07-29,-0.00463145
2014-07-30,-0.00453574
2014-07-31,-0.00439624
2014-08-01,-0.00399508
2014-08-02,-0.00389032
2014-08-03,-0.00387619
2014-08-04,-0.00352843
2014-08-05,-0.00184375
2014-08-06,-0.00177070
2014-08-07,-0.00170252
2014-08-08,-0.00182325
2014-08-09,-0.00183060
2014-08-10,-0.00206706
2014-08-11,-0.00209327
2014-08-12,-0.00237596
2014-08-13,-0.00238635
2014-08-14,-0.00233867
2014-08-15,-0.00215735
2014-08-16,-0.00215378
2014-08-17,-0.00227035
2014-08-18,-0.00209629
2014-08-19,-0.00217322
2014-08-20,-0.00220072
2014-08-21,-0.00217585
2014-08-22,-0.00204432
2014-08-23,-0.00160559
2014-08-24,-0.00197644
2014-08-25,-0.00332222
2014-08-26,-0.00336629
2014-08-27,-0.00345653
2014-08-28,-0.00279447
2014-08-29,-0.00227667
2014-08-30,-0.00224624
2014-08-31,-0.00217742
2014-09-01,-0.00199213
2014-09-02,-0.00201401
2014-09-03,-0.00201794
2014-09-04,-0.00196704
2014-09-05,-0.00175116
2014-09-06,-0.00134267
2014-09-07,-0.00149551
2014-09-08,-0.00156545
2014-09-09,-0.00106692
2014-09-10,-0.00128795
2014-09-11,-0.00135900
2014-09-12,-0.00165495
2014-09-13,-0.00165828
2014-09-14,-0.00197148
2014-09-15,-0.00183446
2014-09-16,-0.00184182
2014-09-17,-0.00236855
2014-09-18,-0.00260766
2014-09-19,-0.00240866
2014-09-20,-0.00170198
2014-09-21,-0.00181060
2014-09-22,-0.00194942
2014-09-23,-0.00188878
2014-09-24,-0.00206757
2014-09-25,-0.00228058
2014-09-26,-0.00255832
2014-09-27,-0.00270642
2014-09-28,-0.00251288
2014-09-29,-0.00263980
2014-09-30,-0.00262796
2014-10-01,-0.00259259
2014-10-02,-0.00258165
2014-10-03,-0.00212661
2014-10-04,-0.00181458
2014-10-05,-0.00062609
2014-10-06,0.00003648
2014-10-07,0.00013133
2014-10-08,0.00018236
2014-10-09,0.00008246
2014-10-10,-0.00030165
2014-10-11,-0.00049577
2014-10-12,-0.00019188
2014-10-13,-0.00008549
2014-10-14,0.00001677
2014-10-15,0.00038894
2014-10-16,0.00025290
2014-10-17,0.00044728
2014-10-18,0.00021140
2014-10-19,-0.00019391
2014-10-20,-0.00038245
2014-10-21,-0.00053136
2014-10-22,-0.00047151
2014-10-23,-0.00070533
2014-10-24,-0.00070941
2014-10-25,-0.00212557
2014-10-26,-0.00285855
2014-10-27,-0.00299116
2014-10-28,-0.00327757
2014-10-29,-0.00330163
2014-10-30,-0.00362843
2014-10-31,-0.00344301
2014-11-01,-0.00356616
2014-11-02,-0.00379941
2014-11-03,-0.00386564
2014-11-04,-0.00408286
2014-11-05,-0.00401796
2014-11-06,-0.00397774
2014-11-07,-0.00311481
2014-11-08,-0.00289252
2014-11-09,-0.00264981
2014-11-10,-0.00252565
2014-11-11,-0.00260305
2014-11-12,-0.00255364
2014-11-13,-0.00244196
2014-11-14,-0.00227826
2014-11-15,-0.00222624
2014-11-16,-0.00231742
2014-11-17,-0.00226047
2014-11-18,-0.00228648
2014-11-19,-0.00215422
2014-11-20,-0.00208810
2014-11-21,-0.00222005
2014-11-22,-0.00226386
2014-11-23,-0.00235767
2014-11-24,-0.00250243
2014-11-25,-0.00254529
2014-11-26,-0.00260235
2014-11-27,-0.00342008
2014-11-28,-0.00040340
2014-11-29,-0.00058516
2014-11-30,-0.00064067
2014-12-01,-0.00056503
2014-12-02,-0.00050233
2014-12-03,-0.00079853
2014-12-04,0.00006041
2014-12-05,0.00010444
2014-12-06,0.00009740
2014-12-07,0.00011439
2014-12-08,0.00175838
2014-12-09,0.00291367
2014-12-10,0.00290685
2014-12-11,0.00297697
2014-12-12,0.00307854
2014-12-13,0.00312614
2014-12-14,0.00308092
2014-12-15,0.00307887
2014-12-16,0.00300813
2014-12-17,0.00309259
2014-12-18,0.00003368
2014-12-19,0.00009825
2014-12-20,0.00012253
2014-12-21,0.00016094
2014-12-22,-0.00004745
2014-12-23,-0.00001882
2014-12-24,0.00051024
2014-12-25,0.00043754
2014-12-26,0.00043535
2014-12-27,0.00026569
2014-12-28,-0.00150779
2014-12-29,-0.00269813
2014-12-30,-0.00098082
2014-12-31,-0.00066542
2015-01-01,-0.00078867
2015-01-02,-0.00076798
2015-01-03,-0.00057050
2015-01-04,-0.00036276
2015-01-05,-0.00020470
2015-01-06,0.00073614
2015-01-07,0.00082042
2015-01-08,0.00130541
2015-01-09,0.00154572
2015-01-10,0.00142495
2015-01-11,0.00161614
2015-01-12,0.00162263
2015-01-13,0.00075781
2015-01-14,0.00155147
2015-01-15,0.00218082
2015-01-16,0.00238473
2015-01-17,0.00246615
2015-01-18,0.00238995
2015-01-19,0.00048461
2015-01-20,0.00011461
2015-01-21,0.00101465
2015-01-22,0.00100436
2015-01-23,0.00081181
2015-01-24,0.00062377
2015-01-25,0.00036063
2015-01-26,0.00035682
2015-01-27,0.00015528
2015-01-28,-0.00033874
2015-01-29,-0.00053538
2015-01-30,-0.00061195
2015-01-31,-0.00081145
2015-02-01,-0.00094567
2015-02-02,-0.00149008
2015-02-03,-0.00211375
2015-02-04,-0.00242707
2015-02-05,-0.00254558
2015-02-06,-0.00252782
2015-02-07,-0.00261579
2015-02-08,-0.00264531
2015-02-09,-0.00253571
2015-02-10,-0.00335447
2015-02-11,-0.00326874
2015-02-12,-0.00322553
2015-02-13,-0.00317325
2015-02-14,-0.00305525
2015-02-15,-0.00397761
2015-02-16,-0.00400908
2015-02-17,-0.00408980
2015-02-18,-0.00418328
2015-02-19,-0.00373238
2015-02-20,-0.00223584
2015-02-21,-0.00226930
2015-02-22,-0.00242118
2015-02-23,-0.00239856
2015-02-24,-0.00264470
2015-02-25,-0.00232686
2015-02-26,-0.00235941
2015-02-27,-0.00225479
2015-02-28,-0.00194329
2015-03-01,-0.00112168
2015-03-02,-0.00104494
2015-03-03,-0.00049736
2015-03-04,-0.00010449
2015-03-05,0.00027891
2015-03-06,0.00056430
2015-03-07,0.00113623
2015-03-08,0.00153432
2015-03-09,0.00207159
2015-03-10,0.00338963
2015-03-11,0.00311312
2015-03-12,0.00207298
2015-03-13,0.00241855
2015-03-14,0.00241924
2015-03-15,0.00226783
2015-03-16,0.00244287
2015-03-17,0.00213299
2015-03-18,0.00237375
2015-03-19,0.00244297
2015-03-20,0.00219804
2015-03-21,0.00135214
2015-03-22,0.00125006
2015-03-23,0.00068825
2015-03-24,0.00031838
2015-03-25,-0.00003845
2015-03-26,-0.00034175
2015-03-27,-0.00088174
2015-03-28,-0.00130206
2015-03-29,-0.00190988
2015-03-30,-0.00316894
2015-03-31,-0.00334485
2015-04-01,-0.00341230
2015-04-02,-0.00304103
2015-04-03,-0.00294003
2015-04-04,-0.00293946
2015-04-05,-0.00316926
2015-04-06,-0.00318572
2015-04-07,-0.00339170
2015-04-08,-0.00345571
2015-04-09,-0.00332876
2015-04-10,-0.00290436
2015-04-11,-0.00292367
2015-04-12,-0.00290940
2015-04-13,-0.00282031
2015-04-14,-0.00292555
2015-04-15,-0.00218858
2015-04-16,-0.00228454
2015-04-17,-0.00224728
2015-04-18,-0.00224646
2015-04-19,-0.00235606
2015-04-20,-0.00232186
2015-04-21,-0.00262652
2015-04-22,-0.00325938
2015-04-23,-0.00042689
2015-04-24,-0.00040050
2015-04-25,-0.00029744
2015-04-26,-0.00031731
2015-04-27,-0.00016146
2015-04-28,-0.00018707
2015-04-29,-0.00029576
2015-04-30,-0.00082035
2015-05-01,-0.00075977
2015-05-02,-0.00088545
2015-05-03,-0.00091281
2015-05-04,-0.00092334
2015-05-05,-0.00163591
2015-05-06,-0.00161058
2015-05-07,-0.00162871
2015-05-08,-0.00152630
2015-05-09,-0.00145015
2015-05-10,-0.00151059
2015-05-11,-0.00138930
2015-05-12,-0.00132464
2015-05-13,-0.00419497
2015-05-14,-0.00412255
2015-05-15,-0.00416320
2015-05-16,-0.00417003
2015-05-17,-0.00437881
2015-05-18,-0.00440203
2015-05-19,-0.00429677
2015-05-20,-0.00426111
2015-05-21,-0.00428369
2015-05-22,-0.00387269
2015-05-23,-0.00395442
2015-05-24,-0.00402279
2015-05-25,-0.00401220
2015-05-26,-0.00398669
2015-05-27,-0.00387261
2015-05-28,-0.00375712
2015-05-29,-0.00366677
2015-05-30,-0.00299261
2015-05-31,-0.00316642
2015-06-01,-0.00301126
2015-06-02,-0.00290351
2015-06-03,-0.00289613
2015-06-04,-0.00285969
2015-06-05,-0.00283030
2015-06-06,-0.00283533
2015-06-07,-0.00278750
2015-06-08,-0.00288881
2015-06-09,-0.00290014
2015-06-10,-0.00272883
2015-06-11,-0.00297233
2015-06-12,-0.00264563
2015-06-13,-0.00253555
2015-06-14,-0.00254178
2015-06-15,-0.00250700
2015-06-16,-0.00233734
2015-06-17,-0.00216522
2015-06-18,-0.00222153
2015-06-19,-0.00247413
2015-06-20,-0.00206897
2015-06-21,-0.00211713
2015-06-22,-0.00219372
2015-06-23,-0.00215314
2015-06-24,-0.00210996
2015-06-25,-0.00205122
2015-06-26,-0.00194192
2015-06-27,-0.00196592
2015-06-28,-0.00200604
2015-06-29,-0.00188980
2015-06-30,-0.00186142
2015-07-01,-0.00188853
2015-07-02,-0.00209719
2015-07-03,-0.00187282
2015-07-04,-0.00196771
2015-07-05,-0.00186555
2015-07-06,-0.00174452
2015-07-07,-0.00170856
2015-07-08,-0.00116648
2015-07-09,-0.00126509
2015-07-10,-0.00145671
2015-07-11,-0.00144180
2015-07-12,-0.00111013
2015-07-13,-0.00115619
2015-07-14,-0.00120253
2015-07-15,-0.00118633
2015-07-16,-0.00114336
2015-07-17,-0.00087187
2015-07-18,-0.00082567
2015-07-19,-0.00096123
2015-07-20,-0.00087426
2015-07-21,-0.00085033
2015-07-22,-0.00095483
2015-07-23,-0.00121916
2015-07-24,-0.00114576
2015-07-25,-0.00116707
2015-07-26,-0.00152177
2015-07-27,-0.00177636
2015-07-28,-0.00226038
2015-07-29,-0.00246579
2015-07-30,-0.00266531
2015-07-31,-0.00273729
2015-08-01,-0.00312732
2015-08-02,-0.00318779
2015-08-03,-0.00320124
2015-08-04,-0.00312895
2015-08-05,-0.00316326
2015-08-06,-0.00344397
2015-08-07,-0.00345165
2015-08-08,-0.00313363
2015-08-09,-0.00113086
2015-08-10,-0.00120367
2015-08-11,-0.00111630
2015-08-12,-0.00107653
2015-08-13,-0.00100646
2015-08-14,-0.00090383
2015-08-15,-0.00086720
2015-08-16,-0.00083010
2015-08-17,-0.00077009
2015-08-18,-0.00073481
2015-08-19,-0.00045960
2015-08-20,-0.00040017
2015-08-21,-0.00027860
2015-08-22,-0.00012693
2015-08-23,0.00024275
2015-08-24,0.00111002
2015-08-25,0.00238920
2015-08-26,0.00311080
2015-08-27,0.00333618
2015-08-28,0.00311887
2015-08-29,0.00093548
2015-08-30,0.00106345
2015-08-31,0.00104712
2015-09-01,0.00111363
2015-09-02,0.00119903
2015-09-03,0.00120424
2015-09-04,0.00115946
2015-09-05,0.00104826
2015-09-06,0.00099077
2015-09-07,0.00088025
2015-09-08,0.00061434
2015-09-09,0.00071934
2015-09-10,0.00120916
2015-09-11,0.00107176
2015-09-12,0.00062474
2015-09-13,-0.00040375
2015-09-14,-0.00173304
2015-09-15,-0.00238307
2015-09-16,-0.00255889
2015-09-17,-0.00261114
2015-09-18,-0.00268543
2015-09-19,-0.00281239
2015-09-20,-0.00287408
2015-09-21,-0.00251419
2015-09-22,-0.00259395
2015-09-23,-0.00253587
2015-09-24,-0.00254836
2015-09-25,-0.00251042
2015-09-26,-0.00257520
2015-09-27,-0.00260532
2015-09-28,-0.00251309
2015-09-29,-0.00277749
2015-09-30,-0.00323923
2015-10-01,-0.00310112
2015-10-02,-0.00304872
2015-10-03,-0.00296906
2015-10-04,-0.00294360
2015-10-05,-0.00296060
2015-10-06,-0.00293662
2015-10-07,-0.00239702
2015-10-08,-0.00225016
2015-10-09,-0.00225101
2015-10-10,-0.00221651
2015-10-11,-0.00268362
2015-10-12,-0.00238830
2015-10-13,-0.00254898
2015-10-14,-0.00215730
2015-10-15,-0.00205063
2015-10-16,-0.00197059
2015-10-17,-0.00183287
2015-10-18,-0.00198455
2015-10-19,-0.00184818
2015-10-20,-0.00176880
2015-10-21,-0.00175139
2015-10-22,-0.00156945
2015-10-23,-0.00154763
2015-10-24,-0.00158005
2015-10-25,-0.00153540
2015-10-26,-0.00152433
2015-10-27,-0.00191266
2015-10-28,-0.00016094
2015-10-29,0.00015723
2015-10-30,0.00073427
2015-10-31,0.00135496
2015-11-01,0.00154170
2015-11-02,0.00159281
2015-11-03,0.00232244
2015-11-04,0.00329107
2015-11-05,0.00374541
2015-11-06,0.00381126
2015-11-07,0.00498612
2015-11-08,0.00503532
2015-11-09,0.00567471
2015-11-10,0.00603380
2015-11-11,0.00618396
2015-11-12,0.00622352
2015-11-13,0.00691153
2015-11-14,0.00694044
2015-11-15,0.00690465
2015-11-16,0.00681179
2015-11-17,0.00527439
2015-11-18,0.00499129
2015-11-19,0.00452960
2015-11-20,0.00398876
2015-11-21,0.00346184
2015-11-22,0.00345738
2015-11-23,0.00235793
2015-11-24,0.00132587
2015-11-25,0.00080969
2015-11-26,0.00075433
2015-11-27,-0.00009602
2015-11-28,-0.00026068
2015-11-29,-0.00110044
2015-11-30,-0.00146819
2015-12-01,-0.00164391
2015-12-02,-0.00146081
2015-12-03,-0.00199400
2015-12-04,-0.00196915
2015-12-05,-0.00181521
2015-12-06,-0.00148372
2015-12-07,-0.00168135
2015-12-08,-0.00165093
2015-12-09,-0.00101658
2015-12-10,-0.00094730
2015-12-11,-0.00066921
2015-12-12,-0.00069706
2015-12-13,-0.00053111
2015-12-14,0.00036536
2015-12-15,0.00056165
2015-12-16,0.00056892
2015-12-17,0.00032377
2015-12-18,0.00036793
2015-12-19,0.00094506
2015-12-20,0.00083714
2015-12-21,0.00085965
2015-12-22,0.00071819
2015-12-23,0.00076184
2015-12-24,0.00081408
2015-12-25,0.00110795
2015-12-26,0.00076791
2015-12-27,0.00065785
2015-12-28,0.00065615
2015-12-29,-0.00010234
2015-12-30,-0.00022335
2015-12-31,-0.00047332
2016-01-01,-0.00065404
2016-01-02,-0.00085735
2016-01-03,-0.00176368
2016-01-04,-0.00192382
2016-01-05,-0.00190441
2016-01-06,-0.00191487
2016-01-07,-0.00006290
2016-01-08,-0.00013025
2016-01-09,-0.00016057
2016-01-10,0.00008481
2016-01-11,0.00012965
2016-01-12,0.00003895
2016-01-13,0.00025780
2016-01-14,-0.00022533
2016-01-15,0.00036822
2016-01-16,0.00059494
2016-01-17,0.00059145
2016-01-18,0.00064906
2016-01-19,0.00088069
2016-01-20,0.00097745
2016-01-21,0.00123437
2016-01-22,0.00302374
2016-01-23,0.00400008
2016-01-24,0.00409873
2016-01-25,0.00457257
2016-01-26,0.00486164
2016-01-27,0.00312117
2016-01-28,0.00296767
2016-01-29,0.00312942
2016-01-30,0.00302688
2016-01-31,0.00295743
2016-02-01,0.00337524
2016-02-02,0.00301805
2016-02-03,0.00307402
2016-02-04,0.00264436
2016-02-05,0.00255318
2016-02-06,0.00262823
2016-02-07,0.00264800
2016-02-08,0.00245130
2016-02-09,0.00250420
2016-02-10,0.00247627
2016-02-11,0.00112952
2016-02-12,0.00022006
2016-02-13,0.00017155
2016-02-14,-0.00033888
2016-02-15,-0.00021445
2016-02-16,-0.00002085
2016-02-17,-0.00007221
2016-02-18,-0.00018507
2016-02-19,-0.00015310
2016-02-20,-0.00010734
2016-02-21,-0.00050663
2016-02-22,-0.00041599
2016-02-23,-0.00036146
2016-02-24,-0.00025701
2016-02-25,-0.00008891
2016-02-26,-0.00007142
2016-02-27,-0.00009663
2016-02-28,0.00021176
2016-02-29,0.00048226
2016-03-01,0.00193344
2016-03-02,0.00185901
2016-03-03,0.00229568
2016-03-04,0.00251885
2016-03-05,0.00364330
2016-03-06,0.00345653
2016-03-07,0.00359418
2016-03-08,0.00365667
2016-03-09,0.00408273
2016-03-10,0.00422412
2016-03-11,0.00428607
2016-03-12,0.00436372
2016-03-13,0.00446772
2016-03-14,0.00472722
2016-03-15,0.00468450
2016-03-16,0.00459770
2016-03-17,0.00467978
2016-03-18,0.00480475
2016-03-19,0.00455508
2016-03-20,0.00413984
2016-03-21,0.00299787
2016-03-22,0.00295946
2016-03-23,0.00244635
2016-03-24,0.00226282
2016-03-25,0.00136045
2016-03-26,0.00126486
2016-03-27,0.00083420
2016-03-28,0.00070974
2016-03-29,0.00038315
2016-03-30,0.00011926
2016-03-31,0.00020342
2016-04-01,0.00021903
2016-04-02,0.00004141
2016-04-03,-0.00018033
2016-04-04,-0.00038195
2016-04-05,-0.00046541
2016-04-06,-0.00037961
2016-04-07,0.00030481
2016-04-08,0.00030492
2016-04-09,0.00025202
2016-04-10,0.00020293
2016-04-11,0.00007324
2016-04-12,0.00032874
2016-04-13,0.00026320
2016-04-14,0.00002831
2016-04-15,-0.00009978
2016-04-16,-0.00004051
2016-04-17,-0.00022445
2016-04-18,-0.00028766
2016-04-19,-0.00042101
2016-04-20,-0.00055958
2016-04-21,-0.00067403
2016-04-22,-0.00058063
2016-04-23,-0.00066177
2016-04-24,-0.00056183
2016-04-25,-0.00024737
2016-04-26,-0.00036009
2016-04-27,-0.00110692
2016-04-28,-0.00102454
2016-04-29,-0.00088307
2016-04-30,-0.00129417
2016-05-01,-0.00132699
2016-05-02,-0.00158735
2016-05-03,-0.00164691
2016-05-04,-0.00154870
2016-05-05,-0.00158169
2016-05-06,-0.00154769
2016-05-07,-0.00125779
2016-05-08,-0.00129921
2016-05-09,-0.00123977
2016-05-10,-0.00112707
2016-05-11,-0.00097184
2016-05-12,-0.00103213
2016-05-13,-0.00101326
2016-05-14,-0.00091790
2016-05-15,-0.00139001
2016-05-16,-0.00135031
2016-05-17,0.00054601
2016-05-18,0.00061708
2016-05-19,0.00086632
2016-05-20,0.00121415
2016-05-21,0.00114719
2016-05-22,0.00119991
2016-05-23,0.00134699
2016-05-24,0.00128600
2016-05-25,0.00149014
2016-05-26,0.00148757
2016-05-27,0.00251586
2016-05-28,0.00280823
2016-05-29,0.00311350
2016-05-30,0.00305690
2016-05-31,0.00313400
2016-06-01,0.00329719
2016-06-02,0.00387709
2016-06-03,0.00371561
2016-06-04,0.00377245
2016-06-05,0.00370016
2016-06-06,0.00203339
2016-06-07,0.00214482
2016-06-08,0.00187594
2016-06-09,0.00165100
2016-06-10,0.00177515
2016-06-11,0.00184097
2016-06-12,0.00271630
2016-06-13,0.00320904
2016-06-14,0.00356928
2016-06-15,0.00408644
2016-06-16,0.00353507
2016-06-17,0.00349573
2016-06-18,0.00324929
2016-06-19,0.00315037
2016-06-20,0.00326257
2016-06-21,0.00343199
2016-06-22,0.00299758
2016-06-23,0.00301180
2016-06-24,0.00308953
2016-06-25,0.00350849
2016-06-26,0.00319517
2016-06-27,0.00298682
2016-06-28,0.00290164
2016-06-29,0.00278526
2016-06-30,0.00322616
2016-07-01,0.00314493
2016-07-02,0.00222733
2016-07-03,0.00165534
2016-07-04,0.00110091
2016-07-05,0.00068501
2016-07-06,-0.00000875
2016-07-07,-0.00012319
2016-07-08,-0.00004682
2016-07-09,0.00027804
2016-07-10,0.00024230
2016-07-11,0.00026377
2016-07-12,0.00008183
2016-07-13,0.00000573
2016-07-14,-0.00009887
2016-07-15,-0.00066184
2016-07-16,-0.00071214
2016-07-17,-0.00073819
2016-07-18,-0.00073866
2016-07-19,-0.00047829
2016-07-20,-0.00101524
2016-07-21,-0.00107531
2016-07-22,-0.00108130
2016-07-23,-0.00105588
2016-07-24,-0.00091676
2016-07-25,-0.00103662
2016-07-26,-0.00105620
2016-07-27,-0.00110430
2016-07-28,-0.00128517
2016-07-29,-0.00160089
2016-07-30,-0.00187360
2016-07-31,-0.00226923
2016-08-01,-0.00224148
2016-08-02,-0.00182061
2016-08-03,-0.00165307
2016-08-04,-0.00103263
2016-08-05,-0.00094573
2016-08-06,-0.00102151
2016-08-07,-0.00088532
2016-08-08,-0.00112540
2016-08-09,-0.00117877
2016-08-10,-0.00108517
2016-08-11,-0.00116860
2016-08-12,-0.00119386
2016-08-13,-0.00136483
2016-08-14,-0.00143679
2016-08-15,-0.00151796
2016-08-16,-0.00140499
2016-08-17,-0.00141643
2016-08-18,-0.00145910
2016-08-19,-0.00134804
2016-08-20,-0.00058733
2016-08-21,-0.00063179
2016-08-22,-0.00105226
2016-08-23,-0.00118741
2016-08-24,-0.00174989
2016-08-25,-0.00106238
2016-08-26,-0.00101156
2016-08-27,-0.00120487
2016-08-28,-0.00125348
2016-08-29,-0.00116385
2016-08-30,-0.00094232
2016-08-31,-0.00055024
2016-09-01,-0.00047232
2016-09-02,-0.00045147
2016-09-03,-0.00047784
2016-09-04,-0.00038311
2016-09-05,-0.00058006
2016-09-06,-0.00055687
2016-09-07,-0.00058432
2016-09-08,-0.00060874
2016-09-09,-0.00134199
2016-09-10,-0.00131270
2016-09-11,-0.00122062
2016-09-12,-0.00122533
2016-09-13,-0.00081348
2016-09-14,-0.00146408
2016-09-15,-0.00151176
2016-09-16,-0.00133804
2016-09-17,-0.00129755
2016-09-18,-0.00138189
2016-09-19,-0.00161894
2016-09-20,-0.00164146
2016-09-21,-0.00159935
2016-09-22,-0.00160200
2016-09-23,-0.00158194
2016-09-24,-0.00129547
2016-09-25,-0.00100024
2016-09-26,-0.00101326
2016-09-27,-0.00090601
2016-09-28,-0.00103110
2016-09-29,-0.00107920
2016-09-30,-0.00109912
2016-10-01,-0.00122004
2016-10-02,-0.00127388
2016-10-03,-0.00154103
2016-10-04,-0.00125190
2016-10-05,-0.00122718
2016-10-06,-0.00130090
2016-10-07,-0.00129880
2016-10-08,-0.00126973
2016-10-09,-0.00135440
2016-10-10,-0.00163987
2016-10-11,-0.00151684
2016-10-12,-0.00116967
2016-10-13,-0.00108812
2016-10-14,-0.00138455
2016-10-15,-0.00168762
2016-10-16,-0.00172570
2016-10-17,-0.00130390
2016-10-18,-0.00099264
2016-10-19,-0.00090950
2016-10-20,-0.00079746
2016-10-21,-0.00037663
2016-10-22,-0.00028056
2016-10-23,-0.00041925
2016-10-24,-0.00037764
2016-10-25,-0.00025355
2016-10-26,-0.00002604
2016-10-27,0.00023208
2016-10-28,0.00030469
2016-10-29,0.00047575
2016-10-30,0.00043799
2016-10-31,0.00035788
2016-11-01,0.00014877
2016-11-02,0.00014263
2016-11-03,0.00023190
2016-11-04,0.00031578
2016-11-05,0.00030223
2016-11-06,-0.00023035
2016-11-07,-0.00051723
2016-11-08,-0.00025468
2016-11-09,-0.00015236
2016-11-10,-0.00027040
2016-11-11,-0.00015055
2016-11-12,-0.00018685
2016-11-13,-0.00059546
2016-11-14,-0.00057961
2016-11-15,-0.00070020
2016-11-16,-0.00041039
2016-11-17,-0.00011009
2016-11-18,-0.00005445
2016-11-19,-0.00003475
2016-11-20,-0.00013025
2016-11-21,-0.00009757
2016-11-22,0.00038337
2016-11-23,0.00038719
2016-11-24,0.00156345
2016-11-25,0.00163940
2016-11-26,0.00180187
2016-11-27,0.00181872
2016-11-28,0.00161950
2016-11-29,0.00152622
2016-11-30,0.00140424
2016-12-01,0.00143796
2016-12-02,0.00169849
2016-12-03,0.00314962
2016-12-04,0.00295063
2016-12-05,0.00302753
2016-12-06,0.00253888
2016-12-07,0.00224825
2016-12-08,0.00235393
2016-12-09,0.00235654
2016-12-10,0.00253520
2016-12-11,0.00244044
2016-12-12,0.00197377
2016-12-13,0.00213741
2016-12-14,0.00104632
2016-12-15,0.00116441
2016-12-16,0.00126487
2016-12-17,0.00134723
2016-12-18,0.00151485
2016-12-19,0.00145969
2016-12-20,0.00157025
2016-12-21,0.00234342
2016-12-22,0.00284472
2016-12-23,0.00200089
2016-12-24,0.00224572
2016-12-25,0.00217147
2016-12-26,0.00219930
2016-12-27,0.00235019
2016-12-28,0.00284847
2016-12-29,0.00342860
2016-12-30,0.00353302
2016-12-31,0.00353021
2017-01-01,0.00358467
2017-01-02,0.00376797
2017-01-03,0.00392443
2017-01-04,0.00438421
2017-01-05,0.00572961
2017-01-06,0.00608496
2017-01-07,0.00593809
2017-01-08,0.00604833
2017-01-09,0.00602086
2017-01-10,0.00521219
2017-01-11,0.00499642
2017-01-12,0.00458286
2017-01-13,0.00457157
2017-01-14,0.00441385
2017-01-15,0.00439641
2017-01-16,0.00421298
2017-01-17,0.00358806
2017-01-18,0.00302856
2017-01-19,0.00272533
2017-01-20,0.00269857
2017-01-21,0.00259222
2017-01-22,0.00221004
2017-01-23,0.00197451
2017-01-24,0.00159027
2017-01-25,0.00018175
2017-01-26,-0.00020473
2017-01-27,-0.00029826
2017-01-28,-0.00047790
2017-01-29,0.00029802
2017-01-30,0.00014558
2017-01-31,-0.00024722
2017-02-01,-0.00034408
2017-02-02,-0.00041356
2017-02-03,0.00018117
2017-02-04,0.00020523
2017-02-05,0.00025874
2017-02-06,0.00041152
2017-02-07,0.00086366
2017-02-08,0.00094869
2017-02-09,0.00131103
2017-02-10,0.00159898
2017-02-11,0.00147531
2017-02-12,0.00147321
2017-02-13,0.00140708
2017-02-14,0.00131935
2017-02-15,0.00120375
2017-02-16,0.00116809
2017-02-17,0.00149218
2017-02-18,0.00056616
2017-02-19,0.00066029
2017-02-20,0.00057356
2017-02-21,0.00074104
2017-02-22,0.00102521
2017-02-23,0.00066481
2017-02-24,0.00164011
2017-02-25,0.00158086
2017-02-26,0.00126996
2017-02-27,0.00089193
2017-02-28,0.00088554
2017-03-01,0.00067606
2017-03-02,0.00061593
2017-03-03,0.00152260
2017-03-04,0.00156204
2017-03-05,0.00147454
2017-03-06,0.00162807
2017-03-07,0.00192536
2017-03-08,0.00222180
2017-03-09,0.00217993
2017-03-10,0.00254388
2017-03-11,0.00258801
2017-03-12,0.00260940
2017-03-13,0.00310168
2017-03-14,0.00280135
2017-03-15,0.00287726
2017-03-16,0.00231648
2017-03-17,0.00296607
2017-03-18,0.00393331
2017-03-19,0.00429080
2017-03-20,0.00445489
2017-03-21,0.00467622
2017-03-22,0.00492771
2017-03-23,0.00423775
2017-03-24,0.00722408
2017-03-25,0.00806847
2017-03-26,0.00844871
2017-03-27,0.00846669
2017-03-28,0.00844603
2017-03-29,0.00838544
2017-03-30,0.00820124
2017-03-31,0.00842167
2017-04-01,0.00860066
2017-04-02,0.00810823
2017-04-03,0.00818696
2017-04-04,0.00796136
2017-04-05,0.00764114
2017-04-06,0.00707150
2017-04-07,0.00668290
2017-04-08,0.00629384
2017-04-09,0.00608539
2017-04-10,0.00584571
2017-04-11,0.00542086
2017-04-12,0.00565058
2017-04-13,0.00258900
2017-04-14,0.00207425
2017-04-15,0.00145944
2017-04-16,0.00114791
2017-04-17,0.00107352
2017-04-18,0.00107485
2017-04-19,0.00095071
2017-04-20,0.00067328
2017-04-21,0.00046094
2017-04-22,0.00020614
2017-04-23,0.00005012
2017-04-24,0.00022916
2017-04-25,0.00021688
2017-04-26,0.00022387
2017-04-27,-0.00027326
2017-04-28,0.00040456
2017-04-29,0.00052042
2017-04-30,0.00070962
2017-05-01,0.00165858
2017-05-02,0.00179040
2017-05-03,0.00200721
2017-05-04,0.00206925
2017-05-05,0.00297366
2017-05-06,0.00310267
2017-05-07,0.00299693
2017-05-08,0.00325609
2017-05-09,0.00382384
2017-05-10,0.00397855
2017-05-11,0.00503667
2017-05-12,0.00534486
2017-05-13,0.00545683
2017-05-14,0.00525665
2017-05-15,0.00539527
2017-05-16,0.00539661
2017-05-17,0.00582919
2017-05-18,0.00520902
2017-05-19,0.00552773
2017-05-20,0.00545268
2017-05-21,0.00466642
2017-05-22,0.00504255
2017-05-23,0.00553675
2017-05-24,0.00617833
2017-05-25,0.00707940
2017-05-26,0.00745852
2017-05-27,0.00767533
2017-05-28,0.00748386
2017-05-29,0.00701033
2017-05-30,0.00720384
2017-05-31,0.00701191
2017-06-01,0.00717627
2017-06-02,0.00719285
2017-06-03,0.00731100
2017-06-04,0.00726400
2017-06-05,0.00742399
2017-06-06,0.00727141
2017-06-07,0.00731750
2017-06-08,0.00711338
2017-06-09,0.00729215
2017-06-10,0.00821392
2017-06-11,0.00755177
2017-06-12,0.00904795
2017-06-13,0.01037883
2017-06-14,0.00905801
2017-06-15,0.00895065
2017-06-16,0.00937354
2017-06-17,0.00919712
2017-06-18,0.00958698
2017-06-19,0.00952274
2017-06-20,0.00901889
2017-06-21,0.00877514
2017-06-22,0.00895019
2017-06-23,0.00893643
2017-06-24,0.00885663
2017-06-25,0.00862826
2017-06-26,0.00844090
2017-06-27,0.00841164
2017-06-28,0.00845887
2017-06-29,0.00821059
2017-06-30,0.00747549
2017-07-01,0.00734467
2017-07-02,0.00534003
2017-07-03,0.00331259
2017-07-04,0.00303473
2017-07-05,0.00318730
2017-07-06,0.00259087
2017-07-07,0.00281258
2017-07-08,0.00232758
2017-07-09,0.00213287
2017-07-10,0.00184149
2017-07-11,0.00187170
2017-07-12,0.00165951
2017-07-13,0.00173138
2017-07-14,0.00185727
2017-07-15,0.00192614
2017-07-16,0.00187289
2017-07-17,0.00253917
2017-07-18,0.00240515
2017-07-19,0.00240432
2017-07-20,0.00227980
2017-07-21,0.00237111
2017-07-22,0.00229608
2017-07-23,0.00192853
2017-07-24,0.00202710
2017-07-25,0.00429820
2017-07-26,0.00435630
2017-07-27,0.00470228
2017-07-28,0.00644696
2017-07-29,0.00989728
2017-07-30,0.01156926
2017-07-31,0.01773071
2017-08-01,0.01855649
2017-08-02,0.01943066
2017-08-03,0.02065389
2017-08-04,0.02360896
2017-08-05,0.02522453
2017-08-06,0.02634979
2017-08-07,0.02704928
2017-08-08,0.02798705
2017-08-09,0.02846519
2017-08-10,0.02862216
2017-08-11,0.02882597
2017-08-12,0.02938111
2017-08-13,0.02963372
2017-08-14,0.02725284
2017-08-15,0.02739426
2017-08-16,0.02700616
2017-08-17,0.02564487
2017-08-18,0.02272915
2017-08-19,0.02175465
2017-08-20,0.01635621
2017-08-21,0.01575261
2017-08-22,0.01537257
2017-08-23,0.01467521
2017-08-24,0.01187402
2017-08-25,0.01044983
2017-08-26,0.00876782
2017-08-27,0.00818000
2017-08-28,0.00729539
2017-08-29,0.00724677
2017-08-30,0.00740525
2017-08-31,0.00756892
2017-09-01,0.00738171
2017-09-02,0.00709041
2017-09-03,0.00697720
2017-09-04,0.00705285
2017-09-05,0.00702044
2017-09-06,0.00680208
2017-09-07,0.00642077
2017-09-08,0.00568669
2017-09-09,0.00475824
2017-09-10,0.00458241
2017-09-11,0.00408989
2017-09-12,0.00336000
2017-09-13,0.00330329
2017-09-14,0.00330830
2017-09-15,0.00371760
2017-09-16,0.00364461
2017-09-17,0.00349614
2017-09-18,0.00282813
2017-09-19,0.00246439
2017-09-20,0.00207884
2017-09-21,0.00186695
2017-09-22,0.00203581
2017-09-23,0.00174910
2017-09-24,0.00126995
2017-09-25,0.00370902
2017-09-26,0.00393978
2017-09-27,0.00371040
2017-09-28,0.00382677
2017-09-29,0.00387018
2017-09-30,0.00402519
2017-10-01,0.00395647
2017-10-02,0.00428062
2017-10-03,0.00423717
2017-10-04,0.00403392
2017-10-05,0.00464800
2017-10-06,0.00461630
2017-10-07,0.00469655
2017-10-08,0.00514298
2017-10-09,0.00570922
2017-10-10,0.00588662
2017-10-11,0.00577951
2017-10-12,0.00558788
2017-10-13,0.00621435
2017-10-14,0.00641500
2017-10-15,0.00431925
2017-10-16,0.00475783
2017-10-17,0.00507649
2017-10-18,0.00506388
2017-10-19,0.00599084
2017-10-20,0.00581913
2017-10-21,0.00576785
2017-10-22,0.00597095
2017-10-23,0.00659364
2017-10-24,0.00693986
2017-10-25,0.00620160
2017-10-26,0.00611772
2017-10-27,0.00606640
2017-10-28,0.00557337
2017-10-29,0.00500958
2017-10-30,0.00494812
2017-10-31,0.00509464
2017-11-01,0.00580415
2017-11-02,0.00557684
2017-11-03,0.00585061
2017-11-04,0.00542940
2017-11-05,0.00550809
2017-11-06,0.00522547
2017-11-07,0.00544186
2017-11-08,0.00476129
2017-11-09,0.00491939
2017-11-10,0.00542483
2017-11-11,0.00586487
2017-11-12,0.01064387
2017-11-13,0.01105386
2017-11-14,0.01094448
2017-11-15,0.01128244
2017-11-16,0.01209700
2017-11-17,0.01269303
2017-11-18,0.01282247
2017-11-19,0.01277270
2017-11-20,0.01332714
2017-11-21,0.01276590
2017-11-22,0.01247356
2017-11-23,0.01224600
2017-11-24,0.01272818
2017-11-25,0.01209053
2017-11-26,0.01256169
2017-11-27,0.01260044
2017-11-28,0.01285582
2017-11-29,0.01315091
2017-11-30,0.01288982
2017-12-01,0.01221531
2017-12-02,0.00692990
2017-12-03,0.00631752
2017-12-04,0.00618281
2017-12-05,0.00605144
2017-12-06,0.00562122
2017-12-07,0.00750728
2017-12-08,0.00809573
2017-12-09,0.00822793
2017-12-10,0.00785087
2017-12-11,0.00776508
2017-12-12,0.00875509
2017-12-13,0.00903703
2017-12-14,0.00876696
2017-12-15,0.00882071
2017-12-16,0.00839474
2017-12-17,0.00908302
2017-12-18,0.00878848
2017-12-19,0.00845378
2017-12-20,0.00941481
2017-12-21,0.00926272
2017-12-22,0.00968726
2017-12-23,0.00977179
2017-12-24,0.00970370
2017-12-25,0.00955711
2017-12-26,0.00937468
2017-12-27,0.00728114
2017-12-28,0.00655907
2017-12-29,0.00657872
2017-12-30,0.00680549
2017-12-31,0.00707791
2018-01-01,0.00608475
2018-01-02,0.00613116
2018-01-03,0.00596471
2018-01-04,0.00578578
2018-01-05,0.00621681
2018-01-06,0.00538691
2018-01-07,0.00758235
2018-01-08,0.00739716
2018-01-09,0.00630728
2018-01-10,0.00623758
2018-01-11,0.00592779
2018-01-12,0.00605333
2018-01-13,0.00594494
2018-01-14,0.00594711
2018-01-15,0.00568281
2018-01-16,0.00563496
2018-01-17,0.00610975
2018-01-18,0.00585190
2018-01-19,0.00536835
2018-01-20,0.00487799
2018-01-21,0.00482651
2018-01-22,0.00460471
2018-01-23,0.00457533
2018-01-24,0.00438558
2018-01-25,0.00389181
2018-01-26,0.00393675
2018-01-27,0.00146362
2018-01-28,0.00173707
2018-01-29,0.00160759
2018-01-30,0.00155947
2018-01-31,0.00140449
2018-02-01,0.00144876
2018-02-02,0.00159668
2018-02-03,0.00151557
2018-02-04,0.00407492
2018-02-05,0.00470262
2018-02-06,0.00496075
2018-02-07,0.00499797
2018-02-08,0.00551052
2018-02-09,0.00540584
2018-02-10,0.00532999
2018-02-11,0.00511807
2018-02-12,0.00503893
2018-02-13,0.00493298
2018-02-14,0.00483880
2018-02-15,0.00465493
2018-02-16,0.00466758
2018-02-17,0.00423815
2018-02-18,0.00419578
2018-02-19,0.00403720
2018-02-20,0.00391229
2018-02-21,0.00343532
2018-02-22,0.00519526
2018-02-23,0.00517070
2018-02-24,0.00256629
2018-02-25,0.00154051
2018-02-26,0.00062261
2018-02-27,0.00051549
2018-02-28,0.00013985
2018-03-01,0.00021937
2018-03-02,0.00020370
2018-03-03,0.00009398
2018-03-04,-0.00001901
2018-03-05,0.00007339
2018-03-06,0.00006253
2018-03-07,-0.00007120
2018-03-08,-0.00017325
2018-03-09,0.00003833
2018-03-10,-0.00003450
2018-03-11,0.00005644
2018-03-12,-0.00010060
2018-03-13,-0.00009112
2018-03-14,-0.00215550
2018-03-15,-0.00217684
2018-03-16,-0.00212942
2018-03-17,-0.00210646
2018-03-18,-0.00207547
2018-03-19,-0.00209973
2018-03-20,-0.00245760
2018-03-21,-0.00253495
2018-03-22,-0.00251945
2018-03-23,-0.00257846
2018-03-24,-0.00257156
2018-03-25,-0.00265301
2018-03-26,-0.00264304
2018-03-27,-0.00268865
2018-03-28,-0.00268274
2018-03-29,-0.00274100
2018-03-30,-0.00267243
2018-03-31,-0.00274976
2018-04-01,-0.00274308
2018-04-02,-0.00283729
2018-04-03,-0.00281153
2018-04-04,-0.00289629
2018-04-05,-0.00295835
2018-04-06,-0.00298594
2018-04-07,-0.00300084
2018-04-08,-0.00298930
2018-04-09,-0.00296730
2018-04-10,-0.00296820
2018-04-11,-0.00276438
2018-04-12,-0.00256314
2018-04-13,-0.00243784
2018-04-14,-0.00244462
2018-04-15,-0.00249002
2018-04-16,-0.00246903
2018-04-17,-0.00239166
2018-04-18,-0.00234013
2018-04-19,-0.00104203
2018-04-20,-0.00073025
2018-04-21,-0.00055121
2018-04-22,-0.00045690
2018-04-23,-0.00027914
2018-04-24,-0.00012050
2018-04-25,-0.00000927
2018-04-26,0.00067072
2018-04-27,0.00065107
2018-04-28,0.00057343
2018-04-29,0.00057784
2018-04-30,0.00062733
2018-05-01,0.00035812
2018-05-02,0.00059854
2018-05-03,0.00048484
2018-05-04,0.00054065
2018-05-05,0.00055312
2018-05-06,0.00054720
2018-05-07,0.00046322
2018-05-08,0.00028691
2018-05-09,-0.00101232
2018-05-10,-0.00102078
2018-05-11,-0.00116129
2018-05-12,-0.00126548
2018-05-13,-0.00150542
2018-05-14,-0.00061907
2018-05-15,-0.00071186
2018-05-16,-0.00133256
2018-05-17,0.00001728
2018-05-18,0.00007168
2018-05-19,0.00005593
2018-05-20,-0.00002676
2018-05-21,0.00002251
2018-05-22,-0.00037945
2018-05-23,-0.00029394
2018-05-24,-0.00016537
2018-05-25,-0.00020303
2018-05-26,-0.00028195
2018-05-27,-0.00031559
2018-05-28,-0.00029321
2018-05-29,-0.00037031
2018-05-30,-0.00063217
2018-05-31,-0.00072270
2018-06-01,-0.00068988
2018-06-02,-0.00071861
2018-06-03,-0.00176696
2018-06-04,-0.00177711
2018-06-05,-0.00182677
2018-06-06,-0.00312679
2018-06-07,-0.00316702
2018-06-08,-0.00312402
2018-06-09,-0.00315311
2018-06-10,-0.00315477
2018-06-11,-0.00313204
2018-06-12,-0.00325738
2018-06-13,-0.00330156
2018-06-14,-0.00330087
2018-06-15,-0.00325955
2018-06-16,-0.00328445
2018-06-17,-0.00334612
2018-06-18,-0.00333245
2018-06-19,-0.00342176
2018-06-20,-0.00340705
2018-06-21,-0.00313060
2018-06-22,-0.00308513
2018-06-23,-0.00309389
2018-06-24,-0.00307213
2018-06-25,-0.00308064
2018-06-26,-0.00310651
2018-06-27,-0.00280398
2018-06-28,-0.00276941
2018-06-29,-0.00274569
2018-06-30,-0.00278499
2018-07-01,-0.00263976
2018-07-02,-0.00258172
2018-07-03,-0.00269195
2018-07-04,-0.00260919
2018-07-05,-0.00261586
2018-07-06,-0.00250174
2018-07-07,-0.00249609
2018-07-08,-0.00244602
2018-07-09,-0.00240383
2018-07-10,-0.00236099
2018-07-11,-0.00260177
2018-07-12,-0.00259713
2018-07-13,-0.00248323
2018-07-14,-0.00260154
2018-07-15,-0.00262362
2018-07-16,-0.00259570
2018-07-17,-0.00286389
2018-07-18,-0.00288424
2018-07-19,-0.00281270
2018-07-20,-0.00277653
2018-07-21,-0.00287105
2018-07-22,-0.00291080
2018-07-23,-0.00289127
2018-07-24,-0.00288841
2018-07-25,-0.00280024
2018-07-26,-0.00284597
2018-07-27,-0.00282378
2018-07-28,-0.00289249
2018-07-29,-0.00281473
2018-07-30,-0.00284113
2018-07-31,-0.00287328
2018-08-01,-0.00289085
2018-08-02,-0.00293040
2018-08-03,-0.00287860
2018-08-04,-0.00282039
2018-08-05,-0.00289808
2018-08-06,-0.00283145
2018-08-07,-0.00290064
2018-08-08,-0.00292830
2018-08-09,-0.00279353
2018-08-10,-0.00276952
2018-08-11,-0.00275096
2018-08-12,-0.00286441
2018-08-13,-0.00259590
2018-08-14,-0.00252382
2018-08-15,-0.00239929
2018-08-16,-0.00214059
2018-08-17,-0.00178344
2018-08-18,-0.00192696
2018-08-19,-0.00173159
2018-08-20,-0.00157127
2018-08-21,-0.00124693
2018-08-22,-0.00092238
2018-08-23,-0.00052756
2018-08-24,-0.00052945
2018-08-25,-0.00001974
2018-08-26,0.00012987
2018-08-27,0.00062505
2018-08-28,0.00088860
2018-08-29,0.00120961
2018-08-30,0.00145666
2018-08-31,0.00145137
2018-09-01,0.00147640
2018-09-02,0.00112535
2018-09-03,0.00099523
2018-09-04,0.00087973
2018-09-05,0.00066273
2018-09-06,0.00039855
2018-09-07,0.00046292
2018-09-08,0.00022501
2018-09-09,0.00007802
2018-09-10,-0.00012703
2018-09-11,-0.00036867
2018-09-12,-0.00070384
2018-09-13,-0.00016112
2018-09-14,-0.00066478
2018-09-15,-0.00091959
2018-09-16,-0.00142848
2018-09-17,-0.00170699
2018-09-18,-0.00218767
2018-09-19,-0.00253336
2018-09-20,-0.00249998
2018-09-21,-0.00232534
2018-09-22,-0.00232442
2018-09-23,-0.00233816
2018-09-24,-0.00234437
2018-09-25,-0.00217523
2018-09-26,-0.00225214
2018-09-27,-0.00224815
2018-09-28,-0.00200695
2018-09-29,-0.00203494
2018-09-30,-0.00209272
2018-10-01,-0.00214548
2018-10-02,-0.00207998
2018-10-03,-0.00261899
2018-10-04,-0.00257903
2018-10-05,-0.00256298
2018-10-06,-0.00251792
2018-10-07,-0.00258261
2018-10-08,-0.00249504
2018-10-09,-0.00241549
2018-10-10,-0.00233540
2018-10-11,-0.00228949
2018-10-12,-0.00224188
2018-10-13,-0.00221971
2018-10-14,-0.00221200
2018-10-15,-0.00218538
2018-10-16,-0.00201262
2018-10-17,-0.00197173
2018-10-18,-0.00214821
2018-10-19,-0.00191718
2018-10-20,-0.00161976
2018-10-21,-0.00170917
2018-10-22,-0.00175230
2018-10-23,-0.00172609
2018-10-24,-0.00174167
2018-10-25,-0.00170086
2018-10-26,-0.00156194
2018-10-27,-0.00155209
2018-10-28,-0.00164786
2018-10-29,-0.00172270
2018-10-30,-0.00185893
2018-10-31,-0.00194115
2018-11-01,-0.00191864
2018-11-02,-0.00182528
2018-11-03,-0.00187610
2018-11-04,-0.00208746
2018-11-05,-0.00222638
2018-11-06,-0.00224171
2018-11-07,-0.00219301
2018-11-08,-0.00238442
2018-11-09,-0.00264533
2018-11-10,-0.00263145
2018-11-11,-0.00272926
2018-11-12,-0.00271222
2018-11-13,-0.00260491
2018-11-14,-0.00233274
2018-11-15,-0.00143043
2018-11-16,-0.00128000
2018-11-17,-0.00126119
2018-11-18,-0.00128051
2018-11-19,-0.00103097
2018-11-20,-0.00072083
2018-11-21,-0.00070594
2018-11-22,-0.00069347
2018-11-23,-0.00057103
2018-11-24,-0.00043796
2018-11-25,-0.00030346
2018-11-26,-0.00020098
2018-11-27,-0.00007799
2018-11-28,0.00021207
2018-11-29,0.00119996
2018-11-30,0.00382298
2018-12-01,0.00529343
2018-12-02,0.00519193
2018-12-03,0.00873773
2018-12-04,0.01854025
2018-12-05,0.01895985
2018-12-06,0.02005649
2018-12-07,0.02027338
2018-12-08,0.02031007
2018-12-09,0.02003410
2018-12-10,0.01974080
2018-12-11,0.01999309
2018-12-12,0.01993260
2018-12-13,0.01994658
2018-12-14,0.01988643
2018-12-15,0.01972020
2018-12-16,0.01958826
2018-12-17,0.01941296
2018-12-18,0.01938448
2018-12-19,0.01855608
2018-12-20,0.01600253
2018-12-21,0.01466354
2018-12-22,0.01465560
2018-12-23,0.01099331
2018-12-24,0.00096285
2018-12-25,-0.00053275
2018-12-26,-0.00176931
2018-12-27,-0.00191332
2018-12-28,-0.00183151
2018-12-29,-0.00156379
2018-12-30,-0.00167330
2018-12-31,-0.00195011
2019-01-01,-0.00201329
2019-01-02,-0.00211642
2019-01-03,-0.00216255
2019-01-04,-0.00215974
2019-01-05,-0.00220197
2019-01-06,-0.00223085
2019-01-07,-0.00234374
2019-01-08,-0.00252612
2019-01-09,-0.00256421
2019-01-10,-0.00237140
2019-01-11,-0.00100995
2019-01-12,-0.00103548
2019-01-13,-0.00107163
2019-01-14,-0.00041046
2019-01-15,0.00326603
2019-01-16,0.00378421
2019-01-17,0.00371886
2019-01-18,0.00346539
2019-01-19,0.00344455
2019-01-20,0.00335735
2019-01-21,0.00358972
2019-01-22,0.00369382
2019-01-23,0.00364237
2019-01-24,0.00362593
2019-01-25,0.00364314
2019-01-26,0.00362237
2019-01-27,0.00341949
2019-01-28,0.00342875
2019-01-29,0.00345724
2019-01-30,0.00350650
2019-01-31,0.00221515
2019-02-01,0.00227724
2019-02-02,0.00221042
2019-02-03,0.00154291
2019-02-04,-0.00208068
2019-02-05,-0.00263630
2019-02-06,-0.00248950
2019-02-07,-0.00242416
2019-02-08,-0.00239826
2019-02-09,-0.00233211
2019-02-10,-0.00258741
2019-02-11,-0.00262756
2019-02-12,-0.00255844
2019-02-13,-0.00230374
2019-02-14,-0.00225583
2019-02-15,-0.00221744
2019-02-16,-0.00214924
2019-02-17,-0.00224021
2019-02-18,-0.00223344
2019-02-19,-0.00246311
2019-02-20,-0.00201822
2019-02-21,-0.00185779
2019-02-22,-0.00176491
2019-02-23,-0.00164624
2019-02-24,-0.00165698
2019-02-25,-0.00158085
2019-02-26,-0.00170312
2019-02-27,-0.00175751
2019-02-28,-0.00050794
2019-03-01,-0.00050244
2019-03-02,-0.00025433
2019-03-03,-0.00035641
2019-03-04,-0.00031521
2019-03-05,-0.00048494
2019-03-06,-0.00050229
2019-03-07,-0.00048375
2019-03-08,-0.00044045
2019-03-09,-0.00045425
2019-03-10,-0.00042937
2019-03-11,-0.00051923
2019-03-12,-0.00088555
2019-03-13,-0.00103737
2019-03-14,-0.00106202
2019-03-15,-0.00106171
2019-03-16,-0.00096297
2019-03-17,-0.00107147
2019-03-18,-0.00108433
2019-03-19,-0.00100064
2019-03-20,-0.00220826
2019-03-21,-0.00203988
2019-03-22,-0.00223495
2019-03-23,-0.00220950
2019-03-24,-0.00233082
2019-03-25,-0.00237563
2019-03-26,-0.00221118
2019-03-27,-0.00221712
2019-03-28,-0.00230065
2019-03-29,-0.00193229
2019-03-30,-0.00205622
2019-03-31,-0.00203124
2019-04-01,-0.00211311
2019-04-02,-0.00175150
2019-04-03,-0.00150407
2019-04-04,-0.00153371
2019-04-05,-0.00141606
2019-04-06,-0.00142721
2019-04-07,-0.00148258
2019-04-08,-0.00142264
2019-04-09,-0.00145214
2019-04-10,-0.00148241
2019-04-11,-0.00142075
2019-04-12,-0.00123446
2019-04-13,-0.00115444
2019-04-14,-0.00072346
2019-04-15,-0.00087924
2019-04-16,-0.00088716
2019-04-17,-0.00072085
2019-04-18,-0.00100166
2019-04-19,-0.00071560
2019-04-20,-0.00077160
2019-04-21,-0.00078368
2019-04-22,-0.00099743
2019-04-23,-0.00121010
2019-04-24,-0.00078794
2019-04-25,-0.00096313
2019-04-26,-0.00068597
2019-04-27,-0.00066318
2019-04-28,-0.00079659
2019-04-29,-0.00064826
2019-04-30,-0.00081172
2019-05-01,-0.00028585
2019-05-02,-0.00040113
2019-05-03,-0.00041317
2019-05-04,-0.00085570
2019-05-05,-0.00085568
2019-05-06,-0.00074782
2019-05-07,-0.00072089
2019-05-08,-0.00067241
2019-05-09,-0.00070588
2019-05-10,-0.00036298
2019-05-11,-0.00013025
2019-05-12,-0.00019127
2019-05-13,0.00013576
2019-05-14,0.00059912
2019-05-15,0.00092865
2019-05-16,0.00085217
2019-05-17,0.00088018
2019-05-18,0.00090454
2019-05-19,0.00080621
2019-05-20,0.00103447
2019-05-21,0.00062335
2019-05-22,0.00083128
2019-05-23,0.00086871
2019-05-24,0.00092295
2019-05-25,0.00099827
2019-05-26,0.00094184
2019-05-27,0.00088338
2019-05-28,0.00092136
2019-05-29,0.00152575
2019-05-30,0.00122323
2019-05-31,0.00106675
2019-06-01,0.00095545
2019-06-02,0.00056816
2019-06-03,0.00008370
2019-06-04,0.00031256
2019-06-05,0.00083283
2019-06-06,0.00087935
2019-06-07,0.00087613
2019-06-08,0.00079038
2019-06-09,0.00063436
2019-06-10,0.00063896
2019-06-11,0.00046112
2019-06-12,0.00048531
2019-06-13,0.00043083
2019-06-14,0.00088856
2019-06-15,0.00082256
2019-06-16,0.00080099
2019-06-17,0.00080508
2019-06-18,0.00007012
2019-06-19,0.00036663
2019-06-20,0.00033471
2019-06-21,0.00054614
2019-06-22,0.00077853
2019-06-23,0.00042150
2019-06-24,-0.00003249
2019-06-25,-0.00039703
2019-06-26,0.00012982
2019-06-27,0.00055963
2019-06-28,0.00118253
2019-06-29,0.00123943
2019-06-30,0.00174561
2019-07-01,0.00172981
2019-07-02,0.00180084
2019-07-03,0.00196687
2019-07-04,0.00178131
2019-07-05,0.00192633
2019-07-06,0.00178706
2019-07-07,0.00165212
2019-07-08,0.00169463
2019-07-09,0.00150302
2019-07-10,0.00172866
2019-07-11,0.00172971
2019-07-12,0.00159625
2019-07-13,0.00149673
2019-07-14,0.00135403
2019-07-15,0.00106910
2019-07-16,0.00057382
2019-07-17,0.00054668
2019-07-18,0.00012444
2019-07-19,0.00031758
2019-07-20,-0.00023138
2019-07-21,-0.00023753
2019-07-22,-0.00037969
2019-07-23,-0.00055304
2019-07-24,0.00009475
2019-07-25,0.00008959
2019-07-26,0.00019110
2019-07-27,0.00020949
2019-07-28,0.00004389
2019-07-29,0.00589509
2019-07-30,0.00566438
2019-07-31,0.00545327
2019-08-01,0.00546110
2019-08-02,0.00546846
2019-08-03,0.00541671
2019-08-04,0.00544959
2019-08-05,0.00595400
2019-08-06,0.00591919
2019-08-07,0.00587949
2019-08-08,0.00572756
2019-08-09,0.00558683
2019-08-10,0.00554952
2019-08-11,0.00559547
2019-08-12,0.00563034
2019-08-13,0.00476451
2019-08-14,0.00475314
2019-08-15,0.00468861
2019-08-16,0.00468632
2019-08-17,0.00470363
2019-08-18,-0.00132877
2019-08-19,-0.00130543
2019-08-20,-0.00125301
2019-08-21,-0.00131511
2019-08-22,-0.00132316
2019-08-23,-0.00097938
2019-08-24,-0.00108792
2019-08-25,-0.00169248
2019-08-26,-0.00203511
2019-08-27,-0.00200474
2019-08-28,-0.00213699
2019-08-29,-0.00212177
2019-08-30,-0.00214402
2019-08-31,-0.00225328
2019-09-01,-0.00229484
2019-09-02,-0.00239636
2019-09-03,-0.00245390
2019-09-04,-0.00236922
2019-09-05,-0.00225555
2019-09-06,-0.00026414
2019-09-07,-0.00024054
2019-09-08,-0.00033193
2019-09-09,-0.00030919
2019-09-10,-0.00035513
2019-09-11,-0.00001459
2019-09-12,-0.00025836
2019-09-13,-0.00022067
2019-09-14,-0.00025497
2019-09-15,-0.00027693
2019-09-16,-0.00045685
2019-09-17,-0.00041945
2019-09-18,-0.00019701
2019-09-19,-0.00017436
2019-09-20,-0.00008626
2019-09-21,-0.00008325
2019-09-22,-0.00017094
2019-09-23,-0.00018789
2019-09-24,0.00038964
2019-09-25,0.00041533
2019-09-26,-0.00140123
2019-09-27,-0.00130266
2019-09-28,-0.00125767
2019-09-29,-0.00135876
2019-09-30,-0.00128227
2019-10-01,-0.00161204
2019-10-02,-0.00168208
2019-10-03,-0.00169893
2019-10-04,-0.00167579
2019-10-05,-0.00173489
2019-10-06,-0.00176923
2019-10-07,-0.00176208
2019-10-08,-0.00182765
2019-10-09,-0.00185099
2019-10-10,-0.00189923
2019-10-11,-0.00185466
2019-10-12,-0.00181500
2019-10-13,-0.00191780
2019-10-14,-0.00091636
2019-10-15,-0.00081631
2019-10-16,-0.00091084
2019-10-17,-0.00089343
2019-10-18,-0.00078586
2019-10-19,-0.00079461
2019-10-20,-0.00087607
2019-10-21,-0.00018993
2019-10-22,-0.00018057
2019-10-23,-0.00013208
2019-10-24,-0.00001187
2019-10-25,0.00023000
2019-10-26,0.00035609
2019-10-27,0.00030890
2019-10-28,0.00035911
2019-10-29,0.00052064
2019-10-30,0.00054794
2019-10-31,0.00073041
2019-11-01,0.00146852
2019-11-02,0.00154413
2019-11-03,-0.00011904
2019-11-04,-0.00034278
2019-11-05,0.00023660
2019-11-06,0.00051872
2019-11-07,0.00053853
2019-11-08,0.00059616
2019-11-09,0.00057154
2019-11-10,-0.00016405
2019-11-11,-0.00012697
2019-11-12,-0.00013371
2019-11-13,0.00047367
2019-11-14,0.00027652
2019-11-15,0.00027489
2019-11-16,0.00019961
2019-11-17,-0.00006703
2019-11-18,0.00002290
2019-11-19,0.00004139
2019-11-20,-0.00016249
2019-11-21,-0.00077945
2019-11-22,-0.00034039
2019-11-23,-0.00011967
2019-11-24,0.00030328
2019-11-25,-0.00012445
2019-11-26,-0.00038692
2019-11-27,-0.00036693
2019-11-28,-0.00042144
2019-11-29,-0.00037258
2019-11-30,-0.00024507
2019-12-01,-0.00029419
2019-12-02,-0.00027481
2019-12-03,-0.00092733
2019-12-04,-0.00078669
2019-12-05,-0.00085392
2019-12-06,-0.00072834
2019-12-07,-0.00072914
2019-12-08,-0.00100131
2019-12-09,-0.00102551
2019-12-10,-0.00103915
2019-12-11,-0.00106876
2019-12-12,-0.00148737
2019-12-13,-0.00169094
2019-12-14,-0.00213505
2019-12-15,-0.00233028
2019-12-16,-0.00239634
2019-12-17,-0.00248371
2019-12-18,-0.00221632
2019-12-19,-0.00215551
2019-12-20,-0.00180001
2019-12-21,-0.00179085
2019-12-22,-0.00186284
2019-12-23,-0.00189278
2019-12-24,-0.00197076
2019-12-25,-0.00176262
2019-12-26,-0.00157752
2019-12-27,-0.00149840
2019-12-28,-0.00146414
2019-12-29,-0.00149258
2019-12-30,-0.00133523
2019-12-31,-0.00137930
2020-01-01,-0.00145313
2020-01-02,-0.00139132
2020-01-03,-0.00138098
2020-01-04,-0.00135830
2020-01-05,-0.00142028
2020-01-06,-0.00147873
2020-01-07,-0.00166185
2020-01-08,-0.00168383
2020-01-09,-0.00201474
2020-01-10,-0.00194898
2020-01-11,-0.00196544
2020-01-12,-0.00202249
2020-01-13,-0.00205720
2020-01-14,-0.00188919
2020-01-15,-0.00192972
2020-01-16,-0.00178384
2020-01-17,-0.00177119
2020-01-18,-0.00176438
2020-01-19,-0.00188355
2020-01-20,-0.00190587
2020-01-21,-0.00183031
2020-01-22,-0.00184622
2020-01-23,-0.00165990
2020-01-24,-0.00146293
2020-01-25,-0.00143769
2020-01-26,-0.00146838
2020-01-27,-0.00149770
2020-01-28,-0.00150556
2020-01-29,-0.00127360
2020-01-30,-0.00127251
2020-01-31,-0.00103642
2020-02-01,-0.00102760
2020-02-02,-0.00090267
2020-02-03,-0.00008801
2020-02-04,-0.00021908
2020-02-05,-0.00034167
2020-02-06,0.00007666
2020-02-07,0.00121403
2020-02-08,0.00131864
2020-02-09,0.00139540
2020-02-10,0.00191193
2020-02-11,0.00196832
2020-02-12,0.00183829
2020-02-13,0.00178474
2020-02-14,0.00183808
2020-02-15,0.00189522
2020-02-16,0.00185860
2020-02-17,0.00183697
2020-02-18,0.00159453
2020-02-19,0.00173233
2020-02-20,0.00179346
2020-02-21,0.00185747
2020-02-22,0.00169312
2020-02-23,0.00049688
2020-02-24,0.00042801
2020-02-25,0.00077378
2020-02-26,0.00041528
2020-02-27,-0.00068524
2020-02-28,-0.00072253
2020-02-29,-0.00076146
2020-03-01,-0.00127528
2020-03-02,-0.00113087
2020-03-03,-0.00085022
2020-03-04,-0.00093760
2020-03-05,-0.00088843
2020-03-06,-0.00088801
2020-03-07,-0.00090071
2020-03-08,-0.00091166
2020-03-09,-0.00071661
2020-03-10,-0.00078768
2020-03-11,-0.00033208
2020-03-12,0.00033004
2020-03-13,0.00096794
2020-03-14,0.00118956
2020-03-15,0.00124394
2020-03-16,0.00110720
2020-03-17,0.00132067
2020-03-18,0.00131942
2020-03-19,0.00132367
2020-03-20,0.00134802
2020-03-21,0.00130253
2020-03-22,0.00105751
2020-03-23,0.00080387
2020-03-24,0.00076340
2020-03-25,0.00082797
2020-03-26,0.00086554
2020-03-27,0.00096631
2020-03-28,0.00095327
2020-03-29,0.00070702
2020-03-30,0.00062985
2020-03-31,-0.00006687
2020-04-01,-0.00070451
2020-04-02,-0.00127328
2020-04-03,-0.00151155
2020-04-04,-0.00158984
2020-04-05,-0.00188449
2020-04-06,-0.00213851
2020-04-07,-0.00203202
2020-04-08,-0.00212813
2020-04-09,-0.00211433
2020-04-10,-0.00192488
2020-04-11,-0.00196623
2020-04-12,-0.00209835
2020-04-13,-0.00213075
2020-04-14,-0.00230195
2020-04-15,-0.00235951
2020-04-16,-0.00235065
2020-04-17,-0.00229900
2020-04-18,-0.00236129
2020-04-19,-0.00236188
2020-04-20,-0.00234585
2020-04-21,-0.00241029
2020-04-22,-0.00241664
2020-04-23,-0.00230560
2020-04-24,-0.00225919
2020-04-25,-0.00221814
2020-04-26,-0.00222727
2020-04-27,-0.00227498
2020-04-28,-0.00226890
2020-04-29,-0.00195301
2020-04-30,-0.00196636
2020-05-01,-0.00189296
2020-05-02,-0.00186488
2020-05-03,-0.00182504
2020-05-04,-0.00180738
2020-05-05,-0.00179720
2020-05-06,-0.00165338
2020-05-07,-0.00123399
2020-05-08,-0.00093377
2020-05-09,-0.00085815
2020-05-10,-0.00084241
2020-05-11,-0.00066457
2020-05-12,-0.00068480
2020-05-13,-0.00075239
2020-05-14,-0.00072180
2020-05-15,-0.00064785
2020-05-16,-0.00062844
2020-05-17,-0.00071895
2020-05-18,-0.00066093
2020-05-19,-0.00104182
2020-05-20,-0.00115455
2020-05-21,-0.00109972
2020-05-22,-0.00105181
2020-05-23,-0.00109604
2020-05-24,-0.00112796
2020-05-25,-0.00115908
2020-05-26,-0.00136119
2020-05-27,-0.00179640
2020-05-28,-0.00198506
2020-05-29,-0.00202573
2020-05-30,-0.00206731
2020-05-31,-0.00217416
2020-06-01,-0.00181136
2020-06-02,-0.00171078
2020-06-03,-0.00173101
2020-06-04,-0.00175680
2020-06-05,-0.00175387
2020-06-06,-0.00168688
2020-06-07,-0.00172403
2020-06-08,-0.00150282
2020-06-09,-0.00150098
2020-06-10,-0.00151954
2020-06-11,-0.00151272
2020-06-12,-0.00151151
2020-06-13,-0.00151497
2020-06-14,-0.00151342
2020-06-15,-0.00148354
2020-06-16,-0.00146949
2020-06-17,-0.00153991
2020-06-18,-0.00141092
2020-06-19,-0.00139081
2020-06-20,-0.00146983
2020-06-21,-0.00183311
2020-06-22,-0.00188526
2020-06-23,-0.00180629
2020-06-24,-0.00156061
2020-06-25,-0.00158736
2020-06-26,-0.00140835
2020-06-27,-0.00139556
2020-06-28,-0.00154180
2020-06-29,-0.00153633
2020-06-30,-0.00144406
2020-07-01,-0.00143354
2020-07-02,-0.00142097
2020-07-03,-0.00137207
2020-07-04,-0.00139697
2020-07-05,-0.00148459
2020-07-06,-0.00148788
2020-07-07,-0.00140266
2020-07-08,-0.00138358
2020-07-09,-0.00137207
2020-07-10,-0.00134788
2020-07-11,-0.00139060
2020-07-12,-0.00147509
2020-07-13,-0.00153828
2020-07-14,-0.00163225
2020-07-15,-0.00141241
2020-07-16,-0.00163830
2020-07-17,-0.00164456
2020-07-18,-0.00173633
2020-07-19,-0.00178518
2020-07-20,-0.00195814
2020-07-21,-0.00190429
2020-07-22,-0.00175810
2020-07-23,-0.00168855
2020-07-24,-0.00161840
2020-07-25,-0.00155503
2020-07-26,-0.00154696
2020-07-27,-0.00140761
2020-07-28,-0.00123843
2020-07-29,-0.00114100
2020-07-30,-0.00100689
2020-07-31,-0.00075757
2020-08-01,-0.00067996
2020-08-02,-0.00063048
2020-08-03,-0.00056017
2020-08-04,-0.00067745
2020-08-05,-0.00050056
2020-08-06,-0.00030723
2020-08-07,-0.00006458
2020-08-08,-0.00000558
2020-08-09,0.00008324
2020-08-10,0.00004230
2020-08-11,0.00015561
2020-08-12,0.00024286
2020-08-13,0.00025951
2020-08-14,0.00036488
2020-08-15,0.00036989
2020-08-16,0.00017504
2020-08-17,0.00008405
2020-08-18,0.00000568
2020-08-19,-0.00008576
2020-08-20,-0.00022178
2020-08-21,-0.00007415
2020-08-22,-0.00017345
2020-08-23,-0.00044050
2020-08-24,-0.00050068
2020-08-25,-0.00056814
2020-08-26,-0.00064114
2020-08-27,-0.00082987
2020-08-28,-0.00070628
2020-08-29,-0.00076381
2020-08-30,-0.00078661
2020-08-31,-0.00089793
2020-09-01,-0.00077631
2020-09-02,-0.00068903
2020-09-03,-0.00062014
2020-09-04,-0.00043497
2020-09-05,-0.00040696
2020-09-06,-0.00065185
2020-09-07,-0.00065729
2020-09-08,-0.00069655
2020-09-09,-0.00069760
2020-09-10,-0.00082527
2020-09-11,-0.00073263
2020-09-12,-0.00069371
2020-09-13,-0.00074368
2020-09-14,-0.00080560
2020-09-15,-0.00088657
2020-09-16,-0.00069935
2020-09-17,-0.00077806
2020-09-18,-0.00065343
2020-09-19,-0.00054703
2020-09-20,-0.00059636
2020-09-21,-0.00083627
2020-09-22,-0.00085942
2020-09-23,-0.00100209
2020-09-24,-0.00102265
2020-09-25,-0.00094770
2020-09-26,-0.00094581
2020-09-27,-0.00093833
2020-09-28,-0.00093505
2020-09-29,-0.00070450
2020-09-30,-0.00061599
2020-10-01,-0.00066510
2020-10-02,-0.00059400
2020-10-03,-0.00060437
2020-10-04,-0.00065050
2020-10-05,-0.00068316
2020-10-06,-0.00086667
2020-10-07,-0.00080652
2020-10-08,-0.00084747
2020-10-09,-0.00086158
2020-10-10,-0.00096069
2020-10-11,-0.00097164
2020-10-12,-0.00095568
2020-10-13,-0.00098870
2020-10-14,-0.00102759
2020-10-15,-0.00104780
2020-10-16,-0.00107369
2020-10-17,-0.00114562
2020-10-18,-0.00118958
2020-10-19,-0.00097891
2020-10-20,-0.00104009
2020-10-21,-0.00093852
2020-10-22,-0.00046022
2020-10-23,0.00058573
2020-10-24,0.00077874
2020-10-25,0.00081430
2020-10-26,0.00081517
2020-10-27,0.00085021
2020-10-28,0.00095885
2020-10-29,0.00105182
2020-10-30,0.00112655
2020-10-31,0.00116279
2020-11-01,0.00116076
2020-11-02,0.00151145
2020-11-03,0.00457270
2020-11-04,0.00463535
2020-11-05,0.00512282
2020-11-06,0.00544731
2020-11-07,0.00562485
2020-11-08,0.00533949
2020-11-09,0.00543050
2020-11-10,0.00541404
2020-11-11,0.00503417
2020-11-12,0.00429873
2020-11-13,0.00436236
2020-11-14,0.00443441
2020-11-15,0.00445172
2020-11-16,0.00441068
2020-11-17,0.00453308
2020-11-18,0.00480638
2020-11-19,0.00493696
2020-11-20,0.00539668
2020-11-21,0.00556392
2020-11-22,0.00531436
2020-11-23,0.00223787
2020-11-24,0.00249169
2020-11-25,0.00218058
2020-11-26,0.00262191
2020-11-27,0.00282684
2020-11-28,0.00263384
2020-11-29,0.00253248
2020-11-30,0.00282525
2020-12-01,0.00300858
2020-12-02,0.00300349
2020-12-03,0.00306139
2020-12-04,0.00316344
2020-12-05,0.00315833
2020-12-06,0.00307597
2020-12-07,0.00297386
2020-12-08,0.00271910
2020-12-09,0.00271209
2020-12-10,0.00242100
2020-12-11,0.00268269
2020-12-12,0.00287454
2020-12-13,0.00331053
2020-12-14,0.00306932
2020-12-15,0.00309372
2020-12-16,0.00278210
2020-12-17,0.00287543
2020-12-18,0.00338514
2020-12-19,0.00350368
2020-12-20,0.00346485
2020-12-21,0.00332113
2020-12-22,0.00379425
2020-12-23,0.00395841
2020-12-24,0.00398011
2020-12-25,0.00398188
2020-12-26,0.00411179
2020-12-27,0.00426364
2020-12-28,0.00512175
2020-12-29,0.00531424
2020-12-30,0.00527851
2020-12-31,0.00500240
2021-01-01,0.00507282
2021-01-02,0.00548220
2021-01-03,0.00590279
2021-01-04,0.00665657
2021-01-05,0.00656645
2021-01-06,0.00650293
2021-01-07,0.00661298
2021-01-08,0.00693281
2021-01-09,0.00700868
2021-01-10,0.00709971
2021-01-11,0.00674300
2021-01-12,0.00647938
2021-01-13,0.00643024
2021-01-14,0.00658869
2021-01-15,0.00665600
2021-01-16,0.00639653
2021-01-17,0.00541319
2021-01-18,0.00520092
2021-01-19,0.00516688
2021-01-20,0.00499817
2021-01-21,0.00473738
2021-01-22,0.00388095
2021-01-23,0.00331028
2021-01-24,0.00235976
2021-01-25,0.00213586
2021-01-26,0.00180670
2021-01-27,0.00179692
2021-01-28,0.00143772
2021-01-29,0.00124447
2021-01-30,0.00102193
2021-01-31,0.00090399
2021-02-01,0.00075081
2021-02-02,0.00061741
2021-02-03,0.00052773
2021-02-04,0.00047272
2021-02-05,0.00064693
2021-02-06,0.00065435
2021-02-07,0.00089108
2021-02-08,0.00097929
2021-02-09,0.00127560
2021-02-10,0.00139143
2021-02-11,0.00142823
2021-02-12,0.00159820
2021-02-13,0.00163712
2021-02-14,0.00163898
2021-02-15,0.00175998
2021-02-16,0.00132080
2021-02-17,0.00136930
2021-02-18,0.00141763
2021-02-19,0.00166213
2021-02-20,0.00169298
2021-02-21,0.00182031
2021-02-22,0.00194281
2021-02-23,0.00237020
2021-02-24,0.00266358
2021-02-25,0.00263125
2021-02-26,0.00282087
2021-02-27,0.00251863
2021-02-28,0.00237601
2021-03-01,0.00203969
2021-03-02,0.00206733
2021-03-03,0.00196116
2021-03-04,0.00186705
2021-03-05,0.00203736
2021-03-06,0.00197252
2021-03-07,0.00179561
2021-03-08,0.00192308
2021-03-09,0.00179767
2021-03-10,0.00159521
2021-03-11,0.00187274
2021-03-12,0.00180670
2021-03-13,0.00173243
2021-03-14,0.00181167
2021-03-15,0.00138506
2021-03-16,0.00111120
2021-03-17,0.00102952
2021-03-18,0.00078297
2021-03-19,0.00071540
2021-03-20,0.00076136
2021-03-21,0.00074247
2021-03-22,0.00066153
2021-03-23,0.00091333
2021-03-24,0.00092265
2021-03-25,0.00106175
2021-03-26,0.00114562
2021-03-27,0.00129119
2021-03-28,0.00101918
2021-03-29,0.00097383
2021-03-30,0.00099523
2021-03-31,0.00055744
2021-04-01,0.00074781
2021-04-02,0.00095062
2021-04-03,0.00067842
2021-04-04,0.00058177
2021-04-05,0.00041935
2021-04-06,0.00086811
2021-04-07,0.00090145
2021-04-08,0.00095740
2021-04-09,0.00090629
2021-04-10,0.00096964
2021-04-11,0.00099930
2021-04-12,0.00094583
2021-04-13,0.00102336
2021-04-14,0.00120244
2021-04-15,0.00145903
2021-04-16,0.00135717
2021-04-17,0.00139154
2021-04-18,0.00186172
2021-04-19,0.00175398
2021-04-20,0.00174338
2021-04-21,0.00137558
2021-04-22,0.00121946
2021-04-23,0.00145507
2021-04-24,0.00175503
2021-04-25,0.00185885
2021-04-26,0.00139200
2021-04-27,0.00169207
2021-04-28,0.00171372
2021-04-29,0.00180862
2021-04-30,0.00198487
2021-05-01,0.00181206
2021-05-02,0.00159893
2021-05-03,0.00154560
2021-05-04,0.00114268
2021-05-05,0.00085892
2021-05-06,0.00091796
2021-05-07,0.00119439
2021-05-08,0.00072563
2021-05-09,0.00081815
2021-05-10,0.00075446
2021-05-11,0.00078824
2021-05-12,0.00091767
2021-05-13,0.00097399
2021-05-14,0.00076667
2021-05-15,0.00065792
2021-05-16,0.00059525
2021-05-17,0.00031236
2021-05-18,0.00035489
2021-05-19,0.00061687
2021-05-20,0.00058708
2021-05-21,0.00072939
2021-05-22,0.00070842
2021-05-23,0.00073881
2021-05-24,0.00101927
2021-05-25,0.00102237
2021-05-26,0.00101910
2021-05-27,0.00065045
2021-05-28,0.00061396
2021-05-29,0.00048267
2021-05-30,0.00067983
2021-05-31,0.00056938
2021-06-01,0.00065831
2021-06-02,0.00043369
2021-06-03,0.00055033
2021-06-04,0.00049818
2021-06-05,0.00038465
2021-06-06,0.00029360
2021-06-07,0.00020412
2021-06-08,-0.00013363
2021-06-09,-0.00033170
2021-06-10,-0.00039820
2021-06-11,-0.00027523
2021-06-12,-0.00048208
2021-06-13,-0.00090421
2021-06-14,-0.00096967
2021-06-15,-0.00101880
2021-06-16,-0.00101313
2021-06-17,-0.00101663
2021-06-18,-0.00098668
2021-06-19,-0.00133683
2021-06-20,-0.00134314
2021-06-21,-0.00165931
2021-06-22,-0.00167006
2021-06-23,-0.00174303
2021-06-24,-0.00165950
2021-06-25,-0.00135231
2021-06-26,-0.00138806
2021-06-27,-0.00146100
2021-06-28,-0.00158150
2021-06-29,-0.00165318
2021-06-30,-0.00175884
2021-07-01,-0.00187709
2021-07-02,-0.00173828
2021-07-03,-0.00177164
2021-07-04,-0.00181869
2021-07-05,-0.00186141
2021-07-06,-0.00187459
2021-07-07,-0.00184199
2021-07-08,-0.00184110
2021-07-09,-0.00176898
2021-07-10,-0.00178541
2021-07-11,-0.00186342
2021-07-12,-0.00176273
2021-07-13,-0.00192462
2021-07-14,-0.00199872
2021-07-15,-0.00224147
2021-07-16,-0.00218587
2021-07-17,-0.00084954
2021-07-18,-0.00087818
2021-07-19,-0.00084029
2021-07-20,-0.00074922
2021-07-21,-0.00075544
2021-07-22,-0.00082706
2021-07-23,-0.00076177
2021-07-24,-0.00079170
2021-07-25,-0.00082576
2021-07-26,-0.00049128
2021-07-27,-0.00020504
2021-07-28,0.00032575
2021-07-29,0.00283494
2021-07-30,0.00288996
2021-07-31,0.00290129
2021-08-01,0.00271273
2021-08-02,0.00271965
2021-08-03,0.00269246
2021-08-04,0.00263532
2021-08-05,0.00259708
2021-08-06,0.00132869
2021-08-07,0.00134182
2021-08-08,0.00134663
2021-08-09,0.00128144
2021-08-10,0.00125212
2021-08-11,0.00125432
2021-08-12,0.00122589
2021-08-13,0.00127480
2021-08-14,0.00147528
2021-08-15,0.00111334
2021-08-16,0.00079443
2021-08-17,0.00027802
2021-08-18,-0.00218529
2021-08-19,-0.00218385
2021-08-20,-0.00216376
2021-08-21,-0.00209555
2021-08-22,-0.00209215
2021-08-23,-0.00196515
2021-08-24,-0.00195353
2021-08-25,-0.00147941
2021-08-26,-0.00139650
2021-08-27,-0.00139501
2021-08-28,-0.00143321
2021-08-29,-0.00147833
2021-08-30,-0.00142438
2021-08-31,-0.00138965
2021-09-01,-0.00134896
2021-09-02,-0.00133219
2021-09-03,-0.00147899
2021-09-04,-0.00145291
2021-09-05,-0.00147964
2021-09-06,-0.00147809
2021-09-07,-0.00152044
2021-09-08,-0.00151829
2021-09-09,-0.00136272
2021-09-10,-0.00127908
2021-09-11,-0.00129073
2021-09-12,-0.00142116
2021-09-13,-0.00141616
2021-09-14,-0.00173486
2021-09-15,-0.00176688
2021-09-16,-0.00162641
2021-09-17,-0.00160676
2021-09-18,-0.00159514
2021-09-19,-0.00164528
2021-09-20,-0.00167667
2021-09-21,-0.00173174
2021-09-22,-0.00170687
2021-09-23,-0.00172640
2021-09-24,-0.00171131
2021-09-25,-0.00173562
2021-09-26,-0.00061587
2021-09-27,-0.00057193
2021-09-28,-0.00056241
2021-09-29,-0.00069284
2021-09-30,-0.00070949
2021-10-01,-0.00066120
2021-10-02,-0.00064350
2021-10-03,-0.00065202
2021-10-04,-0.00074515
2021-10-05,-0.00078364
2021-10-06,-0.00080260
2021-10-07,-0.00071606
2021-10-08,-0.00066874
2021-10-09,-0.00065575
2021-10-10,-0.00056473
2021-10-11,-0.00049339
2021-10-12,-0.00028952
2021-10-13,-0.00025719
2021-10-14,-0.00020469
2021-10-15,-0.00007220
2021-10-16,-0.00110598
2021-10-17,-0.00118858
2021-10-18,-0.00106200
2021-10-19,-0.00067352
2021-10-20,-0.00058010
2021-10-21,-0.00047297
2021-10-22,-0.00030597
2021-10-23,-0.00028201
2021-10-24,-0.00010957
2021-10-25,-0.00001963
2021-10-26,-0.00004156
2021-10-27,-0.00011332
2021-10-28,-0.00009640
2021-10-29,-0.00004016
2021-10-30,-0.00015872
2021-10-31,0.00003467
2021-11-01,0.00026541
2021-11-02,0.00048298
2021-11-03,0.00064174
2021-11-04,0.00058231
2021-11-05,0.00069633
2021-11-06,0.00072264
2021-11-07,0.00054902
2021-11-08,0.00034368
2021-11-09,0.00028360
2021-11-10,0.00045966
2021-11-11,0.00040114
2021-11-12,0.00094473
2021-11-13,0.00078714
2021-11-14,0.00062739
2021-11-15,0.00063859
2021-11-16,0.00092190
2021-11-17,0.00108767
2021-11-18,0.00106965
2021-11-19,0.00111826
2021-11-20,0.00090309
2021-11-21,0.00043358
2021-11-22,0.00027783
2021-11-23,0.00016208
2021-11-24,0.00019006
2021-11-25,0.00060066
2021-11-26,0.00069693
2021-11-27,0.00069359
2021-11-28,0.00051189
2021-11-29,0.00046661
2021-11-30,0.00023377
2021-12-01,0.00027226
2021-12-02,-0.00023749
2021-12-03,-0.00022908
2021-12-04,-0.00016162
2021-12-05,-0.00023027
2021-12-06,-0.00043283
2021-12-07,-0.00037122
2021-12-08,-0.00036581
2021-12-09,-0.00024916
2021-12-10,-0.00022467
2021-12-11,-0.00019311
2021-12-12,-0.00032168
2021-12-13,-0.00033167
2021-12-14,-0.00011798
2021-12-15,-0.00067902
2021-12-16,-0.00068643
2021-12-17,-0.00062962
2021-12-18,-0.00064233
2021-12-19,-0.00074861
2021-12-20,-0.00078628
2021-12-21,-0.00089669
2021-12-22,-0.00085695
2021-12-23,-0.00081630
2021-12-24,-0.00089490
2021-12-25,-0.00090296
2021-12-26,-0.00096710
2021-12-27,-0.00122150
2021-12-28,-0.00124167
2021-12-29,-0.00132925
2021-12-30,-0.00118891
2021-12-31,-0.00098136
2022-01-01,-0.00092692
2022-01-02,-0.00105458
2022-01-03,-0.00126848
2022-01-04,-0.00128205
2022-01-05,-0.00131457
2022-01-06,-0.00120437
2022-01-07,-0.00116884
2022-01-08,-0.00116566
2022-01-09,-0.00122435
2022-01-10,-0.00120785
2022-01-11,-0.00127319
2022-01-12,-0.00129993
2022-01-13,-0.00129273
2022-01-14,-0.00131156
2022-01-15,-0.00138092
2022-01-16,-0.00142534
2022-01-17,-0.00141626
2022-01-18,-0.00146854
2022-01-19,-0.00157164
2022-01-20,-0.00173341
2022-01-21,-0.00165932
2022-01-22,-0.00153935
2022-01-23,-0.00150463
2022-01-24,-0.00145505
2022-01-25,-0.00139484
2022-01-26,-0.00152443
2022-01-27,-0.00147789
2022-01-28,-0.00144096
2022-01-29,-0.00137320
2022-01-30,-0.00141258
2022-01-31,-0.00142207
2022-02-01,0.00173333
2022-02-02,0.00173148
2022-02-03,0.00175813
2022-02-04,0.00178313
2022-02-05,0.00179638
2022-02-06,0.00176796
2022-02-07,0.00180749
2022-02-08,0.00175752
2022-02-09,0.00170373
2022-02-10,0.00173255
2022-02-11,0.00172285
2022-02-12,0.00161979
2022-02-13,0.00150641
2022-02-14,0.00137133
2022-02-15,0.00139628
2022-02-16,0.00129979
2022-02-17,0.00135786
2022-02-18,0.00131412
2022-02-19,0.00127632
2022-02-20,0.00130337
2022-02-21,-0.00175296
2022-02-22,-0.00173430
2022-02-23,-0.00161913
2022-02-24,-0.00159249
2022-02-25,-0.00150838
2022-02-26,-0.00151616
2022-02-27,-0.00153528
2022-02-28,-0.00076960
2022-03-01,-0.00072233
2022-03-02,-0.00073716
2022-03-03,-0.00068690
2022-03-04,-0.00060903
2022-03-05,-0.00061778
2022-03-06,-0.00062728
2022-03-07,-0.00050014
2022-03-08,-0.00040741
2022-03-09,-0.00034999
2022-03-10,-0.00029912
2022-03-11,0.00031376
2022-03-12,0.00029524
2022-03-13,0.00010896
2022-03-14,0.00012865
2022-03-15,0.00001537
2022-03-16,0.00016667
2022-03-17,0.00038051
2022-03-18,0.00036685
2022-03-19,0.00033830
2022-03-20,-0.00049704
2022-03-21,-0.00054380
2022-03-22,-0.00064362
2022-03-23,-0.00074040
2022-03-24,-0.00078116
2022-03-25,0.00012278
2022-03-26,0.00015735
2022-03-27,-0.00002531
2022-03-28,-0.00002620
2022-03-29,0.00037511
2022-03-30,0.00032394
2022-03-31,-0.00019371
2022-04-01,-0.00015708
2022-04-02,-0.00016199
2022-04-03,-0.00018097
2022-04-04,-0.00008567
2022-04-05,-0.00019328
2022-04-06,-0.00044601
2022-04-07,-0.00042012
2022-04-08,-0.00041356
2022-04-09,-0.00041003
2022-04-10,-0.00046726
2022-04-11,-0.00044598
2022-04-12,-0.00019101
2022-04-13,-0.00016291
2022-04-14,-0.00050596
2022-04-15,-0.00054998
2022-04-16,-0.00056736
2022-04-17,-0.00070063
2022-04-18,-0.00124815
2022-04-19,-0.00121435
2022-04-20,-0.00124821
2022-04-21,-0.00073576
2022-04-22,-0.00065498
2022-04-23,-0.00067729
2022-04-24,-0.00083308
2022-04-25,-0.00087966
2022-04-26,-0.00086780
2022-04-27,-0.00088110
2022-04-28,-0.00085344
2022-04-29,-0.00076116
2022-04-30,-0.00073242
2022-05-01,-0.00075490
2022-05-02,-0.00085745
2022-05-03,-0.00076134
2022-05-04,-0.00119646
2022-05-05,-0.00110549
2022-05-06,-0.00097654
2022-05-07,-0.00096180
2022-05-08,-0.00090929
2022-05-09,-0.00071243
2022-05-10,-0.00061935
2022-05-11,-0.00082581
2022-05-12,-0.00064062
2022-05-13,-0.00021380
2022-05-14,0.00052796
2022-05-15,0.00049546
2022-05-16,0.00051195
2022-05-17,0.00062195
2022-05-18,0.00059289
2022-05-19,0.00070164
2022-05-20,0.00077274
2022-05-21,0.00074682
2022-05-22,0.00053494
2022-05-23,0.00042379
2022-05-24,0.00036764
2022-05-25,0.00033531
2022-05-26,0.00027097
2022-05-27,0.00041344
2022-05-28,0.00034119
2022-05-29,0.00010193
2022-05-30,0.00000632
2022-05-31,-0.00020715
2022-06-01,-0.00030928
2022-06-02,-0.00046067
2022-06-03,-0.00106434
2022-06-04,-0.00098467
2022-06-05,-0.00107459
2022-06-06,-0.00115494
2022-06-07,-0.00102714
2022-06-08,-0.00114128
2022-06-09,-0.00115691
2022-06-10,-0.00102753
2022-06-11,-0.00092960
2022-06-12,-0.00090470
2022-06-13,-0.00053725
2022-06-14,-0.00026469
2022-06-15,0.00002951
2022-06-16,0.00001504
2022-06-17,0.00116773
2022-06-18,0.00138245
2022-06-19,0.00137913
2022-06-20,0.00127166
2022-06-21,0.00122520
2022-06-22,0.00104631
2022-06-23,0.00094718
2022-06-24,0.00097389
2022-06-25,0.00120142
2022-06-26,0.00113401
2022-06-27,0.00103131
2022-06-28,0.00104940
2022-06-29,0.00115220
2022-06-30,0.00121302
2022-07-01,0.00121288
2022-07-02,0.00115381
2022-07-03,0.00079714
2022-07-04,0.00046859
2022-07-05,0.00015372
2022-07-06,0.00013652
2022-07-07,-0.00098049
2022-07-08,-0.00115369
2022-07-09,-0.00117638
2022-07-10,-0.00124481
2022-07-11,-0.00110551
2022-07-12,-0.00116356
2022-07-13,-0.00119367
2022-07-14,-0.00121929
2022-07-15,-0.00126572
2022-07-16,-0.00125231
2022-07-17,-0.00133794
2022-07-18,-0.00137555
2022-07-19,-0.00095101
2022-07-20,-0.00103773
2022-07-21,-0.00060379
2022-07-22,-0.00051365
2022-07-23,-0.00055192
2022-07-24,-0.00055258
2022-07-25,-0.00051485
2022-07-26,-0.00056634
2022-07-27,-0.00056640
2022-07-28,-0.00061245
2022-07-29,-0.00060833
2022-07-30,-0.00060225
2022-07-31,-0.00083279
2022-08-01,-0.00087040
2022-08-02,-0.00081900
2022-08-03,-0.00087672
2022-08-04,-0.00093166
2022-08-05,-0.00091992
2022-08-06,-0.00088819
2022-08-07,-0.00093080
2022-08-08,-0.00150868
2022-08-09,-0.00150086
2022-08-10,-0.00180734
2022-08-11,-0.00188723
2022-08-12,-0.00188600
2022-08-13,-0.00189460
2022-08-14,-0.00196936
2022-08-15,-0.00200614
2022-08-16,-0.00201960
2022-08-17,-0.00199219
2022-08-18,-0.00196738
2022-08-19,-0.00187711
2022-08-20,-0.00190539
2022-08-21,-0.00193207
2022-08-22,-0.00193752
2022-08-23,-0.00192497
2022-08-24,-0.00202431
2022-08-25,-0.00201351
2022-08-26,-0.00197473
2022-08-27,-0.00197682
2022-08-28,-0.00177003
2022-08-29,-0.00162880
2022-08-30,-0.00170469
2022-08-31,-0.00171434
2022-09-01,-0.00170363
2022-09-02,-0.00164128
2022-09-03,-0.00161880
2022-09-04,-0.00140284
2022-09-05,-0.00140094
2022-09-06,-0.00130568
2022-09-07,-0.00128940
2022-09-08,-0.00134847
2022-09-09,-0.00131965
2022-09-10,-0.00129639
2022-09-11,-0.00133542
2022-09-12,-0.00134664
2022-09-13,-0.00116062
2022-09-14,-0.00110541
2022-09-15,-0.00109238
2022-09-16,-0.00109969
2022-09-17,-0.00133802
2022-09-18,-0.00160940
2022-09-19,-0.00158270
2022-09-20,-0.00154986
2022-09-21,-0.00152976
2022-09-22,-0.00155218
2022-09-23,-0.00153064
2022-09-24,-0.00177852
2022-09-25,-0.00179003
2022-09-26,-0.00189686
2022-09-27,-0.00183112
2022-09-28,-0.00180433
2022-09-29,-0.00178171
2022-09-30,-0.00169444
2022-10-01,-0.00170330
2022-10-02,-0.00173765
2022-10-03,-0.00191432
2022-10-04,-0.00194145
2022-10-05,-0.00192946
2022-10-06,-0.00189970
2022-10-07,-0.00183177
2022-10-08,-0.00178206
2022-10-09,-0.00195339
2022-10-10,-0.00197162
2022-10-11,-0.00197811
2022-10-12,-0.00190288
2022-10-13,-0.00189860
2022-10-14,-0.00184644
2022-10-15,-0.00185649
2022-10-16,-0.00187739
2022-10-17,-0.00169318
2022-10-18,-0.00093242
2022-10-19,-0.00090246
2022-10-20,-0.00098374
2022-10-21,-0.00094769
2022-10-22,-0.00076857
2022-10-23,-0.00079776
2022-10-24,-0.00081161
2022-10-25,-0.00073912
2022-10-26,-0.00052140
2022-10-27,-0.00043234
2022-10-28,-0.00043258
2022-10-29,-0.00040460
2022-10-30,-0.00042856
2022-10-31,-0.00043234
2022-11-01,-0.00047384
2022-11-02,-0.00026814
2022-11-03,-0.00021797
2022-11-04,0.00034065
2022-11-05,0.00043203
2022-11-06,0.00021224
2022-11-07,-0.00031997
2022-11-08,-0.00022944
2022-11-09,0.00012499
2022-11-10,0.00031073
2022-11-11,0.00082452
2022-11-12,0.00126023
2022-11-13,0.00126077
2022-11-14,0.00128830
2022-11-15,0.00121019
2022-11-16,0.00155742
2022-11-17,0.00177394
2022-11-18,0.00287166
2022-11-19,0.00288810
2022-11-20,0.00293267
2022-11-21,0.00302399
2022-11-22,0.00299457
2022-11-23,0.00418803
2022-11-24,0.00373538
2022-11-25,0.00368605
2022-11-26,0.00361083
2022-11-27,0.00334813
2022-11-28,0.00328351
2022-11-29,0.00300844
2022-11-30,0.00286220
2022-12-01,0.00235080
2022-12-02,0.00201583
2022-12-03,0.00199490
2022-12-04,0.00186702
2022-12-05,0.00190509
2022-12-06,0.00148476
2022-12-07,0.00127770
2022-12-08,0.00021763
2022-12-09,0.00033107
2022-12-10,0.00025805
2022-12-11,0.00013505
2022-12-12,-0.00002718
2022-12-13,-0.00117565
2022-12-14,-0.00111376
2022-12-15,-0.00112049
2022-12-16,-0.00105820
2022-12-17,-0.00102270
2022-12-18,-0.00110912
2022-12-19,-0.00102281
2022-12-20,-0.00106762
2022-12-21,-0.00117196
2022-12-22,-0.00121113
2022-12-23,-0.00111423
2022-12-24,-0.00114040
2022-12-25,-0.00130092
2022-12-26,-0.00137559
2022-12-27,-0.00138114
2022-12-28,-0.00120670
2022-12-29,-0.00117923
2022-12-30,-0.00107724
2022-12-31,-0.00085026
2023-01-01,-0.00087283
2023-01-02,-0.00096111
2023-01-03,-0.00103023
2023-01-04,-0.00098849
2023-01-05,-0.00064796
2023-01-06,-0.00057446
2023-01-07,-0.00051217
2023-01-08,-0.00066137
2023-01-09,-0.00063825
2023-01-10,-0.00056173
2023-01-11,-0.00049797
2023-01-12,-0.00051677
2023-01-13,-0.00045444
2023-01-14,-0.00046948
2023-01-15,-0.00042695
2023-01-16,-0.00025419
2023-01-17,-0.00041311
2023-01-18,-0.00045783
2023-01-19,-0.00050854
2023-01-20,-0.00071401
2023-01-21,-0.00070412
2023-01-22,-0.00073952
2023-01-23,-0.00078177
2023-01-24,-0.00081626
2023-01-25,-0.00118695
2023-01-26,-0.00089995
2023-01-27,-0.00082764
2023-01-28,-0.00084771
2023-01-29,-0.00088068
2023-01-30,-0.00099039
2023-01-31,-0.00105019
2023-02-01,-0.00101922
2023-02-02,-0.00107602
2023-02-03,-0.00103499
2023-02-04,-0.00107345
2023-02-05,-0.00125805
2023-02-06,-0.00129525
2023-02-07,-0.00139145
2023-02-08,-0.00141922
2023-02-09,-0.00140772
2023-02-10,-0.00137599
2023-02-11,-0.00135750
2023-02-12,-0.00138011
2023-02-13,-0.00139416
2023-02-14,-0.00143764
2023-02-15,-0.00179041
2023-02-16,-0.00188337
2023-02-17,-0.00185368
2023-02-18,-0.00186981
2023-02-19,-0.00187035
2023-02-20,-0.00192438
2023-02-21,-0.00199991
2023-02-22,-0.00194731
2023-02-23,-0.00200334
2023-02-24,-0.00190622
2023-02-25,-0.00191484
2023-02-26,-0.00192694
2023-02-27,-0.00184483
2023-02-28,-0.00171861
2023-03-01,-0.00160352
2023-03-02,-0.00162793
2023-03-03,-0.00160268
2023-03-04,-0.00159871
2023-03-05,-0.00152121
2023-03-06,-0.00145365
2023-03-07,-0.00117757
2023-03-08,-0.00119334
2023-03-09,-0.00114328
2023-03-10,-0.00109057
2023-03-11,-0.00105896
2023-03-12,-0.00104805
2023-03-13,-0.00093791
2023-03-14,-0.00084127
2023-03-15,-0.00072304
2023-03-16,-0.00071939
2023-03-17,-0.00063414
2023-03-18,-0.00062111
2023-03-19,-0.00068970
2023-03-20,-0.00078623
2023-03-21,-0.00089152
2023-03-22,-0.00083264
2023-03-23,-0.00075037
2023-03-24,-0.00067540
2023-03-25,-0.00077255
2023-03-26,-0.00080888
2023-03-27,-0.00101340
2023-03-28,-0.00101808
2023-03-29,-0.00106929
2023-03-30,0.00018346
2023-03-31,0.00030649
2023-04-01,0.00031977
2023-04-02,0.00017349
2023-04-03,0.00006966
2023-04-04,0.00003617
2023-04-05,0.00007675
2023-04-06,0.00009025
2023-04-07,0.00014486
2023-04-08,0.00010863
2023-04-09,0.00001816
2023-04-10,0.00002321
2023-04-11,0.00018958
2023-04-12,0.00029928
2023-04-13,0.00029020
2023-04-14,0.00042566
2023-04-15,0.00040098
2023-04-16,0.00028610
2023-04-17,0.00030796
2023-04-18,0.00032618
2023-04-19,-0.00061358
2023-04-20,-0.00075925
2023-04-21,-0.00072602
2023-04-22,-0.00072911
2023-04-23,-0.00078586
2023-04-24,-0.00084938
2023-04-25,-0.00095529
2023-04-26,-0.00101653
2023-04-27,-0.00105828
2023-04-28,-0.00100599
2023-04-29,-0.00088057
2023-04-30,-0.00096037
2023-05-01,-0.00119288
2023-05-02,-0.00139247
2023-05-03,-0.00130160
2023-05-04,-0.00140963
2023-05-05,-0.00138926
2023-05-06,-0.00141158
2023-05-07,-0.00112297
2023-05-08,-0.00108019
2023-05-09,-0.00142944
2023-05-10,-0.00138717
2023-05-11,-0.00136396
2023-05-12,-0.00127673
2023-05-13,-0.00128661
2023-05-14,-0.00124982
2023-05-15,-0.00085820
2023-05-16,-0.00080000
2023-05-17,-0.00081083
2023-05-18,-0.00082857
2023-05-19,-0.00090926
2023-05-20,-0.00089426
2023-05-21,-0.00091102
2023-05-22,-0.00070644
2023-05-23,-0.00083347
2023-05-24,-0.00081887
2023-05-25,-0.00036304
2023-05-26,-0.00026178
2023-05-27,-0.00061004
2023-05-28,-0.00066420
2023-05-29,-0.00060906
2023-05-30,-0.00057315
2023-05-31,-0.00054348
2023-06-01,-0.00049882
2023-06-02,-0.00044802
2023-06-03,-0.00051644
2023-06-04,-0.00093775
2023-06-05,-0.00094996
2023-06-06,-0.00092326
2023-06-07,-0.00091706
2023-06-08,-0.00084195
2023-06-09,-0.00081538
2023-06-10,-0.00077544
2023-06-11,-0.00099918
2023-06-12,-0.00096727
2023-06-13,-0.00092742
2023-06-14,-0.00131827
2023-06-15,-0.00130441
2023-06-16,-0.00124798
2023-06-17,-0.00127838
2023-06-18,-0.00119376
2023-06-19,-0.00119011
2023-06-20,-0.00108829
2023-06-21,-0.00094164
2023-06-22,-0.00092336
2023-06-23,-0.00068051
2023-06-24,-0.00064303
2023-06-25,-0.00068638
2023-06-26,-0.00069575
2023-06-27,-0.00062038
2023-06-28,-0.00065452
2023-06-29,-0.00046766
2023-06-30,-0.00045666
2023-07-01,-0.00005100
2023-07-02,-0.00010780
2023-07-03,-0.00013880
2023-07-04,-0.00020750
2023-07-05,-0.00027077
2023-07-06,-0.00004643
2023-07-07,-0.00002331
2023-07-08,-0.00017783
2023-07-09,-0.00027700
2023-07-10,-0.00042269
2023-07-11,-0.00055419
2023-07-12,-0.00055729
2023-07-13,-0.00068926
2023-07-14,-0.00064841
2023-07-15,-0.00069783
2023-07-16,-0.00073739
2023-07-17,-0.00073440
2023-07-18,-0.00067656
2023-07-19,-0.00079771
2023-07-20,-0.00078967
2023-07-21,-0.00111039
2023-07-22,-0.00106902
2023-07-23,-0.00111325
2023-07-24,-0.00107286
2023-07-25,-0.00108053
2023-07-26,-0.00134032
2023-07-27,-0.00107418
2023-07-28,-0.00023244
2023-07-29,-0.00024127
2023-07-30,-0.00029991
2023-07-31,-0.00036800
2023-08-01,-0.00041231
2023-08-02,-0.00041569
2023-08-03,-0.00048647
2023-08-04,-0.00043848
2023-08-05,-0.00045033
2023-08-06,-0.00055239
2023-08-07,-0.00065357
2023-08-08,-0.00066978
2023-08-09,-0.00069419
2023-08-10,-0.00073912
2023-08-11,-0.00078499
2023-08-12,-0.00076458
2023-08-13,-0.00081219
2023-08-14,-0.00071261
2023-08-15,-0.00066925
2023-08-16,-0.00089079
2023-08-17,-0.00161493
2023-08-18,-0.00149543
2023-08-19,-0.00150763
2023-08-20,-0.00157561
2023-08-21,-0.00153487
2023-08-22,-0.00157769
2023-08-23,-0.00155487
2023-08-24,-0.00156790
2023-08-25,-0.00152384
2023-08-26,-0.00153666
2023-08-27,-0.00150327
2023-08-28,-0.00153469
2023-08-29,-0.00141659
2023-08-30,-0.00142690
2023-08-31,-0.00138813
2023-09-01,-0.00136982
2023-09-02,-0.00139389
2023-09-03,-0.00150705
2023-09-04,-0.00152965
2023-09-05,-0.00154753
2023-09-06,-0.00159639
2023-09-07,-0.00170017
2023-09-08,-0.00167316
2023-09-09,-0.00167223
2023-09-10,-0.00173543
2023-09-11,-0.00176335
2023-09-12,-0.00175438
2023-09-13,-0.00177160
2023-09-14,-0.00173752
2023-09-15,-0.00168404
2023-09-16,-0.00173919
2023-09-17,-0.00179355
2023-09-18,-0.00181354
2023-09-19,-0.00148281
2023-09-20,-0.00146720
2023-09-21,-0.00150875
2023-09-22,-0.00149889
2023-09-23,-0.00151192
2023-09-24,-0.00153992
2023-09-25,-0.00154744
2023-09-26,-0.00156534
2023-09-27,-0.00156213
2023-09-28,-0.00152225
2023-09-29,-0.00144024
2023-09-30,-0.00141918
2023-10-01,-0.00144337
2023-10-02,-0.00127203
2023-10-03,-0.00121049
2023-10-04,-0.00115156
2023-10-05,-0.00112582
2023-10-06,-0.00103140
2023-10-07,-0.00091977
2023-10-08,-0.00105481
2023-10-09,-0.00125067
2023-10-10,-0.00125800
2023-10-11,-0.00111582
2023-10-12,-0.00106294
2023-10-13,-0.00102768
2023-10-14,-0.00074596
2023-10-15,-0.00078838
2023-10-16,-0.00077643
2023-10-17,-0.00072467
2023-10-18,-0.00070939
2023-10-19,-0.00057277
2023-10-20,-0.00048625
2023-10-21,-0.00048264
2023-10-22,-0.00067009
2023-10-23,-0.00058388
2023-10-24,-0.00044873
2023-10-25,-0.00041656
2023-10-26,-0.00033929
2023-10-27,-0.00034670
2023-10-28,-0.00026415
2023-10-29,-0.00039036
2023-10-30,-0.00038423
2023-10-31,-0.00042416
2023-11-01,-0.00010307
2023-11-02,-0.00007586
2023-11-03,-0.00029142
2023-11-04,-0.00026544
2023-11-05,-0.00029251
2023-11-06,-0.00033449
2023-11-07,-0.00034357
2023-11-08,-0.00051427
2023-11-09,-0.00034478
2023-11-10,-0.00027120
2023-11-11,-0.00027393
2023-11-12,-0.00041030
2023-11-13,-0.00060781
2023-11-14,-0.00065523
2023-11-15,-0.00064406
2023-11-16,-0.00065302
2023-11-17,-0.00068237
2023-11-18,-0.00070717
2023-11-19,-0.00070564
2023-11-20,-0.00072680
2023-11-21,-0.00095283
2023-11-22,-0.00082811
2023-11-23,-0.00087597
2023-11-24,-0.00086119
2023-11-25,-0.00087714
2023-11-26,-0.00086060
2023-11-27,-0.00089788
2023-11-28,-0.00088640
2023-11-29,-0.00109641
2023-11-30,-0.00077527
2023-12-01,-0.00071408
2023-12-02,-0.00070581
2023-12-03,-0.00073857
2023-12-04,-0.00056275
2023-12-05,-0.00059482
2023-12-06,-0.00042538
2023-12-07,-0.00036552
2023-12-08,-0.00028163
2023-12-09,-0.00030240
2023-12-10,-0.00036193
2023-12-11,-0.00038201
2023-12-12,-0.00033716
2023-12-13,-0.00031075
2023-12-14,-0.00031691
2023-12-15,-0.00015525
2023-12-16,-0.00012414
2023-12-17,-0.00014701
2023-12-18,-0.00000659
2023-12-19,0.00004022
2023-12-20,-0.00024732
2023-12-21,-0.00025338
2023-12-22,-0.00009257
2023-12-23,-0.00006339
2023-12-24,-0.00005290
2023-12-25,-0.00017260
2023-12-26,-0.00035623
2023-12-27,0.00025705
2023-12-28,0.00024117
2023-12-29,0.00058499
2023-12-30,0.00064686
2023-12-31,0.00056486
2024-01-01,0.00035279
2024-01-02,0.00043015
2024-01-03,0.00051064
2024-01-04,0.00123120
2024-01-05,0.00123780
2024-01-06,0.00125176
2024-01-07,0.00108062
2024-01-08,0.00105822
2024-01-09,0.00107830
2024-01-10,0.00111720
2024-01-11,0.00104672
2024-01-12,0.00112562
2024-01-13,0.00090728
2024-01-14,0.00092660
2024-01-15,0.00090732
2024-01-16,0.00156204
2024-01-17,0.00177975
2024-01-18,0.00165267
2024-01-19,0.00175221
2024-01-20,0.00171653
2024-01-21,0.00169960
2024-01-22,0.00181939
2024-01-23,0.00197594
2024-01-24,0.00183295
2024-01-25,0.00206704
2024-01-26,0.00224001
2024-01-27,0.00224389
2024-01-28,0.00216908
2024-01-29,0.00217657
2024-01-30,0.00232280
2024-01-31,0.00243725
2024-02-01,0.00240878
2024-02-02,0.00253156
2024-02-03,0.00247781
2024-02-04,0.00248202
2024-02-05,0.00122058
2024-02-06,0.00124066
2024-02-07,0.00107447
2024-02-08,0.00096311
2024-02-09,0.00105260
2024-02-10,0.00109739
2024-02-11,0.00090168
2024-02-12,0.00078605
2024-02-13,0.00015141
2024-02-14,0.00011785
2024-02-15,0.00020878
2024-02-16,0.00033705
2024-02-17,0.00037218
2024-02-18,0.00025529
2024-02-19,0.00051225
2024-02-20,0.00036813
2024-02-21,0.00040599
2024-02-22,0.00049774
2024-02-23,0.00067225
2024-02-24,0.00064189
2024-02-25,0.00055208
2024-02-26,0.00034203
2024-02-27,0.00046347
2024-02-28,0.00099893
2024-02-29,0.00128118
2024-03-01,0.00210317
2024-03-02,0.00209592
2024-03-03,0.00198644
2024-03-04,0.00221665
2024-03-05,0.00250549
2024-03-06,0.00311775
2024-03-07,0.00337166
2024-03-08,0.00369515
2024-03-09,0.00376620
2024-03-10,0.00348894
2024-03-11,0.00373736
2024-03-12,0.00383990
2024-03-13,0.00400591
2024-03-14,0.00430206
2024-03-15,0.00446467
2024-03-16,0.00449631
2024-03-17,0.00483733
2024-03-18,0.00480682
2024-03-19,0.00433379
2024-03-20,0.00411233
2024-03-21,0.00355004
2024-03-22,0.00396982
2024-03-23,0.00606032
2024-03-24,0.00584497
2024-03-25,0.00616712
2024-03-26,0.00558337
2024-03-27,0.00529264
2024-03-28,0.00543868
2024-03-29,0.00541675
2024-03-30,0.00522018
2024-03-31,0.00495260
2024-04-01,0.00563502
2024-04-02,0.00555720
2024-04-03,0.00519015
2024-04-04,0.00499384
2024-04-05,0.00497670
2024-04-06,0.00458046
2024-04-07,0.00442884
2024-04-08,0.00437941
2024-04-09,0.00434334
2024-04-10,0.00410730
2024-04-11,0.00369637
2024-04-12,0.00165106
2024-04-13,0.00155911
2024-04-14,0.00071572
2024-04-15,0.00050255
2024-04-16,0.00066928
2024-04-17,0.00024208
2024-04-18,0.00040227
2024-04-19,0.00048092
2024-04-20,0.00041024
2024-04-21,-0.00050595
2024-04-22,-0.00078882
2024-04-23,-0.00081389
2024-04-24,-0.00073481
2024-04-25,-0.00072377
2024-04-26,-0.00072334
2024-04-27,-0.00067403
2024-04-28,-0.00060120
2024-04-29,-0.00055912
2024-04-30,-0.00046307
2024-05-01,-0.00042051
2024-05-02,-0.00043757
2024-05-03,-0.00038357
2024-05-04,-0.00043023
2024-05-05,-0.00052674
2024-05-06,-0.00072122
2024-05-07,-0.00077404
2024-05-08,-0.00095531
2024-05-09,-0.00104067
2024-05-10,-0.00101225
2024-05-11,-0.00099701
2024-05-12,-0.00095881
2024-05-13,-0.00097254
2024-05-14,-0.00098627
2024-05-15,-0.00053448
2024-05-16,-0.00037724
2024-05-17,-0.00039063
2024-05-18,-0.00054494
2024-05-19,-0.00067947
2024-05-20,-0.00075371
2024-05-21,-0.00073798
2024-05-22,-0.00061331
2024-05-23,-0.00057342
2024-05-24,-0.00049687
2024-05-25,-0.00049578
2024-05-26,-0.00053603
2024-05-27,-0.00046041
2024-05-28,0.00622292
2024-05-29,0.00623898
2024-05-30,0.00629153
2024-05-31,0.00631222
2024-06-01,0.00625212
2024-06-02,0.00622046
2024-06-03,0.00633190
2024-06-04,0.00591091
2024-06-05,0.00579468
2024-06-06,0.00588542
2024-06-07,0.00587098
2024-06-08,0.00588068
2024-06-09,0.00581482
2024-06-10,0.00575329
2024-06-11,0.00612515
2024-06-12,0.00610277
2024-06-13,0.00604334
2024-06-14,0.00624714
2024-06-15,0.00628661
2024-06-16,0.00617888
2024-06-17,-0.00046627
2024-06-18,-0.00047170
2024-06-19,-0.00051906
2024-06-20,-0.00057048
2024-06-21,-0.00047798
2024-06-22,0.00021988
2024-06-23,0.00006175
2024-06-24,0.00018525
2024-06-25,0.00014093
2024-06-26,0.00007971
2024-06-27,0.00064123
2024-06-28,0.00069506
2024-06-29,0.00066955
2024-06-30,0.00063646
2024-07-01,0.00014721
2024-07-02,0.00008515
2024-07-03,0.00036276
2024-07-04,0.00032295
2024-07-05,0.00079956
2024-07-06,0.00076866
2024-07-07,0.00071850
2024-07-08,0.00071323
2024-07-09,0.00091288
2024-07-10,0.00109204
2024-07-11,0.00100650
2024-07-12,0.00035287
2024-07-13,0.00035292
2024-07-14,0.00019258
2024-07-15,0.00023179
2024-07-16,0.00019007
2024-07-17,-0.00027117
2024-07-18,-0.00019650
2024-07-19,0.00013564
2024-07-20,0.00013229
2024-07-21,0.00006220
2024-07-22,0.00008270
2024-07-23,0.00051752
2024-07-24,0.00043338
2024-07-25,0.00005857
2024-07-26,0.00014023
2024-07-27,0.00016597
2024-07-28,0.00015480
2024-07-29,0.00009523
2024-07-30,0.00052697
2024-07-31,0.00055939
2024-08-01,0.00063536
2024-08-02,0.00069496
2024-08-03,0.00070628
2024-08-04,0.00066115
2024-08-05,0.00102682
2024-08-06,0.00097355
2024-08-07,0.00099193
2024-08-08,0.00071662
2024-08-09,0.00079439
2024-08-10,0.00096212
2024-08-11,0.00090386
2024-08-12,0.00022965
2024-08-13,0.00020879
2024-08-14,0.00004822
2024-08-15,0.00006421
2024-08-16,0.00003133
2024-08-17,0.00000064
2024-08-18,-0.00016265
2024-08-19,-0.00070487
2024-08-20,-0.00070017
2024-08-21,-0.00076657
2024-08-22,-0.00078746
2024-08-23,-0.00076134
2024-08-24,-0.00079825
2024-08-25,-0.00122186
2024-08-26,-0.00122002
2024-08-27,-0.00117956
2024-08-28,-0.00117949
2024-08-29,-0.00077886
2024-08-30,-0.00092155
2024-08-31,-0.00086503
2024-09-01,-0.00092826
2024-09-02,-0.00096732
2024-09-03,-0.00083115
2024-09-04,-0.00072387
2024-09-05,-0.00071620
2024-09-06,-0.00058814
2024-09-07,-0.00060537
2024-09-08,-0.00067729
2024-09-09,-0.00062078
2024-09-10,-0.00060272
2024-09-11,-0.00059784
2024-09-12,-0.00063732
2024-09-13,-0.00048875
2024-09-14,-0.00048161
2024-09-15,-0.00049978
2024-09-16,-0.00059597
2024-09-17,-0.00059234
2024-09-18,-0.00096693
2024-09-19,-0.00092618
2024-09-20,-0.00083870
2024-09-21,-0.00081680
2024-09-22,-0.00082404
2024-09-23,-0.00088347
2024-09-24,-0.00099666
2024-09-25,-0.00092108
2024-09-26,-0.00087214
2024-09-27,-0.00078815
2024-09-28,-0.00075068
2024-09-29,-0.00085774
2024-09-30,-0.00087979
2024-10-01,-0.00090107
2024-10-02,-0.00090242
2024-10-03,-0.00108391
2024-10-04,-0.00100841
2024-10-05,-0.00102622
2024-10-06,-0.00114499
2024-10-07,-0.00114619
2024-10-08,-0.00024104
2024-10-09,-0.00020016
2024-10-10,-0.00026922
2024-10-11,-0.00025462
2024-10-12,-0.00020366
2024-10-13,-0.00026539
2024-10-14,-0.00022740
2024-10-15,-0.00004872
2024-10-16,-0.00014784
2024-10-17,-0.00012300
2024-10-18,-0.00002787
2024-10-19,0.00006780
2024-10-20,0.00020277
2024-10-21,0.00047019
2024-10-22,0.00049068
2024-10-23,0.00057825
2024-10-24,0.00054305
2024-10-25,0.00062825
2024-10-26,0.00064586
2024-10-27,0.00061596
2024-10-28,-0.00032227
2024-10-29,-0.00025411
2024-10-30,-0.00022025
2024-10-31,-0.00015044
2024-11-01,-0.00007710
2024-11-02,-0.00006838
2024-11-03,-0.00013793
2024-11-04,-0.00030784
2024-11-05,-0.00027340
2024-11-06,0.00034952
2024-11-07,0.00036194
2024-11-08,0.00047292
2024-11-09,0.00029367
2024-11-10,0.00012829
2024-11-11,0.00038466
2024-11-12,0.00072934
2024-11-13,0.00109910
2024-11-14,0.00166501
2024-11-15,0.00219473
2024-11-16,0.00226583
2024-11-17,0.00226833
2024-11-18,0.00226341
2024-11-19,0.00257981
2024-11-20,0.00285938
2024-11-21,0.00334912
2024-11-22,0.00334446
2024-11-23,0.00352260
2024-11-24,0.00349948
2024-11-25,0.00369552
2024-11-26,0.00344867
2024-11-27,0.00365915
2024-11-28,0.00374762
2024-11-29,0.00385567
2024-11-30,0.00377477
2024-12-01,0.00351406
2024-12-02,0.00345192
2024-12-03,0.00352817
2024-12-04,0.00305363
2024-12-05,0.00322144
2024-12-06,0.00367916
2024-12-07,0.00356684
2024-12-08,0.00347269
2024-12-09,0.00313431
2024-12-10,0.00288888
2024-12-11,0.00264522
2024-12-12,0.00263699
2024-12-13,0.00263989
2024-12-14,0.00261531
2024-12-15,0.00241386
2024-12-16,0.00227031
2024-12-17,0.00226482
2024-12-18,0.00233076
2024-12-19,0.00275668
2024-12-20,0.00310379
2024-12-21,0.00308748
2024-12-22,0.00283388
2024-12-23,0.00284254
2024-12-24,0.00317425
2024-12-25,0.00248740
2024-12-26,0.00192929
2024-12-27,0.00225555
2024-12-28,0.00224046
2024-12-29,0.00243681
2024-12-30,0.00274528
2024-12-31,0.00278207
2025-01-01,0.00300660
2025-01-02,0.00290605
2025-01-03,0.00286778
2025-01-04,0.00275822
2025-01-05,0.00245002
2025-01-06,0.00219688
2025-01-07,0.00220419
2025-01-08,0.00173139
2025-01-09,0.00138721
2025-01-10,0.00143217
2025-01-11,0.00132085
2025-01-12,0.00084248
2025-01-13,0.00037907
2025-01-14,0.00039464
2025-01-15,0.00061369
2025-01-16,0.00042973
2025-01-17,0.00048621
2025-01-18,0.00034357
2025-01-19,0.00001706
2025-01-20,-0.00043155
2025-01-21,-0.00051514
2025-01-22,-0.00031129
2025-01-23,0.00083636
2025-01-24,0.00091210
2025-01-25,0.00093116
2025-01-26,0.00087229
2025-01-27,0.00061185
2025-01-28,0.00053612
2025-01-29,0.00052685
2025-01-30,0.00049769
2025-01-31,0.00057167
2025-02-01,0.00059312
2025-02-02,0.00058633
2025-02-03,0.00066473
2025-02-04,0.00073907
2025-02-05,0.00104038
2025-02-06,0.00117619
2025-02-07,0.00109662
2025-02-08,0.00100914
2025-02-09,0.00150032
2025-02-10,0.00138101
2025-02-11,0.00133669
2025-02-12,0.00020923
2025-02-13,0.00018460
2025-02-14,0.00021396
2025-02-15,0.00020828
2025-02-16,0.00009475
2025-02-17,0.00011142
2025-02-18,0.00013326
2025-02-19,0.00010595
2025-02-20,0.00009175
2025-02-21,0.00011118
2025-02-22,0.00010075
2025-02-23,-0.00001980
2025-02-24,-0.00023759
2025-02-25,-0.00034943
2025-02-26,-0.00031980
2025-02-27,-0.00022838
2025-02-28,-0.00010276
2025-03-01,-0.00053772
2025-03-02,-0.00055246
2025-03-03,-0.00063577
2025-03-04,-0.00061183
2025-03-05,-0.00060037
2025-03-06,-0.00049822
2025-03-07,-0.00039901
2025-03-08,-0.00040392
2025-03-09,-0.00041140
2025-03-10,-0.00019503
2025-03-11,-0.00004899
2025-03-12,0.00006982
2025-03-13,0.00010683
2025-03-14,0.00019058
2025-03-15,0.00017410
2025-03-16,0.00012197
2025-03-17,-0.00012082
2025-03-18,-0.00036034
2025-03-19,-0.00044575
2025-03-20,-0.00044049
2025-03-21,-0.00044708
2025-03-22,-0.00040594
2025-03-23,-0.00058249
2025-03-24,-0.00063052
2025-03-25,-0.00061800
2025-03-26,-0.00071626
2025-03-27,-0.00079063
2025-03-28,-0.00078476
2025-03-29,-0.00083241
2025-03-30,-0.00114598
2025-03-31,-0.00123667
2025-04-01,-0.00135287
2025-04-02,-0.00128050
2025-04-03,-0.00097068
2025-04-04,-0.00087127
2025-04-05,-0.00085978
2025-04-06,-0.00088502
2025-04-07,-0.00058806
2025-04-08,-0.00058721
2025-04-09,-0.00059877
2025-04-10,-0.00035131
2025-04-11,-0.00024415
2025-04-12,-0.00023002
2025-04-13,-0.00021478
2025-04-14,-0.00022878
2025-04-15,-0.00015246
2025-04-16,-0.00007785
2025-04-17,0.00024810
2025-04-18,0.00028882
2025-04-19,0.00031611
2025-04-20,0.00024205
2025-04-21,0.00025762
2025-04-22,0.00018561
2025-04-23,-0.00010364
2025-04-24,0.00003625
2025-04-25,0.00035347
2025-04-26,0.00039355
2025-04-27,0.00007344
2025-04-28,0.00023713
2025-04-29,0.00036570
2025-04-30,0.00025797
2025-05-01,0.00025841
2025-05-02,0.00043978
2025-05-03,0.00040518
2025-05-04,0.00035876
2025-05-05,0.00076657
2025-05-06,0.00102431
2025-05-07,0.00090091
2025-05-08,0.00111949
2025-05-09,0.00135917
2025-05-10,0.00135881
2025-05-11,0.00133955
2025-05-12,0.00136580
2025-05-13,0.00159836
2025-05-14,0.00146583
2025-05-15,0.00147557
2025-05-16,0.00151625
2025-05-17,0.00150732
2025-05-18,0.00131763
2025-05-19,0.00136976
2025-05-20,0.00146941
2025-05-21,0.00157469
2025-05-22,0.00152235
2025-05-23,0.00165432
2025-05-24,0.00166792
2025-05-25,0.00118234
2025-05-26,0.00114431
2025-05-27,0.00119893
2025-05-28,0.00108113
2025-05-29,0.00112786
2025-05-30,0.00120630
2025-05-31,0.00117155
2025-06-01,0.00106326
2025-06-02,0.00081717
2025-06-03,0.00082713
2025-06-04,0.00075210
2025-06-05,0.00068978
2025-06-06,0.00073133
2025-06-07,0.00073256
2025-06-08,0.00043283
2025-06-09,0.00022126
2025-06-10,0.00005709
2025-06-11,-0.00000622
2025-06-12,-0.00010870
2025-06-13,0.00009226
2025-06-14,0.00002502
2025-06-15,-0.00028712
2025-06-16,-0.00038681
2025-06-17,-0.00043789
2025-06-18,-0.00062628
2025-06-19,-0.00065766
2025-06-20,-0.00064167
2025-06-21,-0.00061107
2025-06-22,-0.00061429
2025-06-23,-0.00061150
2025-06-24,-0.00074895
2025-06-25,-0.00065410
2025-06-26,-0.00037430
2025-06-27,-0.00007655
2025-06-28,-0.00009128
2025-06-29,-0.00010964
2025-06-30,0.00017072
2025-07-01,0.00024756
2025-07-02,0.00029730
2025-07-03,0.00020439
2025-07-04,0.00515153
2025-07-05,0.00512660
2025-07-06,0.00497741
2025-07-07,0.00517012
2025-07-08,0.00543332
2025-07-09,0.00569969
2025-07-10,0.00576732
2025-07-11,0.00606372
2025-07-12,0.00612888
2025-07-13,0.00607941
2025-07-14,0.00615434
2025-07-15,0.00619976
2025-07-16,0.00629045
2025-07-17,0.00632097
2025-07-18,0.00643199
2025-07-19,0.00658512
2025-07-20,0.00619989
2025-07-21,0.00618679
2025-07-22,0.00641027
2025-07-23,0.00655143
2025-07-24,0.00193455
2025-07-25,0.00229025
2025-07-26,0.00233426
2025-07-27,0.00210876
2025-07-28,0.00193693
2025-07-29,0.00186187
2025-07-30,0.00198426
2025-07-31,0.00165567
2025-08-01,0.00155393
2025-08-02,0.00150404
2025-08-03,0.00137015
2025-08-04,0.00125117
2025-08-05,0.00100905
2025-08-06,0.00067633
2025-08-07,0.00079144
2025-08-08,0.00071016
2025-08-09,0.00069637
2025-08-10,0.00059894
2025-08-11,0.00034887
2025-08-12,0.00020335
2025-08-13,-0.00001146
2025-08-14,-0.00016077
2025-08-15,-0.00012167
2025-08-16,0.00049459
2025-08-17,0.00032994
2025-08-18,0.00014285
2025-08-19,0.00008371
2025-08-20,0.00021435
2025-08-21,0.00025938
2025-08-22,0.00042603
2025-08-23,0.00039279
2025-08-24,0.00035785
2025-08-25,0.00030010
2025-08-26,0.00034622
2025-08-27,0.00021087
2025-08-28,0.00023477
2025-08-29,0.00113855
2025-08-30,0.00116167
2025-08-31,0.00114935
2025-09-01,0.00108669
2025-09-02,0.00102813
2025-09-03,0.00090862
2025-09-04,0.00099544
2025-09-05,0.00068100
2025-09-06,0.00071271
2025-09-07,0.00069359
2025-09-08,0.00063091
2025-09-09,0.00059083
2025-09-10,0.00055446
2025-09-11,0.00051599
2025-09-12,0.00057131
2025-09-13,0.00060577
2025-09-14,0.00049546
2025-09-15,0.00059085
2025-09-16,0.00062368
2025-09-17,0.00076219
2025-09-18,-0.00005166
2025-09-19,0.00025576
2025-09-20,0.00023506
2025-09-21,0.00020632
2025-09-22,0.00021815
2025-09-23,0.00036038
2025-09-24,0.00022239
2025-09-25,0.00014143
2025-09-26,0.00027139
2025-09-27,0.00027491
2025-09-28,0.00023269
2025-09-29,0.00020020
2025-09-30,0.00033436
2025-10-01,0.00048934
2025-10-02,0.00055807
2025-10-03,0.00064308
2025-10-04,0.00071089
2025-10-05,0.00061066
2025-10-06,0.00061403
2025-10-07,0.00097956
2025-10-08,0.00107584
2025-10-09,0.00101194
2025-10-10,0.00107711
2025-10-11,0.00114763
2025-10-12,0.00112073
2025-10-13,0.00092270
2025-10-14,0.00138667
2025-10-15,0.00174653
2025-10-16,0.00167593
2025-10-17,0.00186046
2025-10-18,0.00187453
2025-10-19,0.00182789
2025-10-20,0.00165105
2025-10-21,0.00154170
2025-10-22,0.00176776
2025-10-23,0.00198295
2025-10-24,0.00205242
2025-10-25,0.00202978
2025-10-26,0.00201810
2025-10-27,0.00155915
2025-10-28,0.00176285
2025-10-29,0.00175528
2025-10-30,0.00195450
2025-10-31,0.00200676
2025-11-01,0.00210229
2025-11-02,0.00208449
2025-11-03,0.00185672
2025-11-04,0.00153916
2025-11-05,0.00159750
2025-11-06,0.00152554
2025-11-07,0.00235353
2025-11-08,0.00243289
2025-11-09,0.00239025
2025-11-10,0.00232932
2025-11-11,0.00207576
2025-11-12,0.00181888
2025-11-13,0.00195050
2025-11-14,0.00211442
2025-11-15,0.00203176
2025-11-16,0.00192764
2025-11-17,0.00181828
2025-11-18,0.00202238
2025-11-19,0.00186176
2025-11-20,0.00199294
2025-11-21,0.00211162
2025-11-22,0.00597205
2025-11-23,0.00857399
2025-11-24,0.00839745
2025-11-25,0.00837667
2025-11-26,0.00865307
2025-11-27,0.00781013
2025-11-28,0.00776554
2025-11-29,0.00775953
2025-11-30,0.00765667
2025-12-01,0.00777542
2025-12-02,0.00774808
2025-12-03,0.00769202
2025-12-04,0.00753198
2025-12-05,0.00771895
2025-12-06,0.00766599
2025-12-07,0.00740724
2025-12-08,0.00693608
2025-12-09,0.00690179
2025-12-10,0.00659480
2025-12-11,0.00641841
2025-12-12,0.00263990
2025-12-13,-0.00020591
2025-12-14,-0.00031342
2025-12-15,-0.00037484
2025-12-16,-0.00064697
2025-12-17,-0.00062134
2025-12-18,-0.00063538
2025-12-19,-0.00051482
2025-12-20,-0.00040445
2025-12-21,-0.00065446
2025-12-22,-0.00067577
2025-12-23,-0.00070364
2025-12-24,-0.00072001
2025-12-25,-0.00094051
2025-12-26,-0.00086750
2025-12-27,-0.00089945
2025-12-28,-0.00090998
2025-12-29,-0.00094216
2025-12-30,-0.00080671
2025-12-31,-0.00070162
2026-01-01,-0.00075038
2026-01-02,-0.00074478
2026-01-03,-0.00075095
2026-01-04,-0.00082292
2026-01-05,-0.00089340
2026-01-06,-0.00091722
2026-01-07,-0.00069101
2026-01-08,-0.00076085
2026-01-09,-0.00082478
2026-01-10,-0.00064294
2026-01-11,-0.00069361
2026-01-12,-0.00080027
2026-01-13,-0.00071981
2026-01-14,-0.00066159
2026-01-15,-0.00067492
2026-01-16,-0.00065933
2026-01-17,-0.00062657
2026-01-18,-0.00072945
2026-01-19,-0.00077968
2026-01-20,-0.00089462
2026-01-21,-0.00088785
2026-01-22,-0.00075269
2026-01-23,-0.00047223
2026-01-24,-0.00047807
2026-01-25,-0.00056105
2026-01-26,-0.00055723
2026-01-27,-0.00079907
2026-01-28,-0.00080288
2026-01-29,-0.00082604
2026-01-30,-0.00092908
2026-01-31,-0.00086633
2026-02-01,-0.00088494
2026-02-02,-0.00080835
2026-02-03,-0.00079114
2026-02-04,-0.00072628
2026-02-05,-0.00037738
2026-02-06,-0.00026554
2026-02-07,-0.00021068
2026-02-08,-0.00024414
2026-02-09,-0.00024824
2026-02-10,-0.00020164
2026-02-11,-0.00034070
2026-02-12,-0.00056267
2026-02-13,-0.00041172
2026-02-14,-0.00041696
2026-02-15,-0.00047389
2026-02-16,-0.00048163
2026-02-17,-0.00047898
2026-02-18,-0.00044947
2026-02-19,-0.00047882
2026-02-20,-0.00049823
2026-02-21,-0.00054936
2026-02-22,-0.00075333
2026-02-23,-0.00077127
2026-02-24,-0.00080884
2026-02-25,-0.00114174
2026-02-26,-0.00125108
2026-02-27,-0.00123979
2026-02-28,-0.00127088
2026-03-01,-0.00133650
2026-03-02,-0.00140547
2026-03-03,-0.00141464
2026-03-04,-0.00143278
2026-03-05,-0.00155775
2026-03-06,-0.00147027
2026-03-07,-0.00146171
2026-03-08,-0.00146800
2026-03-09,-0.00144398
2026-03-10,-0.00149909
2026-03-11,-0.00150367
2026-03-12,-0.00142072
2026-03-13,-0.00139091
2026-03-14,-0.00137375
2026-03-15,-0.00144416
2026-03-16,-0.00149888
2026-03-17,-0.00147745
2026-03-18,-0.00151630
2026-03-19,-0.00152305
2026-03-20,-0.00138192
2026-03-21,-0.00139213
2026-03-22,-0.00115429
2026-03-23,-0.00112025
2026-03-24,-0.00106923
2026-03-25,-0.00107101
2026-03-26,-0.00110591
2026-03-27,-0.00107270
2026-03-28,-0.00107860
2026-03-29,-0.00114855
2026-03-30,-0.00112693
2026-03-31,-0.00094853
2026-04-01,-0.00106146
2026-04-02,-0.00107750
2026-04-03,-0.00107459
2026-04-04,-0.00107297
2026-04-05,-0.00097658
2026-04-06,-0.00100587
2026-04-07,-0.00099058
2026-04-08,-0.00100446
2026-04-09,-0.00109885
2026-04-10,-0.00097752
2026-04-11,-0.00113274
2026-04-12,-0.00133589
2026-04-13,-0.00140092
2026-04-14,-0.00126233
2026-04-15,-0.00126780
2026-04-16,-0.00121049
2026-04-17,-0.00115457
2026-04-18,-0.00113787
2026-04-19,-0.00116652
2026-04-20,-0.00129757
2026-04-21,-0.00105754
2026-04-22,-0.00096212
2026-04-23,-0.00092291
2026-04-24,-0.00053051
2026-04-25,-0.00067376
2026-04-26,-0.00069997
2026-04-27,-0.00070535
2026-04-28,-0.00068098
2026-04-29,-0.00066325
2026-04-30,-0.00072395
2026-05-01,-0.00072998
2026-05-02,-0.00059216
2026-05-03,-0.00054749
2026-05-04,-0.00051645
2026-05-05,-0.00053033
2026-05-06,-0.00058764
2026-05-07,-0.00058464
2026-05-08,-0.00057360
2026-05-09,-0.00057431
2026-05-10,-0.00063591
2026-05-11,-0.00087113
2026-05-12,-0.00097635
2026-05-13,-0.00097494
2026-05-14,-0.00130412
2026-05-15,-0.00127422
2026-05-16,-0.00126843
2026-05-17,-0.00130620
2026-05-18,-0.00129632
2026-05-19,-0.00128405
2026-05-20,-0.00130354
2026-05-21,-0.00131047
2026-05-22,-0.00124360
2026-05-23,-0.00130655
2026-05-24,-0.00148833
2026-05-25,-0.00150005
2026-05-26,-0.00146825
2026-05-27,-0.00148702
2026-05-28,-0.00138435
2026-05-29,-0.00127962
2026-05-30,-0.00130505
2026-05-31,-0.00133049
2026-06-01,-0.00128280
2026-06-02,-0.00119921
2026-06-03,-0.00116219
2026-06-04,-0.00111792
2026-06-05,-0.00099325
2026-06-06,-0.00095221
2026-06-07,-0.00092898
2026-06-08,-0.00096205
2026-06-09,-0.00092078
2026-06-10,-0.00097566
2026-06-11,-0.00095368
2026-06-12,-0.00093459
2026-06-13,-0.00096108
2026-06-14,-0.00095651
2026-06-15,-0.00093795
2026-06-16,-0.00088299
2026-06-17,-0.00098423
2026-06-18,-0.00106874
2026-06-19,-0.00105980
2026-06-20,-0.00107478
2026-06-21,-0.00079821
2026-06-22,-0.00091320
2026-06-23,-0.00088873
2026-06-24,-0.00089910
2026-06-25,-0.00091279
2026-06-26,-0.00088979
2026-06-27,-0.00095177
2026-06-28,-0.00097156
2026-06-29,-0.00094979
2026-06-30,-0.00087838
2026-07-01,-0.00085088
2026-07-02,-0.00058994
2026-07-03,-0.00055534
2026-07-04,-0.00057446
2026-07-05,-0.00064828
2026-07-06,-0.00070098
2026-07-07,-0.00066293
2026-07-08,-0.00067311
2026-07-09,-0.00068422
2026-07-10,-0.00058418
2026-07-11,-0.00093925
2026-07-12,-0.00083777
2026-07-13,-0.00075389
2026-07-14,-0.00069869
2026-07-15,-0.00073912
2026-07-16,-0.00075887
2026-07-17,-0.00063705
2026-07-18,-0.00064762
2026-07-19,-0.00072231
2026-07-20,-0.00068517
2026-07-21,-0.00075256
2026-07-22,-0.00097431
2026-07-23,-0.00097775
2026-07-24,-0.00095939
2026-07-25,-0.00070991
2026-07-26,-0.00074957
2026-07-27,-0.00073654
2026-07-28,-0.00070053
2026-07-29,-0.00064362
2026-07-30,-0.00065050
2026-07-31,-0.00006981
2026-08-01,0.00023318
2026-08-02,0.00022194
2026-08-03,0.00032969
2026-08-04,0.00046176
2026-08-05,0.00057030
2026-08-06,0.00057667
2026-08-07,0.00070361
2026-08-08,0.00073021
2026-08-09,0.00061186
2026-08-10,0.00064244
2026-08-11,0.00064407
2026-08-12,0.00076794
2026-08-13,0.00079588
2026-08-14,0.00058619
2026-08-15,0.00059506
2026-08-16,0.00055584
2026-08-17,0.00056511
2026-08-18,0.00056833
2026-08-19,0.00066074
2026-08-20,0.00023182
2026-08-21,-0.00001908
2026-08-22,-0.00016270
2026-08-23,-0.00035381
2026-08-24,-0.00046775
2026-08-25,-0.00044829
2026-08-26,-0.00050186
2026-08-27,-0.00050021
2026-08-28,-0.00037754
2026-08-29,-0.00040163
2026-08-30,-0.00045116
2026-08-31,-0.00046520
2026-09-01,-0.00054354
2026-09-02,-0.00050188
2026-09-03,-0.00049039
2026-09-04,-0.00045667
2026-09-05,-0.00039762
2026-09-06,-0.00037644
2026-09-07,-0.00039279
2026-09-08,-0.00052967
2026-09-09,-0.00059898
2026-09-10,-0.00069355
2026-09-11,-0.00069591
2026-09-12,-0.00070412
2026-09-13,-0.00078939
2026-09-14,-0.00089286
2026-09-15,-0.00093410
2026-09-16,-0.00093126
2026-09-17,-0.00095914
2026-09-18,-0.00090100
2026-09-19,-0.00087863
2026-09-20,-0.00091786
