fecha,vol30,umbral_bajo_normal,umbral_normal_elevado,n_ventana,etiqueta
2011-09-17,1.367732,,,1,
2011-09-18,1.329845,,,2,
2011-09-19,1.32857,,,3,
2011-09-20,1.457172,,,4,
2011-09-21,1.457172,,,5,
2011-09-22,1.459838,,,6,
2011-09-23,1.429618,,,7,
2011-09-24,1.426542,,,8,
2011-09-25,1.453763,,,9,
2011-09-26,1.633264,,,10,
2011-09-27,1.640176,,,11,
2011-09-28,1.638013,,,12,
2011-09-29,1.473817,,,13,
2011-09-30,1.473817,,,14,
2011-10-01,1.46664,,,15,
2011-10-02,1.427889,,,16,
2011-10-03,1.430193,,,17,
2011-10-04,1.436042,,,18,
2011-10-05,1.434612,,,19,
2011-10-06,1.401108,,,20,
2011-10-07,1.3747,,,21,
2011-10-08,1.381167,,,22,
2011-10-09,1.379241,,,23,
2011-10-10,1.4994,,,24,
2011-10-11,1.522866,,,25,
2011-10-12,1.523141,,,26,
2011-10-13,1.356128,,,27,
2011-10-14,1.341436,,,28,
2011-10-15,1.321271,,,29,
2011-10-16,1.309931,,,30,
2011-10-17,1.312623,,,31,
2011-10-18,1.311397,,,32,
2011-10-19,1.311611,,,33,
2011-10-20,2.249595,,,34,
2011-10-21,2.252372,,,35,
2011-10-22,2.250255,,,36,
2011-10-23,2.250255,,,37,
2011-10-24,2.456352,,,38,
2011-10-25,2.442236,,,39,
2011-10-26,2.327942,,,40,
2011-10-27,2.323658,,,41,
2011-10-28,2.835055,,,42,
2011-10-29,2.841877,,,43,
2011-10-30,2.869505,,,44,
2011-10-31,2.874088,,,45,
2011-11-01,2.874762,,,46,
2011-11-02,2.873964,,,47,
2011-11-03,2.871594,,,48,
2011-11-04,2.884265,,,49,
2011-11-05,2.935979,,,50,
2011-11-06,2.934632,,,51,
2011-11-07,2.897385,,,52,
2011-11-08,2.902676,,,53,
2011-11-09,2.862185,,,54,
2011-11-10,2.845863,,,55,
2011-11-11,2.843119,,,56,
2011-11-12,2.843518,,,57,
2011-11-13,2.842107,,,58,
2011-11-14,3.026375,,,59,
2011-11-15,3.027495,,,60,
2011-11-16,3.104567,,,61,
2011-11-17,3.104468,,,62,
2011-11-18,3.160191,,,63,
2011-11-19,2.477385,,,64,
2011-11-20,2.478927,,,65,
2011-11-21,2.485922,,,66,
2011-11-22,2.534128,,,67,
2011-11-23,2.371716,,,68,
2011-11-24,2.415676,,,69,
2011-11-25,2.435786,,,70,
2011-11-26,2.43589,,,71,
2011-11-27,1.833783,,,72,
2011-11-28,1.828421,,,73,
2011-11-29,1.79002,,,74,
2011-11-30,1.872574,,,75,
2011-12-01,1.888569,,,76,
2011-12-02,1.93342,,,77,
2011-12-03,1.936962,,,78,
2011-12-04,1.921385,,,79,
2011-12-05,1.83038,,,80,
2011-12-06,1.830446,,,81,
2011-12-07,1.864469,,,82,
2011-12-08,1.859063,,,83,
2011-12-09,1.843421,,,84,
2011-12-10,1.846543,,,85,
2011-12-11,1.848236,,,86,
2011-12-12,1.860462,,,87,
2011-12-13,1.861955,,,88,
2011-12-14,1.503112,,,89,
2011-12-15,1.504291,,,90,
2011-12-16,1.371234,,,91,
2011-12-17,1.371041,,,92,
2011-12-18,1.200445,,,93,
2011-12-19,1.226338,,,94,
2011-12-20,1.325763,,,95,
2011-12-21,1.316905,,,96,
2011-12-22,1.267421,,,97,
2011-12-23,1.266224,,,98,
2011-12-24,1.176154,,,99,
2011-12-25,1.125063,,,100,
2011-12-26,1.124749,,,101,
2011-12-27,1.12676,,,102,
2011-12-28,1.110176,,,103,
2011-12-29,1.114758,,,104,
2011-12-30,1.026074,,,105,
2011-12-31,1.038095,,,106,
2012-01-01,0.965317,,,107,
2012-01-02,0.948042,,,108,
2012-01-03,0.955079,,,109,
2012-01-04,0.958631,,,110,
2012-01-05,1.101583,,,111,
2012-01-06,1.155884,,,112,
2012-01-07,1.20991,,,113,
2012-01-08,1.206864,,,114,
2012-01-09,1.276342,,,115,
2012-01-10,1.325515,,,116,
2012-01-11,1.328195,,,117,
2012-01-12,1.369657,,,118,
2012-01-13,1.359967,,,119,
2012-01-14,1.377537,,,120,
2012-01-15,1.423609,,,121,
2012-01-16,1.425331,,,122,
2012-01-17,1.575712,,,123,
2012-01-18,1.640098,,,124,
2012-01-19,1.635604,,,125,
2012-01-20,1.662385,,,126,
2012-01-21,1.653094,,,127,
2012-01-22,1.653679,,,128,
2012-01-23,1.664831,,,129,
2012-01-24,1.662216,,,130,
2012-01-25,1.671932,,,131,
2012-01-26,1.750839,,,132,
2012-01-27,1.762486,,,133,
2012-01-28,1.878115,,,134,
2012-01-29,1.899144,,,135,
2012-01-30,1.879807,,,136,
2012-01-31,1.866837,,,137,
2012-02-01,1.90032,,,138,
2012-02-02,1.903787,,,139,
2012-02-03,1.896585,,,140,
2012-02-04,1.801755,,,141,
2012-02-05,1.777707,,,142,
2012-02-06,1.717339,,,143,
2012-02-07,1.714549,,,144,
2012-02-08,1.681691,,,145,
2012-02-09,1.617904,,,146,
2012-02-10,1.617251,,,147,
2012-02-11,1.61438,,,148,
2012-02-12,1.617949,,,149,
2012-02-13,1.613298,,,150,
2012-02-14,1.644012,,,151,
2012-02-15,1.646974,,,152,
2012-02-16,1.553415,,,153,
2012-02-17,1.425586,,,154,
2012-02-18,1.395144,,,155,
2012-02-19,1.334037,,,156,
2012-02-20,1.337194,,,157,
2012-02-21,1.345259,,,158,
2012-02-22,1.341655,,,159,
2012-02-23,1.450578,,,160,
2012-02-24,1.455689,,,161,
2012-02-25,1.379726,,,162,
2012-02-26,1.35643,,,163,
2012-02-27,1.201634,,,164,
2012-02-28,1.135448,,,165,
2012-02-29,1.13738,,,166,
2012-03-01,1.12434,,,167,
2012-03-02,1.065534,,,168,
2012-03-03,1.035216,,,169,
2012-03-04,1.045601,,,170,
2012-03-05,1.049659,,,171,
2012-03-06,1.032601,,,172,
2012-03-07,1.03272,,,173,
2012-03-08,1.032757,,,174,
2012-03-09,1.025505,,,175,
2012-03-10,1.02536,,,176,
2012-03-11,1.027188,,,177,
2012-03-12,1.003016,,,178,
2012-03-13,1.020863,,,179,
2012-03-14,1.017468,,,180,
2012-03-15,0.825918,,,181,
2012-03-16,0.816181,,,182,
2012-03-17,0.805929,,,183,
2012-03-18,0.809587,,,184,
2012-03-19,0.786164,,,185,
2012-03-20,0.779528,,,186,
2012-03-21,0.786673,,,187,
2012-03-22,0.781749,,,188,
2012-03-23,0.786016,,,189,
2012-03-24,0.590804,,,190,
2012-03-25,0.600996,,,191,
2012-03-26,0.618809,,,192,
2012-03-27,0.624761,,,193,
2012-03-28,0.626841,,,194,
2012-03-29,0.619902,,,195,
2012-03-30,0.615384,,,196,
2012-03-31,0.615545,,,197,
2012-04-01,0.596463,,,198,
2012-04-02,0.594677,,,199,
2012-04-03,0.585357,,,200,
2012-04-04,0.557723,,,201,
2012-04-05,0.554926,,,202,
2012-04-06,0.553767,,,203,
2012-04-07,0.588953,,,204,
2012-04-08,0.588918,,,205,
2012-04-09,0.588812,,,206,
2012-04-10,0.58838,,,207,
2012-04-11,0.595341,,,208,
2012-04-12,0.553759,,,209,
2012-04-13,0.553691,,,210,
2012-04-14,0.547378,,,211,
2012-04-15,0.542507,,,212,
2012-04-16,0.530303,,,213,
2012-04-17,0.519882,,,214,
2012-04-18,0.444945,,,215,
2012-04-19,0.44429,,,216,
2012-04-20,0.45802,,,217,
2012-04-21,0.467159,,,218,
2012-04-22,0.458961,,,219,
2012-04-23,0.474796,,,220,
2012-04-24,0.418987,,,221,
2012-04-25,0.398158,,,222,
2012-04-26,0.408683,,,223,
2012-04-27,0.405822,,,224,
2012-04-28,0.411257,,,225,
2012-04-29,0.410305,,,226,
2012-04-30,0.414893,,,227,
2012-05-01,0.415452,,,228,
2012-05-02,0.406533,,,229,
2012-05-03,0.405716,,,230,
2012-05-04,0.40618,,,231,
2012-05-05,0.406703,,,232,
2012-05-06,0.407476,,,233,
2012-05-07,0.345439,,,234,
2012-05-08,0.344569,,,235,
2012-05-09,0.344349,,,236,
2012-05-10,0.360518,,,237,
2012-05-11,0.35456,,,238,
2012-05-12,0.355666,,,239,
2012-05-13,0.356329,,,240,
2012-05-14,0.355732,,,241,
2012-05-15,0.355362,,,242,
2012-05-16,0.36095,,,243,
2012-05-17,0.361271,,,244,
2012-05-18,0.340268,,,245,
2012-05-19,0.339745,,,246,
2012-05-20,0.293051,,,247,
2012-05-21,0.282587,,,248,
2012-05-22,0.280887,,,249,
2012-05-23,0.259583,,,250,
2012-05-24,0.254054,,,251,
2012-05-25,0.252092,1.03268,1.617469,252,Bajo
2012-05-26,0.225691,1.032601,1.617251,253,Bajo
2012-05-27,0.221925,1.028992,1.616294,254,Bajo
2012-05-28,0.200597,1.026816,1.615337,255,Bajo
2012-05-29,0.201938,1.026074,1.61438,256,Bajo
2012-05-30,0.193408,1.025694,1.614019,257,Bajo
2012-05-31,0.192468,1.025456,1.613659,258,Bajo
2012-06-01,0.185479,1.02536,1.613298,259,Bajo
2012-06-02,0.185253,1.022362,1.600769,260,Bajo
2012-06-03,0.183791,1.019731,1.58824,261,Bajo
2012-06-04,0.18294,1.017468,1.575712,262,Bajo
2012-06-05,0.204954,1.007833,1.568279,263,Bajo
2012-06-06,0.203866,0.99045,1.560847,264,Bajo
2012-06-07,0.212683,0.965317,1.553415,265,Bajo
2012-06-08,0.215819,0.96086,1.543323,266,Bajo
2012-06-09,0.203104,0.957447,1.533232,267,Bajo
2012-06-10,0.204514,0.955079,1.523141,268,Bajo
2012-06-11,0.20713,0.950388,1.523049,269,Bajo
2012-06-12,0.231949,0.907334,1.522957,270,Bajo
2012-06-13,0.241838,0.825918,1.522866,271,Bajo
2012-06-14,0.241783,0.819427,1.516674,272,Bajo
2012-06-15,0.364044,0.813983,1.510483,273,Bajo
2012-06-16,0.363134,0.809587,1.504291,274,Bajo
2012-06-17,0.392853,0.807148,1.503898,275,Bajo
2012-06-18,0.40419,0.799511,1.503505,276,Bajo
2012-06-19,0.448426,0.786673,1.503112,277,Bajo
2012-06-20,0.453363,0.786334,1.501875,278,Bajo
2012-06-21,0.449491,0.786115,1.500637,279,Bajo
2012-06-22,0.452932,0.786016,1.4994,280,Bajo
2012-06-23,0.464702,0.783172,1.490872,281,Bajo
2012-06-24,0.464676,0.781009,1.482345,282,Bajo
2012-06-25,0.475149,0.779528,1.473817,283,Bajo
2012-06-26,0.477911,0.677737,1.473817,284,Bajo
2012-06-27,0.477316,0.626148,1.473817,285,Bajo
2012-06-28,0.477886,0.624761,1.473817,286,Bajo
2012-06-29,0.478143,0.621522,1.471425,287,Bajo
2012-06-30,0.478497,0.619538,1.469032,288,Bajo
2012-07-01,0.484502,0.618809,1.46664,289,Bajo
2012-07-02,0.482594,0.616633,1.464373,290,Bajo
2012-07-03,0.496431,0.615491,1.462105,291,Bajo
2012-07-04,0.497046,0.615384,1.459838,292,Bajo
2012-07-05,0.495172,0.605792,1.458949,293,Bajo
2012-07-06,0.496028,0.599485,1.458061,294,Bajo
2012-07-07,0.499892,0.596463,1.457172,295,Bajo
2012-07-08,0.502059,0.595715,1.457172,296,Bajo
2012-07-09,0.497517,0.595119,1.457172,297,Bajo
2012-07-10,0.494444,0.594677,1.457172,298,Bajo
2012-07-11,0.493285,0.592095,1.456678,299,Bajo
2012-07-12,0.519356,0.590187,1.456183,300,Bajo
2012-07-13,0.516892,0.588953,1.455689,301,Bajo
2012-07-14,0.519143,0.58893,1.455047,302,Bajo
2012-07-15,0.440366,0.588883,1.454405,303,Bajo
2012-07-16,0.532865,0.588812,1.453763,304,Bajo
2012-07-17,0.513732,0.588524,1.452702,305,Bajo
2012-07-18,0.519138,0.587372,1.45164,306,Bajo
2012-07-19,0.503972,0.585357,1.450578,307,Bajo
2012-07-20,0.526013,0.566934,1.445733,308,Bajo
2012-07-21,0.533387,0.556791,1.440888,309,Bajo
2012-07-22,0.55478,0.554926,1.436042,310,Bajo
2012-07-23,0.545674,0.554829,1.435566,311,Bajo
2012-07-24,0.542764,0.554442,1.435089,312,Bajo
2012-07-25,0.530982,0.553767,1.434612,313,Bajo
2012-07-26,0.52899,0.553761,1.433139,314,Bajo
2012-07-27,0.528956,0.553736,1.431666,315,Bajo
2012-07-28,0.528297,0.553691,1.430193,316,Bajo
2012-07-29,0.537899,0.549483,1.430001,317,Bajo
2012-07-30,0.543776,0.54681,1.429809,318,Bajo
2012-07-31,0.541138,0.545674,1.429618,319,Bajo
2012-08-01,0.541561,0.544408,1.429041,320,Bajo
2012-08-02,0.604445,0.545041,1.428465,321,Normal
2012-08-03,0.604331,0.545674,1.427889,322,Normal
2012-08-04,0.622307,0.546242,1.42744,323,Normal
2012-08-05,0.619342,0.54681,1.426991,324,Normal
2012-08-06,0.617494,0.547378,1.426542,325,Normal
2012-08-07,0.617229,0.549483,1.426224,326,Normal
2012-08-08,0.615297,0.551587,1.425905,327,Normal
2012-08-09,0.617074,0.553691,1.425586,328,Normal
2012-08-10,0.618531,0.553714,1.425501,329,Normal
2012-08-11,0.596824,0.553736,1.425416,330,Normal
2012-08-12,0.595025,0.553759,1.425331,331,Normal
2012-08-13,0.595016,0.553761,1.424757,332,Normal
2012-08-14,0.595387,0.553764,1.424183,333,Normal
2012-08-15,0.553044,0.553759,1.423609,334,Bajo
2012-08-16,0.553516,0.553714,1.416109,335,Bajo
2012-08-17,0.613787,0.553736,1.408609,336,Normal
2012-08-18,0.679199,0.553759,1.401108,337,Normal
2012-08-19,1.447803,0.553761,1.416109,338,Elevado
2012-08-20,1.638998,0.553764,1.424183,339,Elevado
2012-08-21,1.632161,0.553767,1.425331,340,Elevado
2012-08-22,1.634276,0.554104,1.425501,341,Elevado
2012-08-23,1.634252,0.554442,1.425905,342,Elevado
2012-08-24,1.637418,0.55478,1.426542,343,Elevado
2012-08-25,1.637899,0.554829,1.42744,344,Elevado
2012-08-26,1.641458,0.554878,1.428465,345,Elevado
2012-08-27,1.647209,0.554926,1.429618,346,Elevado
2012-08-28,1.645188,0.555859,1.430001,347,Elevado
2012-08-29,1.64544,0.556791,1.431666,348,Elevado
2012-08-30,1.644148,0.557723,1.434612,349,Elevado
2012-08-31,1.653103,0.566934,1.435566,350,Elevado
2012-09-01,1.61762,0.576145,1.439963,351,Elevado
2012-09-02,1.616113,0.585357,1.447803,352,Elevado
2012-09-03,1.618819,0.586365,1.449653,353,Elevado
2012-09-04,1.618581,0.587372,1.45164,354,Elevado
2012-09-05,1.63163,0.58838,1.453763,355,Elevado
2012-09-06,1.631336,0.588524,1.455047,356,Elevado
2012-09-07,1.629535,0.588668,1.456183,357,Elevado
2012-09-08,1.629647,0.588812,1.457172,358,Elevado
2012-09-09,1.626353,0.588847,1.457172,359,Elevado
2012-09-10,1.626202,0.588883,1.458061,360,Elevado
2012-09-11,1.626089,0.588918,1.459838,361,Elevado
2012-09-12,1.621524,0.58893,1.464373,362,Elevado
2012-09-13,1.618563,0.588941,1.469032,363,Elevado
2012-09-14,1.604484,0.588953,1.473817,364,Elevado
2012-09-15,1.600509,0.58957,1.473817,365,Elevado
2012-09-16,1.583183,0.590187,1.482345,366,Elevado
2012-09-17,1.558305,0.590804,1.4994,367,Elevado
2012-09-18,0.862378,0.592095,1.490872,368,Normal
2012-09-19,0.438007,0.590187,1.482345,369,Bajo
2012-09-20,0.438802,0.588953,1.473817,370,Bajo
2012-09-21,0.429944,0.58893,1.473817,371,Bajo
2012-09-22,0.438671,0.588883,1.473817,372,Bajo
2012-09-23,0.426681,0.588812,1.473817,373,Bajo
2012-09-24,0.425587,0.588524,1.471425,374,Bajo
2012-09-25,0.417211,0.587372,1.469032,375,Bajo
2012-09-26,0.409363,0.585357,1.46664,376,Bajo
2012-09-27,0.405287,0.566934,1.464373,377,Bajo
2012-09-28,0.39616,0.556791,1.462105,378,Bajo
2012-09-29,0.392049,0.554926,1.459838,379,Bajo
2012-09-30,0.346829,0.554829,1.458949,380,Bajo
2012-10-01,0.33172,0.554442,1.458061,381,Bajo
2012-10-02,0.345072,0.553767,1.457172,382,Bajo
2012-10-03,0.333073,0.553761,1.457172,383,Bajo
2012-10-04,0.341341,0.553736,1.457172,384,Bajo
2012-10-05,0.285965,0.553691,1.457172,385,Bajo
2012-10-06,0.289585,0.553575,1.456678,386,Bajo
2012-10-07,0.358064,0.553359,1.456183,387,Bajo
2012-10-08,0.358743,0.553044,1.455689,388,Bajo
2012-10-09,0.373086,0.549267,1.455047,389,Bajo
2012-10-10,0.377497,0.54681,1.454405,390,Bajo
2012-10-11,0.381202,0.545674,1.453763,391,Bajo
2012-10-12,0.386116,0.544408,1.452702,392,Bajo
2012-10-13,0.384225,0.543439,1.45164,393,Bajo
2012-10-14,0.380482,0.542764,1.450578,394,Bajo
2012-10-15,0.380764,0.542593,1.449653,395,Bajo
2012-10-16,0.386901,0.542192,1.448728,396,Bajo
2012-10-17,0.386024,0.541561,1.447803,397,Bajo
2012-10-18,0.386309,0.541279,1.443883,398,Bajo
2012-10-19,0.367648,0.540059,1.439963,399,Bajo
2012-10-20,0.367911,0.537899,1.436042,400,Bajo
2012-10-21,0.375836,0.534891,1.435566,401,Bajo
2012-10-22,0.376128,0.533213,1.435089,402,Bajo
2012-10-23,0.377357,0.532865,1.434612,403,Bajo
2012-10-24,0.380141,0.53161,1.433139,404,Bajo
2012-10-25,0.462556,0.530756,1.431666,405,Bajo
2012-10-26,0.469617,0.530303,1.430193,406,Bajo
2012-10-27,0.498878,0.529427,1.430001,407,Bajo
2012-10-28,0.500693,0.528978,1.429809,408,Bajo
2012-10-29,0.510923,0.528956,1.429618,409,Bajo
2012-10-30,0.511134,0.528516,1.429041,410,Bajo
2012-10-31,0.516986,0.527535,1.428465,411,Bajo
2012-11-01,0.493398,0.526013,1.427889,412,Bajo
2012-11-02,0.486227,0.521925,1.42744,413,Bajo
2012-11-03,0.481344,0.519706,1.426991,414,Bajo
2012-11-04,0.481508,0.519356,1.426542,415,Bajo
2012-11-05,0.48557,0.519214,1.426224,416,Bajo
2012-11-06,0.448154,0.519141,1.425905,417,Bajo
2012-11-07,0.448747,0.519138,1.425586,418,Bajo
2012-11-08,0.432159,0.517704,1.425501,419,Bajo
2012-11-09,0.423489,0.516955,1.425416,420,Bajo
2012-11-10,0.422799,0.516892,1.425331,421,Bajo
2012-11-11,0.420794,0.514785,1.424757,422,Bajo
2012-11-12,0.421644,0.512866,1.424183,423,Bajo
2012-11-13,0.421683,0.511134,1.423609,424,Bajo
2012-11-14,0.422531,0.510993,1.416109,425,Bajo
2012-11-15,0.415003,0.508606,1.408609,426,Bajo
2012-11-16,0.436643,0.503972,1.401108,427,Bajo
2012-11-17,0.437735,0.502697,1.39912,428,Bajo
2012-11-18,0.436452,0.501604,1.397132,429,Bajo
2012-11-19,0.438117,0.500693,1.395144,430,Bajo
2012-11-20,0.429061,0.500159,1.390485,431,Bajo
2012-11-21,0.426121,0.499554,1.385826,432,Bajo
2012-11-22,0.429701,0.498878,1.381167,433,Bajo
2012-11-23,0.432333,0.49797,1.380687,434,Bajo
2012-11-24,0.323122,0.49736,1.380206,435,Bajo
2012-11-25,0.244687,0.497046,1.379726,436,Bajo
2012-11-26,0.215382,0.496636,1.379564,437,Bajo
2012-11-27,0.221469,0.496297,1.379403,438,Bajo
2012-11-28,0.211662,0.496028,1.379241,439,Bajo
2012-11-29,0.212949,0.495457,1.378673,440,Bajo
2012-11-30,0.207042,0.494929,1.378105,441,Bajo
2012-12-01,0.201191,0.494444,1.377537,442,Bajo
2012-12-02,0.186417,0.493747,1.376591,443,Bajo
2012-12-03,0.187868,0.493361,1.375646,444,Bajo
2012-12-04,0.187365,0.493285,1.3747,445,Bajo
2012-12-05,0.236228,0.48858,1.373544,446,Bajo
2012-12-06,0.236703,0.486008,1.372389,447,Bajo
2012-12-07,0.241263,0.48557,1.371234,448,Bajo
2012-12-08,0.241873,0.484858,1.371169,449,Bajo
2012-12-09,0.244132,0.483866,1.371105,450,Bajo
2012-12-10,0.244186,0.482594,1.371041,451,Bajo
2012-12-11,0.243512,0.48187,1.37058,452,Bajo
2012-12-12,0.243638,0.481453,1.370118,453,Bajo
2012-12-13,0.242935,0.481344,1.369657,454,Bajo
2012-12-14,0.244416,0.479446,1.369016,455,Bajo
2012-12-15,0.251179,0.478379,1.368374,456,Bajo
2012-12-16,0.231471,0.478143,1.367732,457,Bajo
2012-12-17,0.233487,0.477989,1.365144,458,Bajo
2012-12-18,0.233549,0.477903,1.362555,459,Bajo
2012-12-19,0.238701,0.477886,1.359967,460,Bajo
2012-12-20,0.239973,0.477506,1.358788,461,Bajo
2012-12-21,0.246117,0.476593,1.357609,462,Bajo
2012-12-22,0.241413,0.475149,1.35643,463,Bajo
2012-12-23,0.232052,0.474914,1.356329,464,Bajo
2012-12-24,0.231917,0.47307,1.356228,465,Bajo
2012-12-25,0.231844,0.469617,1.356128,466,Bajo
2012-12-26,0.229604,0.467978,1.352505,467,Bajo
2012-12-27,0.224604,0.46634,1.348882,468,Bajo
2012-12-28,0.222523,0.464702,1.345259,469,Bajo
2012-12-29,0.219785,0.464684,1.344058,470,Bajo
2012-12-30,0.219948,0.463969,1.342856,471,Bajo
2012-12-31,0.217403,0.462556,1.341655,472,Bajo
2013-01-01,0.217282,0.460159,1.341582,473,Bajo
2013-01-02,0.216469,0.458648,1.341509,474,Bajo
2013-01-03,0.217443,0.45802,1.341436,475,Bajo
2013-01-04,0.141474,0.454915,1.340022,476,Bajo
2013-01-05,0.124447,0.453219,1.338608,477,Bajo
2013-01-06,0.123033,0.452932,1.337194,478,Bajo
2013-01-07,0.123959,0.450638,1.336142,479,Bajo
2013-01-08,0.146057,0.449243,1.335089,480,Bajo
2013-01-09,0.147262,0.448747,1.334037,481,Bajo
2013-01-10,0.180055,0.448533,1.33264,482,Bajo
2013-01-11,0.177258,0.448335,1.331243,483,Bajo
2013-01-12,0.180037,0.448154,1.329845,484,Bajo
2013-01-13,0.1919,0.446015,1.32942,485,Bajo
2013-01-14,0.219958,0.444727,1.328995,486,Bajo
2013-01-15,0.217669,0.44429,1.32857,487,Bajo
2013-01-16,0.22744,0.441674,1.328445,488,Bajo
2013-01-17,0.289407,0.439845,1.32832,489,Bajo
2013-01-18,0.285893,0.438802,1.328195,490,Bajo
2013-01-19,0.290691,0.438714,1.327385,491,Bajo
2013-01-20,0.28502,0.438486,1.326574,492,Bajo
2013-01-21,0.349378,0.438117,1.325763,493,Bajo
2013-01-22,0.375178,0.438044,1.32568,494,Bajo
2013-01-23,0.375084,0.437916,1.325598,495,Bajo
2013-01-24,0.381388,0.437735,1.325515,496,Bajo
2013-01-25,0.378367,0.437007,1.3241,497,Bajo
2013-01-26,0.378803,0.436579,1.322686,498,Bajo
2013-01-27,0.376953,0.436452,1.321271,499,Bajo
2013-01-28,0.413421,0.433706,1.319816,500,Bajo
2013-01-29,0.419062,0.432275,1.31836,501,Bajo
2013-01-30,0.418506,0.432159,1.316905,502,Bajo
2013-01-31,0.435212,0.432217,1.315478,503,Normal
2013-02-01,0.432309,0.432259,1.31405,504,Normal
2013-02-02,0.455006,0.432309,1.312623,505,Normal
2013-02-03,0.453547,0.432317,1.312285,506,Normal
2013-02-04,0.452008,0.432325,1.311948,507,Normal
2013-02-05,0.449342,0.432333,1.311611,508,Normal
2013-02-06,0.447875,0.433292,1.311539,509,Normal
2013-02-07,0.453943,0.434252,1.311468,510,Normal
2013-02-08,0.455586,0.435212,1.311397,511,Normal
2013-02-09,0.456419,0.435625,1.310908,512,Normal
2013-02-10,0.452982,0.436038,1.310419,513,Normal
2013-02-11,0.444541,0.436452,1.309931,514,Normal
2013-02-12,0.449981,0.436516,1.298734,515,Normal
2013-02-13,0.467992,0.436579,1.287538,516,Normal
2013-02-14,0.529615,0.436643,1.276342,517,Normal
2013-02-15,0.544754,0.437007,1.273369,518,Normal
2013-02-16,0.530015,0.437371,1.270395,519,Normal
2013-02-17,0.546534,0.437735,1.267421,520,Normal
2013-02-18,0.540541,0.437826,1.267022,521,Normal
2013-02-19,0.59004,0.437916,1.266623,522,Normal
2013-02-20,0.56986,0.438007,1.266224,523,Normal
2013-02-21,0.56394,0.438044,1.252928,524,Normal
2013-02-22,0.563173,0.43808,1.239633,525,Normal
2013-02-23,0.577306,0.438117,1.226338,526,Normal
2013-02-24,0.5779,0.438302,1.220862,527,Normal
2013-02-25,0.574455,0.438486,1.215386,528,Normal
2013-02-26,0.572858,0.438671,1.20991,529,Normal
2013-02-27,0.555632,0.438714,1.208895,530,Normal
2013-02-28,0.580546,0.438758,1.207879,531,Normal
2013-03-01,0.579912,0.438802,1.206864,532,Normal
2013-03-02,0.577868,0.439323,1.20512,533,Normal
2013-03-03,0.573914,0.439845,1.203377,534,Normal
2013-03-04,0.571633,0.440366,1.201634,535,Normal
2013-03-05,0.650944,0.441674,1.201237,536,Normal
2013-03-06,0.647532,0.442982,1.200841,537,Normal
2013-03-07,0.660442,0.44429,1.200445,538,Normal
2013-03-08,0.665989,0.444373,1.192348,539,Normal
2013-03-09,0.670398,0.444457,1.184251,540,Normal
2013-03-10,0.684653,0.444541,1.176154,541,Normal
2013-03-11,0.698071,0.444676,1.169398,542,Normal
2013-03-12,0.776978,0.44481,1.162641,543,Normal
2013-03-13,0.780891,0.444945,1.155884,544,Normal
2013-03-14,0.771607,0.445922,1.149716,545,Normal
2013-03-15,0.762814,0.446898,1.143548,546,Normal
2013-03-16,0.722962,0.447875,1.13738,547,Normal
2013-03-17,0.713967,0.447968,1.136736,548,Normal
2013-03-18,0.731092,0.448061,1.136092,549,Normal
2013-03-19,0.875528,0.448154,1.135448,550,Normal
2013-03-20,0.886939,0.448245,1.132552,551,Normal
2013-03-21,0.9177,0.448335,1.129656,552,Normal
2013-03-22,0.943102,0.448426,1.12676,553,Normal
2013-03-23,1.025248,0.448533,1.126194,554,Normal
2013-03-24,1.051993,0.44864,1.125628,555,Normal
2013-03-25,1.040216,0.448747,1.125063,556,Normal
2013-03-26,1.041748,0.448945,1.124958,557,Normal
2013-03-27,1.076902,0.449144,1.124854,558,Normal
2013-03-28,1.087163,0.449342,1.124749,559,Normal
2013-03-29,1.084494,0.449392,1.124613,560,Normal
2013-03-30,1.078481,0.449442,1.124476,561,Normal
2013-03-31,1.078866,0.449491,1.12434,562,Normal
2013-04-01,1.080209,0.449654,1.121146,563,Normal
2013-04-02,1.096861,0.449818,1.117952,564,Normal
2013-04-03,1.151383,0.449981,1.12434,565,Elevado
2013-04-04,1.131728,0.450656,1.124613,566,Elevado
2013-04-05,1.132152,0.451332,1.124854,567,Elevado
2013-04-06,1.126716,0.452008,1.125063,568,Elevado
2013-04-07,1.197587,0.452316,1.126165,569,Elevado
2013-04-08,1.224763,0.452624,1.12673,570,Elevado
2013-04-09,1.329362,0.452932,1.12676,571,Elevado
2013-04-10,1.926411,0.452948,1.130072,572,Elevado
2013-04-11,3.105752,0.452965,1.131869,573,Elevado
2013-04-12,3.230327,0.452982,1.132152,574,Elevado
2013-04-13,3.311459,0.453109,1.134349,575,Elevado
2013-04-14,3.311921,0.453236,1.136092,576,Elevado
2013-04-15,3.407293,0.453363,1.13738,577,Elevado
2013-04-16,3.424604,0.453424,1.146715,578,Elevado
2013-04-17,3.545338,0.453485,1.152883,579,Elevado
2013-04-18,3.561813,0.453547,1.155884,580,Elevado
2013-04-19,3.561143,0.453679,1.169398,581,Elevado
2013-04-20,3.548968,0.453811,1.183299,582,Elevado
2013-04-21,3.556073,0.453943,1.197587,583,Elevado
2013-04-22,3.535521,0.454297,1.199493,584,Elevado
2013-04-23,3.538148,0.454652,1.200841,585,Elevado
2013-04-24,3.540835,0.455006,1.201634,586,Elevado
2013-04-25,3.546698,0.455199,1.20512,587,Elevado
2013-04-26,3.534849,0.455393,1.207879,588,Elevado
2013-04-27,3.544605,0.455586,1.20991,589,Elevado
2013-04-28,3.546888,0.455864,1.219812,590,Elevado
2013-04-29,3.5501,0.456141,1.225288,591,Elevado
2013-04-30,3.551116,0.456419,1.226338,592,Elevado
2013-05-01,3.603368,0.456952,1.252928,593,Elevado
2013-05-02,3.599142,0.457486,1.266623,594,Elevado
2013-05-03,3.570967,0.45802,1.267421,595,Elevado
2013-05-04,3.608036,0.458334,1.273369,596,Elevado
2013-05-05,3.605574,0.458648,1.287538,597,Elevado
2013-05-06,3.606813,0.458961,1.309931,598,Elevado
2013-05-07,3.557869,0.460159,1.310908,599,Elevado
2013-05-08,3.52987,0.461358,1.311468,600,Elevado
2013-05-09,3.434176,0.462556,1.311611,601,Elevado
2013-05-10,3.239105,0.463262,1.312285,602,Elevado
2013-05-11,2.224862,0.463969,1.31405,603,Elevado
2013-05-12,2.00867,0.464676,1.316905,604,Elevado
2013-05-13,1.897031,0.464684,1.319816,605,Elevado
2013-05-14,1.921632,0.464693,1.322686,606,Elevado
2013-05-15,1.760767,0.464702,1.325515,607,Elevado
2013-05-16,1.728188,0.465521,1.32568,608,Elevado
2013-05-17,1.44915,0.46634,1.326574,609,Elevado
2013-05-18,1.28544,0.467159,1.325763,610,Normal
2013-05-19,1.260929,0.467437,1.32568,611,Normal
2013-05-20,1.233362,0.467714,1.325598,612,Normal
2013-05-21,1.21436,0.467992,1.325515,613,Normal
2013-05-22,1.206498,0.468534,1.3241,614,Normal
2013-05-23,1.155409,0.469075,1.322686,615,Normal
2013-05-24,1.124615,0.469617,1.321271,616,Normal
2013-05-25,1.113544,0.471343,1.319816,617,Normal
2013-05-26,1.108566,0.47307,1.31836,618,Normal
2013-05-27,1.089455,0.474796,1.316905,619,Normal
2013-05-28,1.074562,0.474914,1.315478,620,Normal
2013-05-29,1.061258,0.475031,1.31405,621,Normal
2013-05-30,1.062147,0.475149,1.312623,622,Normal
2013-05-31,0.847607,0.475871,1.312285,623,Normal
2013-06-01,0.779855,0.476593,1.311948,624,Normal
2013-06-02,0.73231,0.477316,1.311611,625,Normal
2013-06-03,0.560282,0.477506,1.311539,626,Normal
2013-06-04,0.55482,0.477696,1.311468,627,Normal
2013-06-05,0.540519,0.477886,1.311397,628,Normal
2013-06-06,0.538111,0.477895,1.310908,629,Normal
2013-06-07,0.593918,0.477903,1.310419,630,Normal
2013-06-08,0.593739,0.477911,1.309931,631,Normal
2013-06-09,0.632463,0.477989,1.301767,632,Normal
2013-06-10,0.647488,0.478066,1.293604,633,Normal
2013-06-11,0.657576,0.478143,1.28544,634,Normal
2013-06-12,0.655537,0.478261,1.282408,635,Normal
2013-06-13,0.611509,0.478379,1.279375,636,Normal
2013-06-14,0.614898,0.478497,1.276342,637,Normal
2013-06-15,0.595997,0.479446,1.273369,638,Normal
2013-06-16,0.583683,0.480395,1.270395,639,Normal
2013-06-17,0.580664,0.481344,1.267421,640,Normal
2013-06-18,0.603908,0.481399,1.267022,641,Normal
2013-06-19,0.604812,0.481453,1.266623,642,Normal
2013-06-20,0.608027,0.481508,1.266224,643,Normal
2013-06-21,0.604577,0.48187,1.264459,644,Normal
2013-06-22,0.584463,0.482232,1.262694,645,Normal
2013-06-23,0.562574,0.482594,1.260929,646,Normal
2013-06-24,0.561335,0.48323,1.25174,647,Normal
2013-06-25,0.559994,0.483866,1.242551,648,Normal
2013-06-26,0.560481,0.484502,1.233362,649,Normal
2013-06-27,0.563196,0.484858,1.23102,650,Normal
2013-06-28,0.577186,0.485214,1.228679,651,Normal
2013-06-29,0.574593,0.48557,1.226338,652,Normal
2013-06-30,0.573548,0.485789,1.225813,653,Normal
2013-07-01,0.591111,0.486008,1.225288,654,Normal
2013-07-02,0.609187,0.486227,1.224763,655,Normal
2013-07-03,0.741217,0.48858,1.221295,656,Normal
2013-07-04,0.758083,0.490933,1.217827,657,Normal
2013-07-05,0.931141,0.493285,1.21436,658,Normal
2013-07-06,0.93192,0.493323,1.212876,659,Normal
2013-07-07,1.010875,0.493361,1.211393,660,Normal
2013-07-08,1.013044,0.493398,1.20991,661,Normal
2013-07-09,0.980573,0.493747,1.208895,662,Normal
2013-07-10,1.097569,0.494095,1.207879,663,Normal
2013-07-11,1.09174,0.494444,1.206864,664,Normal
2013-07-12,1.101174,0.494687,1.206742,665,Normal
2013-07-13,1.094922,0.494929,1.20662,666,Normal
2013-07-14,1.092156,0.495172,1.206498,667,Normal
2013-07-15,1.102684,0.495457,1.204876,668,Normal
2013-07-16,1.105355,0.495743,1.203255,669,Normal
2013-07-17,1.104933,0.496028,1.201634,670,Normal
2013-07-18,1.111497,0.496163,1.201237,671,Normal
2013-07-19,1.112923,0.496297,1.200841,672,Normal
2013-07-20,1.111552,0.496431,1.200445,673,Normal
2013-07-21,1.113045,0.496636,1.199493,674,Normal
2013-07-22,1.112186,0.496841,1.19854,675,Normal
2013-07-23,1.114208,0.497046,1.197587,676,Normal
2013-07-24,1.1165,0.497203,1.190443,677,Normal
2013-07-25,1.118497,0.49736,1.183299,678,Normal
2013-07-26,1.117677,0.497517,1.176154,679,Normal
2013-07-27,1.116545,0.49797,1.169398,680,Normal
2013-07-28,1.105844,0.498424,1.162641,681,Normal
2013-07-29,1.105193,0.498878,1.155884,682,Normal
2013-07-30,1.110704,0.499216,1.155726,683,Normal
2013-07-31,1.090087,0.499554,1.155567,684,Normal
2013-08-01,1.084952,0.499892,1.155409,685,Normal
2013-08-02,0.968253,0.500159,1.154067,686,Normal
2013-08-03,0.96519,0.500426,1.152725,687,Normal
2013-08-04,0.723696,0.500693,1.151383,688,Normal
2013-08-05,0.719744,0.501148,1.146715,689,Normal
2013-08-06,0.632453,0.501604,1.142048,690,Normal
2013-08-07,0.63466,0.502059,1.13738,691,Normal
2013-08-08,0.648616,0.502697,1.136736,692,Normal
2013-08-09,0.451122,0.501604,1.136092,693,Bajo
2013-08-10,0.451804,0.500693,1.135448,694,Bajo
2013-08-11,0.437196,0.500159,1.134349,695,Bajo
2013-08-12,0.435949,0.499554,1.13325,696,Bajo
2013-08-13,0.44047,0.498878,1.132152,697,Bajo
2013-08-14,0.419834,0.49797,1.132011,698,Bajo
2013-08-15,0.412181,0.49736,1.131869,699,Bajo
2013-08-16,0.411008,0.497046,1.131728,700,Bajo
2013-08-17,0.333755,0.496636,1.130072,701,Bajo
2013-08-18,0.333618,0.496297,1.128416,702,Bajo
2013-08-19,0.340501,0.496028,1.12676,703,Bajo
2013-08-20,0.34331,0.495457,1.126745,704,Bajo
2013-08-21,0.375093,0.494929,1.12673,705,Bajo
2013-08-22,0.38067,0.494444,1.126716,706,Bajo
2013-08-23,0.386211,0.493747,1.126165,707,Bajo
2013-08-24,0.384329,0.493361,1.125614,708,Bajo
2013-08-25,0.396224,0.493285,1.125063,709,Bajo
2013-08-26,0.389322,0.48858,1.124958,710,Bajo
2013-08-27,0.390198,0.486008,1.124854,711,Bajo
2013-08-28,0.390876,0.48557,1.124749,712,Bajo
2013-08-29,0.379763,0.484858,1.124704,713,Bajo
2013-08-30,0.410212,0.483866,1.124659,714,Bajo
2013-08-31,0.404029,0.482594,1.124615,715,Bajo
2013-09-01,0.400842,0.48187,1.124523,716,Bajo
2013-09-02,0.401179,0.481453,1.124432,717,Bajo
2013-09-03,0.405932,0.481344,1.12434,718,Bajo
2013-09-04,0.456612,0.479446,1.122392,719,Bajo
2013-09-05,0.456951,0.478379,1.120445,720,Bajo
2013-09-06,0.484433,0.478497,1.118497,721,Normal
2013-09-07,0.468493,0.478261,1.118224,722,Bajo
2013-09-08,0.4629,0.478066,1.11795,723,Bajo
2013-09-09,0.467623,0.477911,1.117677,724,Bajo
2013-09-10,0.467947,0.477895,1.1173,725,Bajo
2013-09-11,0.483672,0.477903,1.116922,726,Normal
2013-09-12,0.482876,0.477911,1.116545,727,Normal
2013-09-13,0.482872,0.477989,1.11653,728,Normal
2013-09-14,0.492669,0.478066,1.116515,729,Normal
2013-09-15,0.492175,0.478143,1.1165,730,Normal
2013-09-16,0.491599,0.478261,1.115919,731,Normal
2013-09-17,0.489814,0.478379,1.115339,732,Normal
2013-09-18,0.480623,0.478497,1.114758,733,Normal
2013-09-19,0.489145,0.479206,1.114575,734,Normal
2013-09-20,0.462792,0.478379,1.114392,735,Bajo
2013-09-21,0.4594,0.478143,1.114208,736,Bajo
2013-09-22,0.45539,0.477989,1.113987,737,Bajo
2013-09-23,0.455328,0.477903,1.113766,738,Bajo
2013-09-24,0.441305,0.477886,1.113544,739,Bajo
2013-09-25,0.439446,0.477506,1.113378,740,Bajo
2013-09-26,0.406177,0.476593,1.113212,741,Bajo
2013-09-27,0.409435,0.475149,1.113045,742,Bajo
2013-09-28,0.4098,0.474914,1.113004,743,Bajo
2013-09-29,0.36796,0.47307,1.112964,744,Bajo
2013-09-30,0.357947,0.469617,1.112923,745,Bajo
2013-10-01,0.351446,0.468867,1.112677,746,Bajo
2013-10-02,0.790671,0.469242,1.112432,747,Normal
2013-10-03,0.915176,0.469617,1.112186,748,Normal
2013-10-04,0.908471,0.471343,1.111975,749,Normal
2013-10-05,0.908669,0.47307,1.111763,750,Normal
2013-10-06,0.897828,0.474796,1.111552,751,Normal
2013-10-07,0.895937,0.474914,1.111534,752,Normal
2013-10-08,0.894534,0.475031,1.111515,753,Normal
2013-10-09,0.890749,0.475149,1.111497,754,Normal
2013-10-10,0.890968,0.475871,1.111233,755,Normal
2013-10-11,0.877736,0.476593,1.110968,756,Normal
2013-10-12,0.877248,0.477316,1.110704,757,Normal
2013-10-13,0.885973,0.477506,1.110528,758,Normal
2013-10-14,0.882692,0.477696,1.110352,759,Normal
2013-10-15,0.899714,0.477886,1.110176,760,Normal
2013-10-16,0.911135,0.477895,1.109639,761,Normal
2013-10-17,0.923113,0.477903,1.109103,762,Normal
2013-10-18,0.943469,0.477911,1.108566,763,Normal
2013-10-19,0.973688,0.477989,1.107659,764,Normal
2013-10-20,0.971313,0.478066,1.106752,765,Normal
2013-10-21,0.999428,0.478143,1.105844,766,Normal
2013-10-22,1.007428,0.478261,1.105681,767,Normal
2013-10-23,1.024537,0.478379,1.105518,768,Normal
2013-10-24,1.051281,0.478497,1.105355,769,Normal
2013-10-25,1.065514,0.479206,1.105301,770,Normal
2013-10-26,1.081022,0.479914,1.105247,771,Normal
2013-10-27,1.104697,0.480623,1.105193,772,Normal
2013-10-28,1.102927,0.480863,1.105107,773,Normal
2013-10-29,1.105701,0.481103,1.105247,774,Elevado
2013-10-30,1.117811,0.481344,1.105355,775,Elevado
2013-10-31,1.11876,0.481399,1.105586,776,Elevado
2013-11-01,0.797162,0.481453,1.105471,777,Normal
2013-11-02,0.706614,0.481508,1.105355,778,Normal
2013-11-03,0.7042,0.48187,1.105301,779,Normal
2013-11-04,0.727594,0.482232,1.105247,780,Normal
2013-11-05,0.745063,0.482594,1.105193,781,Normal
2013-11-06,0.769413,0.482686,1.105107,782,Normal
2013-11-07,0.808669,0.482779,1.10502,783,Normal
2013-11-08,0.891999,0.482872,1.104933,784,Normal
2013-11-09,0.888258,0.482873,1.104854,785,Normal
2013-11-10,0.935232,0.482875,1.104776,786,Normal
2013-11-11,0.936582,0.482876,1.104697,787,Normal
2013-11-12,0.93647,0.483141,1.104107,788,Normal
2013-11-13,0.966438,0.483407,1.103517,789,Normal
2013-11-14,0.967746,0.483672,1.102927,790,Normal
2013-11-15,0.947684,0.483926,1.102846,791,Normal
2013-11-16,0.949005,0.484179,1.102765,792,Normal
2013-11-17,0.96664,0.484433,1.102684,793,Normal
2013-11-18,1.418303,0.484456,1.102846,794,Elevado
2013-11-19,1.694651,0.484479,1.103517,795,Elevado
2013-11-20,1.708093,0.484502,1.104697,796,Elevado
2013-11-21,1.780233,0.484858,1.104854,797,Elevado
2013-11-22,1.78796,0.485214,1.10502,798,Elevado
2013-11-23,1.754175,0.48557,1.105193,799,Elevado
2013-11-24,1.752645,0.485789,1.105301,800,Elevado
2013-11-25,1.727377,0.486008,1.105471,801,Elevado
2013-11-26,1.739059,0.486227,1.105701,802,Elevado
2013-11-27,1.733569,0.4872,1.105797,803,Elevado
2013-11-28,1.733008,0.488172,1.106752,804,Elevado
2013-11-29,1.713746,0.489145,1.108566,805,Elevado
2013-11-30,1.728165,0.489368,1.109639,806,Elevado
2013-12-01,1.873976,0.489591,1.110352,807,Elevado
2013-12-02,1.873867,0.489814,1.110704,808,Elevado
2013-12-03,1.878373,0.490409,1.111233,809,Elevado
2013-12-04,1.87748,0.491004,1.111515,810,Elevado
2013-12-05,1.951575,0.491599,1.111552,811,Elevado
2013-12-06,2.171573,0.491791,1.111975,812,Elevado
2013-12-07,2.266603,0.491983,1.112432,813,Elevado
2013-12-08,2.26024,0.492175,1.112923,814,Elevado
2013-12-09,2.289711,0.49234,1.113004,815,Elevado
2013-12-10,2.274431,0.492504,1.113212,816,Elevado
2013-12-11,2.327391,0.492669,1.113544,817,Elevado
2013-12-12,2.331612,0.492874,1.113987,818,Elevado
2013-12-13,2.316921,0.49308,1.114392,819,Elevado
2013-12-14,2.325855,0.493285,1.114758,820,Elevado
2013-12-15,2.322652,0.493323,1.115919,821,Elevado
2013-12-16,2.472401,0.493361,1.116515,822,Elevado
2013-12-17,2.459703,0.493398,1.116545,823,Elevado
2013-12-18,2.341571,0.493747,1.1173,824,Elevado
2013-12-19,2.412872,0.494095,1.117722,825,Elevado
2013-12-20,2.420933,0.494444,1.117811,826,Elevado
2013-12-21,2.329701,0.494687,1.118268,827,Elevado
2013-12-22,2.302482,0.494929,1.118585,828,Elevado
2013-12-23,2.310808,0.495172,1.11876,829,Elevado
2013-12-24,2.308667,0.495457,1.12248,830,Elevado
2013-12-25,2.312105,0.495743,1.124432,831,Elevado
2013-12-26,2.301079,0.496028,1.124615,832,Elevado
2013-12-27,2.29356,0.496163,1.124704,833,Elevado
2013-12-28,2.283599,0.496297,1.124854,834,Elevado
2013-12-29,2.243385,0.496431,1.125063,835,Elevado
2013-12-30,2.245244,0.496636,1.126165,836,Elevado
2013-12-31,2.183465,0.496841,1.12673,837,Elevado
2014-01-01,2.157919,0.497046,1.12676,838,Elevado
2014-01-02,2.163862,0.497203,1.130072,839,Elevado
2014-01-03,2.149915,0.49736,1.131869,840,Elevado
2014-01-04,2.12856,0.497517,1.132152,841,Elevado
2014-01-05,1.996618,0.49797,1.134349,842,Elevado
2014-01-06,1.90579,0.498424,1.136092,843,Elevado
2014-01-07,1.943405,0.498878,1.13738,844,Elevado
2014-01-08,1.891061,0.499216,1.146715,845,Elevado
2014-01-09,1.86474,0.499554,1.152725,846,Elevado
2014-01-10,1.832069,0.499892,1.155409,847,Elevado
2014-01-11,1.840478,0.500159,1.155726,848,Elevado
2014-01-12,1.851773,0.500426,1.162641,849,Elevado
2014-01-13,1.848493,0.500693,1.176154,850,Elevado
2014-01-14,1.847942,0.501148,1.190443,851,Elevado
2014-01-15,1.672174,0.501604,1.19854,852,Elevado
2014-01-16,1.67399,0.502059,1.200445,853,Elevado
2014-01-17,1.379586,0.502697,1.201237,854,Elevado
2014-01-18,1.00764,0.503335,1.200841,855,Normal
2014-01-19,0.912825,0.503972,1.200445,856,Normal
2014-01-20,0.910281,0.506289,1.199493,857,Normal
2014-01-21,0.908804,0.508606,1.19854,858,Normal
2014-01-22,0.887126,0.510923,1.197587,859,Normal
2014-01-23,0.888266,0.510993,1.190443,860,Normal
2014-01-24,0.895549,0.511064,1.183299,861,Normal
2014-01-25,0.841029,0.511134,1.176154,862,Normal
2014-01-26,0.830104,0.512,1.169398,863,Normal
2014-01-27,0.879967,0.512866,1.162641,864,Normal
2014-01-28,0.89235,0.513732,1.155884,865,Normal
2014-01-29,0.891969,0.514785,1.155726,866,Normal
2014-01-30,0.891556,0.515839,1.155567,867,Normal
2014-01-31,0.885898,0.516892,1.155409,868,Normal
2014-02-01,0.877292,0.516924,1.154067,869,Normal
2014-02-02,0.870421,0.516955,1.152725,870,Normal
2014-02-03,0.866687,0.516986,1.151383,871,Normal
2014-02-04,0.805354,0.517704,1.146715,872,Normal
2014-02-05,0.805709,0.518421,1.142048,873,Normal
2014-02-06,0.594301,0.519138,1.13738,874,Normal
2014-02-07,0.629164,0.519139,1.136736,875,Normal
2014-02-08,0.637333,0.519141,1.136092,876,Normal
2014-02-09,0.624201,0.519143,1.135448,877,Normal
2014-02-10,0.58973,0.519214,1.134349,878,Normal
2014-02-11,0.561084,0.519285,1.13325,879,Normal
2014-02-12,0.565884,0.519356,1.132152,880,Normal
2014-02-13,0.614301,0.519531,1.132011,881,Normal
2014-02-14,0.716038,0.519706,1.131869,882,Normal
2014-02-15,0.71195,0.519882,1.131728,883,Normal
2014-02-16,0.729464,0.521925,1.130072,884,Normal
2014-02-17,0.731392,0.523969,1.128416,885,Normal
2014-02-18,0.711448,0.526013,1.12676,886,Normal
2014-02-19,0.710664,0.526774,1.126745,887,Normal
2014-02-20,0.781579,0.527535,1.12673,888,Normal
2014-02-21,0.798379,0.528297,1.126716,889,Normal
2014-02-22,0.826255,0.528516,1.126165,890,Normal
2014-02-23,0.819163,0.528736,1.125614,891,Normal
2014-02-24,0.908625,0.528956,1.125063,892,Normal
2014-02-25,0.905905,0.528967,1.124958,893,Normal
2014-02-26,0.94284,0.528978,1.124854,894,Normal
2014-02-27,0.921846,0.52899,1.124749,895,Normal
2014-02-28,0.932403,0.529198,1.124704,896,Normal
2014-03-01,0.94053,0.529407,1.124659,897,Normal
2014-03-02,0.939549,0.529615,1.124615,898,Normal
2014-03-03,1.15078,0.529748,1.124704,899,Elevado
2014-03-04,1.150398,0.529881,1.124854,900,Elevado
2014-03-05,1.150401,0.530015,1.125063,901,Elevado
2014-03-06,1.150566,0.530111,1.126165,902,Elevado
2014-03-07,1.162066,0.530207,1.12673,903,Elevado
2014-03-08,1.161527,0.530303,1.12676,904,Elevado
2014-03-09,1.137963,0.530529,1.130072,905,Elevado
2014-03-10,1.133171,0.530756,1.131869,906,Elevado
2014-03-11,1.132538,0.530982,1.132152,907,Elevado
2014-03-12,1.132765,0.53161,1.132409,908,Elevado
2014-03-13,1.132021,0.532237,1.13228,909,Normal
2014-03-14,1.127096,0.532865,1.132152,910,Normal
2014-03-15,1.094468,0.533039,1.132108,911,Normal
2014-03-16,1.032983,0.533213,1.132064,912,Normal
2014-03-17,1.033502,0.533387,1.132021,913,Normal
2014-03-18,1.017126,0.534891,1.131923,914,Normal
2014-03-19,1.014388,0.536395,1.131826,915,Normal
2014-03-20,1.022494,0.537899,1.131728,916,Normal
2014-03-21,1.027327,0.53797,1.130184,917,Normal
2014-03-22,0.961889,0.538041,1.12864,918,Normal
2014-03-23,0.954366,0.538111,1.127096,919,Normal
2014-03-24,0.950594,0.538914,1.126984,920,Normal
2014-03-25,0.950631,0.539716,1.126872,921,Normal
2014-03-26,0.829313,0.540519,1.12676,922,Normal
2014-03-27,1.095286,0.540526,1.126745,923,Normal
2014-03-28,1.064339,0.540534,1.12673,924,Normal
2014-03-29,1.065614,0.540541,1.126716,925,Normal
2014-03-30,1.07366,0.54074,1.126165,926,Normal
2014-03-31,1.066752,0.540939,1.125614,927,Normal
2014-04-01,1.086452,0.541138,1.125063,928,Normal
2014-04-02,0.895736,0.541279,1.124958,929,Normal
2014-04-03,0.9071,0.54142,1.124854,930,Normal
2014-04-04,0.908304,0.541561,1.124749,931,Normal
2014-04-05,0.9184,0.541876,1.124704,932,Normal
2014-04-06,0.904781,0.542192,1.124659,933,Normal
2014-04-07,0.904763,0.542507,1.124615,934,Normal
2014-04-08,0.896436,0.542593,1.124523,935,Normal
2014-04-09,0.897813,0.542678,1.124432,936,Normal
2014-04-10,1.101108,0.542764,1.12434,937,Normal
2014-04-11,1.251048,0.543101,1.124523,938,Elevado
2014-04-12,1.249427,0.543439,1.124659,939,Elevado
2014-04-13,1.249436,0.543776,1.124749,940,Elevado
2014-04-14,1.30528,0.544102,1.124958,941,Elevado
2014-04-15,1.392183,0.544428,1.125614,942,Elevado
2014-04-16,1.393407,0.544754,1.126716,943,Elevado
2014-04-17,1.405259,0.545061,1.126745,944,Elevado
2014-04-18,1.408423,0.545367,1.126872,945,Elevado
2014-04-19,1.414248,0.545674,1.127096,946,Elevado
2014-04-20,1.411202,0.54596,1.130184,947,Elevado
2014-04-21,1.411155,0.546247,1.131826,948,Elevado
2014-04-22,1.41149,0.546534,1.132021,949,Elevado
2014-04-23,1.401237,0.546815,1.132108,950,Elevado
2014-04-24,1.404245,0.547097,1.13228,951,Elevado
2014-04-25,1.424505,0.547378,1.132538,952,Elevado
2014-04-26,1.239927,0.549267,1.13269,953,Elevado
2014-04-27,1.242162,0.551156,1.1329,954,Elevado
2014-04-28,1.246704,0.553044,1.133171,955,Elevado
2014-04-29,1.22612,0.553202,1.134689,956,Elevado
2014-04-30,1.225572,0.553359,1.136092,957,Elevado
2014-05-01,1.215209,0.553516,1.13738,958,Elevado
2014-05-02,1.176327,0.553575,1.137769,959,Elevado
2014-05-03,1.178939,0.553633,1.142108,960,Elevado
2014-05-04,1.178879,0.553691,1.150398,961,Elevado
2014-05-05,1.174841,0.553714,1.1504,962,Elevado
2014-05-06,1.17389,0.553736,1.150456,963,Elevado
2014-05-07,1.176459,0.553759,1.150566,964,Elevado
2014-05-08,1.175325,0.553761,1.150709,965,Elevado
2014-05-09,1.177503,0.553764,1.150981,966,Elevado
2014-05-10,0.939631,0.553767,1.15078,967,Normal
2014-05-11,0.790822,0.554104,1.150709,968,Normal
2014-05-12,0.790966,0.554442,1.150638,969,Normal
2014-05-13,0.788903,0.55478,1.150566,970,Normal
2014-05-14,0.713405,0.554794,1.150511,971,Normal
2014-05-15,0.541845,0.554442,1.150456,972,Bajo
2014-05-16,0.536728,0.553767,1.150401,973,Bajo
2014-05-17,0.503001,0.553761,1.1504,974,Bajo
2014-05-18,0.490506,0.553736,1.150399,975,Bajo
2014-05-19,0.464144,0.553691,1.150398,976,Bajo
2014-05-20,0.5613,0.553714,1.146253,977,Normal
2014-05-21,0.562144,0.553736,1.142108,978,Normal
2014-05-22,0.611066,0.553759,1.137963,979,Normal
2014-05-23,0.613096,0.553761,1.137769,980,Normal
2014-05-24,0.610027,0.553764,1.137574,981,Normal
2014-05-25,0.61039,0.553767,1.13738,982,Normal
2014-05-26,0.60502,0.554104,1.136736,983,Normal
2014-05-27,0.552062,0.553764,1.136092,984,Bajo
2014-05-28,0.547593,0.553759,1.135448,985,Bajo
2014-05-29,0.553535,0.553714,1.134689,986,Bajo
2014-05-30,0.609109,0.553736,1.13393,987,Normal
2014-05-31,0.606431,0.553759,1.133171,988,Normal
2014-06-01,0.600363,0.553761,1.133035,989,Normal
2014-06-02,0.589596,0.553764,1.1329,990,Normal
2014-06-03,0.586825,0.553767,1.132765,991,Normal
2014-06-04,0.61625,0.554104,1.13269,992,Normal
2014-06-05,0.613089,0.554442,1.132614,993,Normal
2014-06-06,0.623985,0.55478,1.132538,994,Normal
2014-06-07,0.620581,0.554794,1.132409,995,Normal
2014-06-08,0.617917,0.554807,1.13228,996,Normal
2014-06-09,0.624554,0.55482,1.132152,997,Normal
2014-06-10,0.603843,0.554856,1.132108,998,Normal
2014-06-11,0.635626,0.554891,1.132064,999,Normal
2014-06-12,0.719122,0.554926,1.132021,1000,Normal
2014-06-13,0.726803,0.555161,1.131923,1001,Normal
2014-06-14,0.749737,0.555396,1.131826,1002,Normal
2014-06-15,0.756734,0.555632,1.131728,1003,Normal
2014-06-16,0.757678,0.556329,1.130184,1004,Normal
2014-06-17,0.760452,0.557026,1.12864,1005,Normal
2014-06-18,0.760766,0.557723,1.127096,1006,Normal
2014-06-19,0.716365,0.55848,1.126984,1007,Normal
2014-06-20,0.718261,0.559237,1.126872,1008,Normal
2014-06-21,0.679476,0.559994,1.12676,1009,Normal
2014-06-22,0.678272,0.56009,1.126745,1010,Normal
2014-06-23,0.683585,0.560186,1.12673,1011,Normal
2014-06-24,0.628872,0.560282,1.126716,1012,Normal
2014-06-25,0.631145,0.560349,1.126165,1013,Normal
2014-06-26,0.64074,0.560415,1.125614,1014,Normal
2014-06-27,0.649794,0.560481,1.125063,1015,Normal
2014-06-28,0.650833,0.560682,1.124958,1016,Normal
2014-06-29,0.586133,0.560883,1.124854,1017,Normal
2014-06-30,0.630841,0.561084,1.124749,1018,Normal
2014-07-01,0.630887,0.561156,1.124704,1019,Normal
2014-07-02,0.612329,0.561228,1.124659,1020,Normal
2014-07-03,0.610609,0.5613,1.124615,1021,Normal
2014-07-04,0.597171,0.561312,1.124523,1022,Normal
2014-07-05,0.585513,0.561323,1.124432,1023,Normal
2014-07-06,0.580966,0.561335,1.12434,1024,Normal
2014-07-07,0.579578,0.561604,1.12248,1025,Normal
2014-07-08,0.579725,0.561874,1.12062,1026,Normal
2014-07-09,0.578071,0.562144,1.11876,1027,Normal
2014-07-10,0.578545,0.562287,1.118672,1028,Normal
2014-07-11,0.56701,0.562431,1.118585,1029,Normal
2014-07-12,0.471615,0.562144,1.118497,1030,Bajo
2014-07-13,0.456355,0.561604,1.118268,1031,Bajo
2014-07-14,0.430339,0.561323,1.11804,1032,Bajo
2014-07-15,0.411428,0.5613,1.117811,1033,Bajo
2014-07-16,0.413135,0.561156,1.117766,1034,Bajo
2014-07-17,0.398546,0.560883,1.117722,1035,Bajo
2014-07-18,0.402302,0.560481,1.117677,1036,Bajo
2014-07-19,0.393959,0.560349,1.1173,1037,Bajo
2014-07-20,0.392316,0.560186,1.116922,1038,Bajo
2014-07-21,0.393338,0.559994,1.116545,1039,Bajo
2014-07-22,0.391442,0.55848,1.11653,1040,Bajo
2014-07-23,0.383884,0.557026,1.116515,1041,Bajo
2014-07-24,0.38869,0.555632,1.1165,1042,Bajo
2014-07-25,0.379553,0.555161,1.115919,1043,Bajo
2014-07-26,0.364277,0.554891,1.115339,1044,Bajo
2014-07-27,0.345974,0.55482,1.114758,1045,Bajo
2014-07-28,0.341239,0.554794,1.114575,1046,Bajo
2014-07-29,0.335318,0.554442,1.114392,1047,Bajo
2014-07-30,0.262274,0.553767,1.114208,1048,Bajo
2014-07-31,0.290849,0.553761,1.113987,1049,Bajo
2014-08-01,0.30017,0.553736,1.113766,1050,Bajo
2014-08-02,0.302628,0.553691,1.113544,1051,Bajo
2014-08-03,0.290416,0.553587,1.113378,1052,Bajo
2014-08-04,0.290151,0.553529,1.113212,1053,Bajo
2014-08-05,0.291671,0.553516,1.113045,1054,Bajo
2014-08-06,0.289064,0.553202,1.113004,1055,Bajo
2014-08-07,0.290734,0.552717,1.112964,1056,Bajo
2014-08-08,0.291404,0.552062,1.112923,1057,Bajo
2014-08-09,0.290549,0.549083,1.112677,1058,Bajo
2014-08-10,0.270149,0.547522,1.112432,1059,Bajo
2014-08-11,0.284327,0.547378,1.112186,1060,Bajo
2014-08-12,0.284856,0.546815,1.111975,1061,Bajo
2014-08-13,0.299077,0.546247,1.111763,1062,Bajo
2014-08-14,0.391824,0.545674,1.111552,1063,Bajo
2014-08-15,0.392842,0.545061,1.111534,1064,Bajo
2014-08-16,0.426147,0.544428,1.111515,1065,Bajo
2014-08-17,0.444078,0.543776,1.111497,1066,Bajo
2014-08-18,0.461847,0.543101,1.111233,1067,Bajo
2014-08-19,0.486314,0.542678,1.110968,1068,Bajo
2014-08-20,0.524776,0.542507,1.110704,1069,Bajo
2014-08-21,0.526374,0.542066,1.110528,1070,Bajo
2014-08-22,0.525166,0.54175,1.110352,1071,Bajo
2014-08-23,0.527266,0.541561,1.110176,1072,Bajo
2014-08-24,0.535527,0.541279,1.109639,1073,Bajo
2014-08-25,0.535233,0.540939,1.109103,1074,Bajo
2014-08-26,0.540435,0.540541,1.108566,1075,Bajo
2014-08-27,0.540587,0.540557,1.107659,1076,Normal
2014-08-28,0.540967,0.540572,1.106752,1077,Normal
2014-08-29,0.528434,0.540541,1.105844,1078,Bajo
2014-08-30,0.51472,0.540526,1.105797,1079,Bajo
2014-08-31,0.518857,0.540491,1.105749,1080,Bajo
2014-09-01,0.518286,0.540435,1.105701,1081,Bajo
2014-09-02,0.518457,0.538886,1.105586,1082,Bajo
2014-09-03,0.518724,0.538041,1.105471,1083,Bajo
2014-09-04,0.531155,0.537899,1.105355,1084,Bajo
2014-09-05,0.533172,0.537118,1.105301,1085,Bajo
2014-09-06,0.532089,0.536328,1.105247,1086,Bajo
2014-09-07,0.530821,0.535527,1.105193,1087,Bajo
2014-09-08,0.530903,0.535331,1.105107,1088,Bajo
2014-09-09,0.532801,0.534618,1.10502,1089,Bajo
2014-09-10,0.52917,0.533387,1.104933,1090,Bajo
2014-09-11,0.528877,0.533244,1.104854,1091,Bajo
2014-09-12,0.52039,0.533069,1.104776,1092,Bajo
2014-09-13,0.451152,0.532865,1.104697,1093,Bajo
2014-09-14,0.448764,0.532822,1.104107,1094,Bajo
2014-09-15,0.420788,0.532563,1.103517,1095,Bajo
2014-09-16,0.390112,0.532089,1.102927,1096,Bajo
2014-09-17,0.36653,0.531466,1.102846,1097,Bajo
2014-09-18,0.399174,0.531098,1.102765,1098,Bajo
2014-09-19,0.415535,0.530982,1.102684,1099,Bajo
2014-09-20,0.436845,0.53093,1.102317,1100,Bajo
2014-09-21,0.439889,0.530876,1.10195,1101,Bajo
2014-09-22,0.430506,0.530821,1.101583,1102,Bajo
2014-09-23,0.546507,0.530849,1.101447,1103,Normal
2014-09-24,0.556787,0.530876,1.10131,1104,Normal
2014-09-25,0.560382,0.530903,1.101174,1105,Normal
2014-09-26,0.5601,0.53093,1.101152,1106,Normal
2014-09-27,0.560069,0.530956,1.10113,1107,Normal
2014-09-28,0.595506,0.530982,1.101108,1108,Normal
2014-09-29,0.595519,0.53104,1.099928,1109,Normal
2014-09-30,0.610422,0.531098,1.098748,1110,Normal
2014-10-01,0.611223,0.531155,1.097569,1111,Normal
2014-10-02,0.614526,0.531466,1.097333,1112,Normal
2014-10-03,0.625955,0.531778,1.097097,1113,Normal
2014-10-04,0.679953,0.532089,1.096861,1114,Normal
2014-10-05,0.679711,0.532326,1.096336,1115,Normal
2014-10-06,0.684382,0.532563,1.095811,1116,Normal
2014-10-07,0.693009,0.532801,1.095286,1117,Normal
2014-10-08,0.737265,0.532822,1.095164,1118,Normal
2014-10-09,0.742786,0.532843,1.095043,1119,Normal
2014-10-10,0.740587,0.532865,1.094922,1120,Normal
2014-10-11,0.74135,0.532967,1.09477,1121,Normal
2014-10-12,0.7636,0.533069,1.094619,1122,Normal
2014-10-13,0.778264,0.533172,1.094468,1123,Normal
2014-10-14,0.787072,0.533244,1.093697,1124,Normal
2014-10-15,0.788862,0.533316,1.092927,1125,Normal
2014-10-16,0.791634,0.533387,1.092156,1126,Normal
2014-10-17,0.789823,0.534003,1.092017,1127,Normal
2014-10-18,0.766882,0.534618,1.091879,1128,Normal
2014-10-19,0.726764,0.535233,1.09174,1129,Normal
2014-10-20,0.718884,0.535331,1.091189,1130,Normal
2014-10-21,0.716657,0.535429,1.090638,1131,Normal
2014-10-22,0.717224,0.535527,1.090087,1132,Normal
2014-10-23,0.66789,0.535927,1.089876,1133,Normal
2014-10-24,0.660912,0.536328,1.089666,1134,Normal
2014-10-25,0.657266,0.536728,1.089455,1135,Normal
2014-10-26,0.6618,0.537118,1.088691,1136,Normal
2014-10-27,0.662801,0.537509,1.087927,1137,Normal
2014-10-28,0.626798,0.537899,1.087163,1138,Normal
2014-10-29,0.660552,0.53797,1.086926,1139,Normal
2014-10-30,0.649842,0.538041,1.086689,1140,Normal
2014-10-31,0.652206,0.538111,1.086452,1141,Normal
2014-11-01,0.659589,0.538886,1.085952,1142,Normal
2014-11-02,0.64469,0.53966,1.085452,1143,Normal
2014-11-03,0.553453,0.540435,1.084952,1144,Normal
2014-11-04,0.55487,0.540463,1.084799,1145,Normal
2014-11-05,0.558706,0.540491,1.084647,1146,Normal
2014-11-06,0.567098,0.540519,1.084494,1147,Normal
2014-11-07,0.530994,0.540463,1.083336,1148,Bajo
2014-11-08,0.525243,0.53966,1.082179,1149,Bajo
2014-11-09,0.559971,0.540435,1.081022,1150,Normal
2014-11-10,0.560084,0.540463,1.080751,1151,Normal
2014-11-11,0.539795,0.540222,1.08048,1152,Bajo
2014-11-12,0.721016,0.540435,1.080209,1153,Normal
2014-11-13,0.717666,0.540463,1.079761,1154,Normal
2014-11-14,0.736425,0.540491,1.079313,1155,Normal
2014-11-15,0.759659,0.540519,1.078866,1156,Normal
2014-11-16,0.768953,0.540526,1.078737,1157,Normal
2014-11-17,0.766637,0.540534,1.078609,1158,Normal
2014-11-18,0.775067,0.540541,1.078481,1159,Normal
2014-11-19,0.774145,0.540557,1.077955,1160,Normal
2014-11-20,0.80142,0.540572,1.077428,1161,Normal
2014-11-21,0.802188,0.540587,1.076902,1162,Normal
2014-11-22,0.767994,0.540714,1.076122,1163,Normal
2014-11-23,0.780085,0.540841,1.075342,1164,Normal
2014-11-24,0.776568,0.540967,1.074562,1165,Normal
2014-11-25,0.774461,0.541024,1.074262,1166,Normal
2014-11-26,0.777574,0.541081,1.073961,1167,Normal
2014-11-27,0.774931,0.541138,1.07366,1168,Normal
2014-11-28,0.743142,0.541279,1.071357,1169,Normal
2014-11-29,0.737194,0.54142,1.069055,1170,Normal
2014-11-30,0.730948,0.541561,1.066752,1171,Normal
2014-12-01,0.714044,0.541656,1.066373,1172,Normal
2014-12-02,0.713783,0.54175,1.065994,1173,Normal
2014-12-03,0.716043,0.541845,1.065614,1174,Normal
2014-12-04,0.718934,0.542066,1.065587,1175,Normal
2014-12-05,0.717049,0.542286,1.065561,1176,Normal
2014-12-06,0.709104,0.542507,1.065534,1177,Normal
2014-12-07,0.703582,0.542593,1.065527,1178,Normal
2014-12-08,0.721515,0.542678,1.06552,1179,Normal
2014-12-09,0.701353,0.542764,1.065514,1180,Normal
2014-12-10,0.703911,0.543101,1.065122,1181,Normal
2014-12-11,0.70372,0.543439,1.06473,1182,Normal
2014-12-12,0.483197,0.542764,1.064339,1183,Bajo
2014-12-13,0.482782,0.542593,1.063608,1184,Bajo
2014-12-14,0.45896,0.542286,1.062878,1185,Bajo
2014-12-15,0.418706,0.541845,1.062147,1186,Bajo
2014-12-16,0.441783,0.541656,1.061851,1187,Bajo
2014-12-17,0.445295,0.54142,1.061554,1188,Bajo
2014-12-18,0.442274,0.541138,1.061258,1189,Bajo
2014-12-19,0.446281,0.541024,1.05817,1190,Bajo
2014-12-20,0.428925,0.540841,1.055082,1191,Bajo
2014-12-21,0.442903,0.540587,1.051993,1192,Bajo
2014-12-22,0.462143,0.540557,1.051756,1193,Bajo
2014-12-23,0.442963,0.540534,1.051519,1194,Bajo
2014-12-24,0.452524,0.540519,1.051281,1195,Bajo
2014-12-25,0.451713,0.540463,1.050741,1196,Bajo
2014-12-26,0.459635,0.540222,1.0502,1197,Bajo
2014-12-27,0.472543,0.539795,1.049659,1198,Bajo
2014-12-28,0.466019,0.538673,1.048307,1199,Bajo
2014-12-29,0.466996,0.538041,1.046954,1200,Bajo
2014-12-30,0.46557,0.537899,1.045601,1201,Bajo
2014-12-31,0.483724,0.537118,1.044317,1202,Bajo
2015-01-01,0.48495,0.536328,1.043033,1203,Bajo
2015-01-02,0.486243,0.535527,1.041748,1204,Bajo
2015-01-03,0.610824,0.535927,1.041237,1205,Normal
2015-01-04,0.633706,0.536328,1.040727,1206,Normal
2015-01-05,0.666163,0.536728,1.040216,1207,Normal
2015-01-06,0.664129,0.537118,1.039509,1208,Normal
2015-01-07,0.654215,0.537509,1.038802,1209,Normal
2015-01-08,0.651936,0.537899,1.038095,1210,Normal
2015-01-09,0.692249,0.53797,1.037135,1211,Normal
2015-01-10,0.719542,0.538041,1.036175,1212,Normal
2015-01-11,0.722295,0.538111,1.035216,1213,Normal
2015-01-12,0.723281,0.538673,1.034644,1214,Normal
2015-01-13,0.897064,0.539234,1.034073,1215,Normal
2015-01-14,1.290529,0.539795,1.035216,1216,Elevado
2015-01-15,1.514617,0.540009,1.037135,1217,Elevado
2015-01-16,1.514417,0.540222,1.038802,1218,Elevado
2015-01-17,1.516368,0.540435,1.040216,1219,Elevado
2015-01-18,1.534301,0.540463,1.041237,1220,Elevado
2015-01-19,1.526718,0.540491,1.043033,1221,Elevado
2015-01-20,1.525363,0.540519,1.045601,1222,Elevado
2015-01-21,1.547881,0.540526,1.048307,1223,Elevado
2015-01-22,1.551897,0.540534,1.0502,1224,Elevado
2015-01-23,1.548484,0.540541,1.051281,1225,Elevado
2015-01-24,1.570579,0.540557,1.051756,1226,Elevado
2015-01-25,1.570125,0.540572,1.055082,1227,Elevado
2015-01-26,1.592069,0.540587,1.061258,1228,Elevado
2015-01-27,1.596502,0.540714,1.061851,1229,Elevado
2015-01-28,1.638367,0.540841,1.062878,1230,Elevado
2015-01-29,1.638584,0.540967,1.064339,1231,Elevado
2015-01-30,1.633301,0.541024,1.065122,1232,Elevado
2015-01-31,1.639764,0.541081,1.06552,1233,Elevado
2015-02-01,1.65105,0.541138,1.065534,1234,Elevado
2015-02-02,1.622575,0.541279,1.065587,1235,Elevado
2015-02-03,1.614368,0.54142,1.065994,1236,Elevado
2015-02-04,1.603349,0.541561,1.066752,1237,Elevado
2015-02-05,1.608959,0.541656,1.071357,1238,Elevado
2015-02-06,1.614208,0.54175,1.073961,1239,Elevado
2015-02-07,1.617218,0.541845,1.074562,1240,Elevado
2015-02-08,1.599708,0.542066,1.076122,1241,Elevado
2015-02-09,1.587279,0.542286,1.077428,1242,Elevado
2015-02-10,1.584449,0.542507,1.078481,1243,Elevado
2015-02-11,1.584052,0.542593,1.078737,1244,Elevado
2015-02-12,1.480029,0.542678,1.079313,1245,Elevado
2015-02-13,1.09553,0.542764,1.080209,1246,Elevado
2015-02-14,0.876039,0.543101,1.079761,1247,Normal
2015-02-15,0.93249,0.543439,1.079313,1248,Normal
2015-02-16,0.918818,0.543776,1.078866,1249,Normal
2015-02-17,0.907958,0.544102,1.078737,1250,Normal
2015-02-18,0.914112,0.544428,1.078609,1251,Normal
2015-02-19,0.908376,0.544754,1.078481,1252,Normal
2015-02-20,0.873765,0.545061,1.077955,1253,Normal
2015-02-21,0.86817,0.545367,1.077428,1254,Normal
2015-02-22,0.878501,0.545674,1.076902,1255,Normal
2015-02-23,0.849197,0.545951,1.076122,1256,Normal
2015-02-24,0.844194,0.546229,1.075342,1257,Normal
2015-02-25,0.798822,0.546507,1.074562,1258,Normal
2015-02-26,0.78857,0.546516,1.074262,1259,Normal
2015-02-27,0.721839,0.546525,1.073961,1260,Normal
2015-02-28,0.721732,0.546534,1.07366,1261,Normal
2015-03-01,0.714655,0.546815,1.071357,1262,Normal
2015-03-02,0.710663,0.547097,1.069055,1263,Normal
2015-03-03,0.699817,0.547378,1.066752,1264,Normal
2015-03-04,0.698886,0.54745,1.066373,1265,Normal
2015-03-05,0.676042,0.547522,1.065994,1266,Normal
2015-03-06,0.675565,0.547593,1.065614,1267,Normal
2015-03-07,0.649372,0.549083,1.065587,1268,Normal
2015-03-08,0.646383,0.550573,1.065561,1269,Normal
2015-03-09,0.656748,0.552062,1.065534,1270,Normal
2015-03-10,0.649395,0.55239,1.065527,1271,Normal
2015-03-11,0.646086,0.552717,1.06552,1272,Normal
2015-03-12,0.646586,0.553044,1.065514,1273,Normal
2015-03-13,0.669644,0.55318,1.065122,1274,Normal
2015-03-14,0.670603,0.553317,1.06473,1275,Normal
2015-03-15,0.643766,0.553453,1.064339,1276,Normal
2015-03-16,0.585001,0.553474,1.063608,1277,Normal
2015-03-17,0.495781,0.553317,1.062878,1278,Bajo
2015-03-18,0.61374,0.553453,1.062147,1279,Normal
2015-03-19,0.601273,0.553474,1.061851,1280,Normal
2015-03-20,0.589688,0.553495,1.061554,1281,Normal
2015-03-21,0.589667,0.553516,1.061258,1282,Normal
2015-03-22,0.593975,0.553522,1.05817,1283,Normal
2015-03-23,0.594837,0.553529,1.055082,1284,Normal
2015-03-24,0.650736,0.553535,1.051993,1285,Normal
2015-03-25,0.649757,0.553587,1.051756,1286,Normal
2015-03-26,0.650363,0.553639,1.051519,1287,Normal
2015-03-27,0.650163,0.553691,1.051281,1288,Normal
2015-03-28,0.65285,0.553714,1.050741,1289,Normal
2015-03-29,0.630965,0.553736,1.0502,1290,Normal
2015-03-30,0.637214,0.553759,1.049659,1291,Normal
2015-03-31,0.635,0.553761,1.048307,1292,Normal
2015-04-01,0.593394,0.553764,1.046954,1293,Normal
2015-04-02,0.59604,0.553767,1.045601,1294,Normal
2015-04-03,0.583951,0.554104,1.044317,1295,Normal
2015-04-04,0.5827,0.554442,1.043033,1296,Normal
2015-04-05,0.59146,0.55478,1.041748,1297,Normal
2015-04-06,0.591598,0.554794,1.041237,1298,Normal
2015-04-07,0.591694,0.554807,1.040727,1299,Normal
2015-04-08,0.57928,0.55482,1.040216,1300,Normal
2015-04-09,0.576648,0.554837,1.039509,1301,Normal
2015-04-10,0.5739,0.554854,1.038802,1302,Normal
2015-04-11,0.574514,0.55487,1.038095,1303,Normal
2015-04-12,0.56172,0.554889,1.037135,1304,Normal
2015-04-13,0.590287,0.554908,1.036175,1305,Normal
2015-04-14,0.590044,0.554926,1.035216,1306,Normal
2015-04-15,0.604718,0.555161,1.034644,1307,Normal
2015-04-16,0.6109,0.555396,1.034073,1308,Normal
2015-04-17,0.519828,0.554926,1.033502,1309,Bajo
2015-04-18,0.512684,0.554889,1.033329,1310,Bajo
2015-04-19,0.512279,0.554854,1.033156,1311,Bajo
2015-04-20,0.514303,0.55482,1.032983,1312,Bajo
2015-04-21,0.535889,0.554794,1.032908,1313,Bajo
2015-04-22,0.536169,0.554442,1.032833,1314,Bajo
2015-04-23,0.459148,0.553767,1.032757,1315,Bajo
2015-04-24,0.464973,0.553761,1.032745,1316,Bajo
2015-04-25,0.46617,0.553736,1.032732,1317,Bajo
2015-04-26,0.475158,0.553691,1.03272,1318,Bajo
2015-04-27,0.487151,0.553587,1.03268,1319,Bajo
2015-04-28,0.465494,0.553529,1.03264,1320,Bajo
2015-04-29,0.455721,0.553516,1.032601,1321,Bajo
2015-04-30,0.485067,0.553474,1.030843,1322,Bajo
2015-05-01,0.488806,0.553317,1.029085,1323,Bajo
2015-05-02,0.480815,0.553044,1.027327,1324,Bajo
2015-05-03,0.487982,0.55239,1.027281,1325,Bajo
2015-05-04,0.487988,0.550573,1.027234,1326,Bajo
2015-05-05,0.478297,0.547593,1.027188,1327,Bajo
2015-05-06,0.483291,0.54745,1.026816,1328,Bajo
2015-05-07,0.502507,0.547097,1.026445,1329,Bajo
2015-05-08,0.496279,0.546534,1.026074,1330,Bajo
2015-05-09,0.496327,0.546516,1.025884,1331,Bajo
2015-05-10,0.485693,0.546229,1.025694,1332,Bajo
2015-05-11,0.486618,0.545674,1.025505,1333,Bajo
2015-05-12,0.486652,0.545061,1.025456,1334,Bajo
2015-05-13,0.445921,0.544428,1.025408,1335,Bajo
2015-05-14,0.427331,0.543776,1.02536,1336,Bajo
2015-05-15,0.414212,0.543101,1.025323,1337,Bajo
2015-05-16,0.409969,0.542678,1.025285,1338,Bajo
2015-05-17,0.401526,0.542507,1.025248,1339,Bajo
2015-05-18,0.404928,0.542066,1.025011,1340,Bajo
2015-05-19,0.405423,0.54175,1.024774,1341,Bajo
2015-05-20,0.406863,0.541561,1.024537,1342,Bajo
2015-05-21,0.367805,0.541279,1.023856,1343,Bajo
2015-05-22,0.370705,0.541081,1.023175,1344,Bajo
2015-05-23,0.369462,0.540967,1.022494,1345,Bajo
2015-05-24,0.35882,0.540714,1.02195,1346,Bajo
2015-05-25,0.35707,0.540572,1.021407,1347,Bajo
2015-05-26,0.339175,0.540541,1.020863,1348,Bajo
2015-05-27,0.318963,0.540526,1.019731,1349,Bajo
2015-05-28,0.317095,0.540491,1.0186,1350,Bajo
2015-05-29,0.317323,0.540435,1.017468,1351,Bajo
2015-05-30,0.278963,0.540009,1.017354,1352,Bajo
2015-05-31,0.272217,0.539234,1.01724,1353,Bajo
2015-06-01,0.280337,0.538111,1.017126,1354,Bajo
2015-06-02,0.269505,0.53797,1.016213,1355,Bajo
2015-06-03,0.269589,0.537509,1.015301,1356,Bajo
2015-06-04,0.266718,0.536728,1.014388,1357,Bajo
2015-06-05,0.249762,0.536355,1.01394,1358,Bajo
2015-06-06,0.21252,0.536076,1.013492,1359,Bajo
2015-06-07,0.188642,0.535889,1.013044,1360,Bajo
2015-06-08,0.210894,0.535648,1.012321,1361,Bajo
2015-06-09,0.208356,0.535429,1.011598,1362,Bajo
2015-06-10,0.204999,0.535233,1.010875,1363,Bajo
2015-06-11,0.206568,0.534003,1.009797,1364,Bajo
2015-06-12,0.194414,0.533316,1.008718,1365,Bajo
2015-06-13,0.196944,0.533172,1.00764,1366,Bajo
2015-06-14,0.197077,0.532967,1.007569,1367,Bajo
2015-06-15,0.204365,0.532843,1.007499,1368,Bajo
2015-06-16,0.288353,0.532801,1.007428,1369,Bajo
2015-06-17,0.286102,0.532326,1.005958,1370,Bajo
2015-06-18,0.284493,0.531778,1.004487,1371,Bajo
2015-06-19,0.291336,0.531155,1.003016,1372,Bajo
2015-06-20,0.291506,0.531048,1.00182,1373,Bajo
2015-06-21,0.286726,0.53099,1.000624,1374,Bajo
2015-06-22,0.287602,0.530982,0.999428,1375,Bajo
2015-06-23,0.289233,0.53093,0.993143,1376,Bajo
2015-06-24,0.288812,0.530876,0.986858,1377,Bajo
2015-06-25,0.289777,0.530821,0.980573,1378,Bajo
2015-06-26,0.289758,0.530476,0.978278,1379,Bajo
2015-06-27,0.31058,0.530207,0.975983,1380,Bajo
2015-06-28,0.313326,0.530015,0.973688,1381,Bajo
2015-06-29,0.320346,0.529748,0.972896,1382,Bajo
2015-06-30,0.322776,0.529467,0.972105,1383,Bajo
2015-07-01,0.317562,0.52917,0.971313,1384,Bajo
2015-07-02,0.322693,0.52905,0.970293,1385,Bajo
2015-07-03,0.321376,0.528978,0.969273,1386,Bajo
2015-07-04,0.321951,0.528956,0.968253,1387,Bajo
2015-07-05,0.347361,0.528903,0.968084,1388,Bajo
2015-07-06,0.35246,0.528729,0.967915,1389,Bajo
2015-07-07,0.353055,0.528434,0.967746,1390,Bajo
2015-07-08,0.350114,0.528343,0.967377,1391,Bajo
2015-07-09,0.352457,0.527953,0.967009,1392,Bajo
2015-07-10,0.396827,0.527266,0.96664,1393,Bajo
2015-07-11,0.400035,0.526671,0.966573,1394,Bajo
2015-07-12,0.442367,0.526253,0.966506,1395,Bajo
2015-07-13,0.504224,0.526013,0.966438,1396,Bajo
2015-07-14,0.511683,0.525499,0.966065,1397,Bajo
2015-07-15,0.512729,0.525217,0.965691,1398,Bajo
2015-07-16,0.490271,0.525166,0.965317,1399,Bajo
2015-07-17,0.488096,0.524906,0.965275,1400,Bajo
2015-07-18,0.490352,0.523314,0.965232,1401,Bajo
2015-07-19,0.484514,0.52039,0.96519,1402,Bajo
2015-07-20,0.485422,0.520051,0.96409,1403,Bajo
2015-07-21,0.486333,0.519864,0.962989,1404,Bajo
2015-07-22,0.485951,0.519828,0.961889,1405,Bajo
2015-07-23,0.484465,0.519513,0.960803,1406,Bajo
2015-07-24,0.498549,0.519285,0.959717,1407,Bajo
2015-07-25,0.499113,0.519143,0.958631,1408,Bajo
2015-07-26,0.500103,0.519139,0.957447,1409,Bajo
2015-07-27,0.490518,0.519044,0.956263,1410,Bajo
2015-07-28,0.487832,0.518857,0.955079,1411,Bajo
2015-07-29,0.484762,0.518768,0.954842,1412,Bajo
2015-07-30,0.480141,0.518635,0.954604,1413,Bajo
2015-07-31,0.47719,0.518457,0.954366,1414,Bajo
2015-08-01,0.478344,0.518343,0.953121,1415,Bajo
2015-08-02,0.478529,0.517853,0.951876,1416,Bajo
2015-08-03,0.477271,0.516986,0.950631,1417,Bajo
2015-08-04,0.457924,0.516924,0.950619,1418,Bajo
2015-08-05,0.458919,0.516168,0.950606,1419,Bajo
2015-08-06,0.459605,0.51472,0.950594,1420,Bajo
2015-08-07,0.455808,0.514442,0.950064,1421,Bajo
2015-08-08,0.50954,0.514112,0.949535,1422,Bajo
2015-08-09,0.464205,0.513732,0.949005,1423,Bajo
2015-08-10,0.455594,0.513063,0.948684,1424,Bajo
2015-08-11,0.402975,0.512714,0.948363,1425,Bajo
2015-08-12,0.35299,0.512684,0.948042,1426,Bajo
2015-08-13,0.350628,0.512414,0.947923,1427,Bajo
2015-08-14,0.351015,0.51208,0.947803,1428,Bajo
2015-08-15,0.342266,0.511683,0.947684,1429,Bajo
2015-08-16,0.34715,0.511317,0.946279,1430,Bajo
2015-08-17,0.346628,0.511064,0.944874,1431,Bajo
2015-08-18,0.568865,0.511134,0.943469,1432,Normal
2015-08-19,0.567601,0.511317,0.943346,1433,Normal
2015-08-20,0.588091,0.5115,0.943224,1434,Normal
2015-08-21,0.587351,0.511683,0.943102,1435,Normal
2015-08-22,0.587557,0.511882,0.943014,1436,Normal
2015-08-23,0.559358,0.51208,0.942927,1437,Normal
2015-08-24,0.623742,0.512279,0.94284,1438,Normal
2015-08-25,0.663534,0.512414,0.94207,1439,Normal
2015-08-26,0.667569,0.512549,0.9413,1440,Normal
2015-08-27,0.667286,0.512684,0.94053,1441,Normal
2015-08-28,0.679676,0.512699,0.94023,1442,Normal
2015-08-29,0.67973,0.512714,0.939931,1443,Normal
2015-08-30,0.679449,0.512729,0.939631,1444,Normal
2015-08-31,0.679943,0.513063,0.939604,1445,Normal
2015-09-01,0.67803,0.513397,0.939576,1446,Normal
2015-09-02,0.679424,0.513732,0.939549,1447,Normal
2015-09-03,0.67439,0.513922,0.93856,1448,Normal
2015-09-04,0.678182,0.514112,0.937571,1449,Normal
2015-09-05,0.684878,0.514303,0.936582,1450,Normal
2015-09-06,0.689027,0.514442,0.936545,1451,Normal
2015-09-07,0.654974,0.514581,0.936508,1452,Normal
2015-09-08,0.6568,0.51472,0.93647,1453,Normal
2015-09-09,0.661091,0.515444,0.936058,1454,Normal
2015-09-10,0.653109,0.516168,0.935645,1455,Normal
2015-09-11,0.653251,0.516892,0.935232,1456,Normal
2015-09-12,0.655735,0.516924,0.934318,1457,Normal
2015-09-13,0.658142,0.516955,0.933404,1458,Normal
2015-09-14,0.657329,0.516986,0.93249,1459,Normal
2015-09-15,0.654919,0.51742,0.932461,1460,Normal
2015-09-16,0.654794,0.517853,0.932432,1461,Normal
2015-09-17,0.467786,0.516986,0.932403,1462,Bajo
2015-09-18,0.466965,0.516924,0.932242,1463,Bajo
2015-09-19,0.450459,0.516168,0.932081,1464,Bajo
2015-09-20,0.449565,0.51472,0.93192,1465,Bajo
2015-09-21,0.452159,0.514442,0.931661,1466,Bajo
2015-09-22,0.456028,0.514112,0.931401,1467,Bajo
2015-09-23,0.329459,0.513732,0.931141,1468,Bajo
2015-09-24,0.268784,0.513063,0.928465,1469,Bajo
2015-09-25,0.264762,0.512714,0.925789,1470,Bajo
2015-09-26,0.265563,0.512684,0.923113,1471,Bajo
2015-09-27,0.247371,0.512414,0.92269,1472,Bajo
2015-09-28,0.265706,0.51208,0.922268,1473,Bajo
2015-09-29,0.266805,0.511683,0.921846,1474,Bajo
2015-09-30,0.267036,0.511317,0.920836,1475,Bajo
2015-10-01,0.26514,0.511064,0.919827,1476,Bajo
2015-10-02,0.26479,0.510923,0.918818,1477,Bajo
2015-10-03,0.262804,0.510001,0.918679,1478,Bajo
2015-10-04,0.259085,0.507768,0.918539,1479,Bajo
2015-10-05,0.250077,0.504224,0.9184,1480,Bajo
2015-10-06,0.254068,0.504056,0.918167,1481,Bajo
2015-10-07,0.259128,0.503648,0.917934,1482,Bajo
2015-10-08,0.252492,0.503001,0.9177,1483,Bajo
2015-10-09,0.237903,0.502672,0.916859,1484,Bajo
2015-10-10,0.238346,0.502358,0.916018,1485,Bajo
2015-10-11,0.239674,0.502059,0.915176,1486,Bajo
2015-10-12,0.228015,0.501148,0.914822,1487,Bajo
2015-10-13,0.216649,0.500496,0.914467,1488,Bajo
2015-10-14,0.218254,0.500103,0.914112,1489,Bajo
2015-10-15,0.218793,0.499963,0.913683,1490,Bajo
2015-10-16,0.238648,0.499633,0.913254,1491,Bajo
2015-10-17,0.246833,0.499113,0.912825,1492,Bajo
2015-10-18,0.281888,0.498956,0.912261,1493,Bajo
2015-10-19,0.275621,0.498769,0.911698,1494,Bajo
2015-10-20,0.285251,0.498549,0.911135,1495,Bajo
2015-10-21,0.278871,0.497861,0.91085,1496,Bajo
2015-10-22,0.28515,0.49736,0.910565,1497,Bajo
2015-10-23,0.283497,0.497046,0.910281,1498,Bajo
2015-10-24,0.281554,0.496636,0.909788,1499,Bajo
2015-10-25,0.281672,0.496396,0.909296,1500,Bajo
2015-10-26,0.278443,0.496327,0.908804,1501,Bajo
2015-10-27,0.285477,0.496295,0.908759,1502,Bajo
2015-10-28,0.290664,0.496196,0.908714,1503,Bajo
2015-10-29,0.292835,0.496028,0.908669,1504,Bajo
2015-10-30,0.311452,0.495863,0.908654,1505,Bajo
2015-10-31,0.392996,0.495578,0.908639,1506,Bajo
2015-11-01,0.416286,0.495172,0.908625,1507,Bajo
2015-11-02,0.526703,0.495375,0.908574,1508,Normal
2015-11-03,0.624847,0.495578,0.908522,1509,Normal
2015-11-04,0.624789,0.495781,0.908471,1510,Normal
2015-11-05,0.67579,0.495863,0.908439,1511,Normal
2015-11-06,0.685961,0.495946,0.908408,1512,Normal
2015-11-07,0.684358,0.496028,0.908376,1513,Normal
2015-11-08,0.700881,0.496112,0.908352,1514,Normal
2015-11-09,0.700124,0.496196,0.908328,1515,Normal
2015-11-10,0.833306,0.496279,0.908304,1516,Normal
2015-11-11,0.892874,0.496295,0.908189,1517,Normal
2015-11-12,0.931797,0.496311,0.908328,1518,Elevado
2015-11-13,0.932512,0.496327,0.908376,1519,Elevado
2015-11-14,0.93553,0.496362,0.908439,1520,Elevado
2015-11-15,0.947737,0.496396,0.908522,1521,Elevado
2015-11-16,0.950744,0.496431,0.908625,1522,Elevado
2015-11-17,0.939686,0.496636,0.908654,1523,Elevado
2015-11-18,0.940272,0.496841,0.908714,1524,Elevado
2015-11-19,0.946622,0.497046,0.908804,1525,Elevado
2015-11-20,0.947101,0.497203,0.909788,1526,Elevado
2015-11-21,0.944564,0.49736,0.910565,1527,Elevado
2015-11-22,0.945281,0.497517,0.911135,1528,Elevado
2015-11-23,0.944895,0.497861,0.912261,1529,Elevado
2015-11-24,0.946591,0.498205,0.913254,1530,Elevado
2015-11-25,0.950208,0.498549,0.914112,1531,Elevado
2015-11-26,0.974841,0.498659,0.914822,1532,Elevado
2015-11-27,0.969913,0.498769,0.916018,1533,Elevado
2015-11-28,0.966089,0.498878,0.9177,1534,Elevado
2015-11-29,0.964584,0.498956,0.918167,1535,Elevado
2015-11-30,0.938738,0.499035,0.918539,1536,Elevado
2015-12-01,0.937542,0.499113,0.918818,1537,Elevado
2015-12-02,0.866642,0.499373,0.918679,1538,Normal
2015-12-03,0.767272,0.499633,0.918539,1539,Normal
2015-12-04,0.766576,0.499892,0.9184,1540,Normal
2015-12-05,0.778262,0.499963,0.918167,1541,Normal
2015-12-06,0.771077,0.500033,0.917934,1542,Normal
2015-12-07,0.769361,0.500103,0.9177,1543,Normal
2015-12-08,0.783778,0.5003,0.916859,1544,Normal
2015-12-09,0.783166,0.500496,0.916018,1545,Normal
2015-12-10,0.657394,0.500693,0.915176,1546,Normal
2015-12-11,0.629979,0.501148,0.914822,1547,Normal
2015-12-12,0.598472,0.501604,0.914467,1548,Normal
2015-12-13,0.600193,0.502059,0.914112,1549,Normal
2015-12-14,0.597839,0.502209,0.913683,1550,Normal
2015-12-15,0.581295,0.502358,0.913254,1551,Normal
2015-12-16,0.585088,0.502507,0.912825,1552,Normal
2015-12-17,0.585813,0.502672,0.912261,1553,Normal
2015-12-18,0.584452,0.502836,0.911698,1554,Normal
2015-12-19,0.568487,0.503001,0.911135,1555,Normal
2015-12-20,0.593795,0.503325,0.91085,1556,Normal
2015-12-21,0.598034,0.503648,0.910565,1557,Normal
2015-12-22,0.597643,0.503972,0.910281,1558,Normal
2015-12-23,0.596409,0.504056,0.909788,1559,Normal
2015-12-24,0.593802,0.50414,0.909296,1560,Normal
2015-12-25,0.591814,0.504224,0.908804,1561,Normal
2015-12-26,0.644344,0.505996,0.908759,1562,Normal
2015-12-27,0.644278,0.507768,0.908714,1563,Normal
2015-12-28,0.6443,0.50954,0.908669,1564,Normal
2015-12-29,0.636068,0.510001,0.908654,1565,Normal
2015-12-30,0.638568,0.510462,0.908639,1566,Normal
2015-12-31,0.621587,0.510923,0.908625,1567,Normal
2016-01-01,0.618461,0.510993,0.908574,1568,Normal
2016-01-02,0.618926,0.511064,0.908522,1569,Normal
2016-01-03,0.62031,0.511134,0.908471,1570,Normal
2016-01-04,0.58247,0.511317,0.908439,1571,Normal
2016-01-05,0.583007,0.5115,0.908408,1572,Normal
2016-01-06,0.581444,0.511683,0.908376,1573,Normal
2016-01-07,0.589837,0.511882,0.908352,1574,Normal
2016-01-08,0.591182,0.51208,0.908328,1575,Normal
2016-01-09,0.592132,0.512279,0.908304,1576,Normal
2016-01-10,0.509185,0.511882,0.908189,1577,Bajo
2016-01-11,0.490882,0.5115,0.908074,1578,Bajo
2016-01-12,0.501777,0.511134,0.907958,1579,Bajo
2016-01-13,0.494896,0.510993,0.907672,1580,Bajo
2016-01-14,0.464613,0.510462,0.907386,1581,Bajo
2016-01-15,0.763726,0.510923,0.9071,1582,Normal
2016-01-16,0.812828,0.510993,0.906702,1583,Normal
2016-01-17,0.810859,0.511064,0.906303,1584,Normal
2016-01-18,0.813838,0.511134,0.905905,1585,Normal
2016-01-19,0.805553,0.511317,0.90553,1586,Normal
2016-01-20,0.884799,0.5115,0.905156,1587,Normal
2016-01-21,0.886161,0.511683,0.904781,1588,Normal
2016-01-22,0.912899,0.511882,0.90553,1589,Elevado
2016-01-23,0.907016,0.51208,0.906275,1590,Elevado
2016-01-24,0.920582,0.512279,0.907016,1591,Elevado
2016-01-25,0.875324,0.512414,0.906646,1592,Normal
2016-01-26,0.874306,0.512549,0.906275,1593,Normal
2016-01-27,0.875065,0.512684,0.905905,1594,Normal
2016-01-28,0.878946,0.512699,0.90553,1595,Normal
2016-01-29,0.878254,0.512714,0.905156,1596,Normal
2016-01-30,0.876454,0.512729,0.904781,1597,Normal
2016-01-31,0.876906,0.513063,0.904775,1598,Normal
2016-02-01,0.878207,0.513397,0.904769,1599,Normal
2016-02-02,0.878695,0.513732,0.904763,1600,Normal
2016-02-03,0.877995,0.513922,0.90308,1601,Normal
2016-02-04,0.900174,0.514112,0.901703,1602,Normal
2016-02-05,0.900203,0.514303,0.900203,1603,Elevado
2016-02-06,0.871175,0.514442,0.900193,1604,Normal
2016-02-07,0.871317,0.514581,0.900184,1605,Normal
2016-02-08,0.871437,0.51472,0.900174,1606,Normal
2016-02-09,0.872276,0.515444,0.900021,1607,Normal
2016-02-10,0.875963,0.516168,0.899867,1608,Normal
2016-02-11,0.871573,0.516892,0.899714,1609,Normal
2016-02-12,0.873972,0.516924,0.899086,1610,Normal
2016-02-13,0.877857,0.516955,0.898457,1611,Normal
2016-02-14,0.625651,0.516986,0.897828,1612,Normal
2016-02-15,0.577913,0.51742,0.897823,1613,Normal
2016-02-16,0.57768,0.517853,0.897818,1614,Normal
2016-02-17,0.579421,0.518286,0.897813,1615,Normal
2016-02-18,0.573205,0.518343,0.897563,1616,Normal
2016-02-19,0.456583,0.517853,0.897314,1617,Bajo
2016-02-20,0.468389,0.516986,0.897064,1618,Bajo
2016-02-21,0.394118,0.516924,0.896855,1619,Bajo
2016-02-22,0.393993,0.516168,0.896646,1620,Bajo
2016-02-23,0.40772,0.51472,0.896436,1621,Bajo
2016-02-24,0.394481,0.514442,0.89627,1622,Bajo
2016-02-25,0.39465,0.514112,0.896104,1623,Bajo
2016-02-26,0.39882,0.513732,0.895937,1624,Bajo
2016-02-27,0.369272,0.513063,0.89587,1625,Bajo
2016-02-28,0.368225,0.512714,0.895803,1626,Bajo
2016-02-29,0.366172,0.512684,0.895736,1627,Bajo
2016-03-01,0.358141,0.512414,0.895674,1628,Bajo
2016-03-02,0.369523,0.51208,0.895611,1629,Bajo
2016-03-03,0.371814,0.511683,0.895549,1630,Bajo
2016-03-04,0.385876,0.511317,0.89521,1631,Bajo
2016-03-05,0.353222,0.511064,0.894872,1632,Bajo
2016-03-06,0.355599,0.510923,0.894534,1633,Bajo
2016-03-07,0.346589,0.510001,0.893981,1634,Bajo
2016-03-08,0.347625,0.509422,0.893427,1635,Bajo
2016-03-09,0.343897,0.509185,0.892874,1636,Bajo
2016-03-10,0.34402,0.505878,0.892699,1637,Bajo
2016-03-11,0.340868,0.50414,0.892525,1638,Bajo
2016-03-12,0.349388,0.503972,0.89235,1639,Bajo
2016-03-13,0.347215,0.503325,0.892233,1640,Bajo
2016-03-14,0.3416,0.502836,0.892116,1641,Bajo
2016-03-15,0.319908,0.502507,0.891999,1642,Bajo
2016-03-16,0.315232,0.502209,0.891989,1643,Bajo
2016-03-17,0.307987,0.501965,0.891979,1644,Bajo
2016-03-18,0.313797,0.501777,0.891969,1645,Bajo
2016-03-19,0.309939,0.501054,0.891832,1646,Bajo
2016-03-20,0.310547,0.500496,0.891694,1647,Bajo
2016-03-21,0.28225,0.500103,0.891556,1648,Bajo
2016-03-22,0.283949,0.499963,0.89136,1649,Bajo
2016-03-23,0.284276,0.499633,0.891164,1650,Bajo
2016-03-24,0.238771,0.499113,0.890968,1651,Bajo
2016-03-25,0.23529,0.498956,0.890895,1652,Bajo
2016-03-26,0.235638,0.498769,0.890822,1653,Bajo
2016-03-27,0.234273,0.498549,0.890749,1654,Bajo
2016-03-28,0.234612,0.497861,0.889921,1655,Bajo
2016-03-29,0.240875,0.49736,0.889094,1656,Bajo
2016-03-30,0.238823,0.497046,0.888266,1657,Bajo
2016-03-31,0.238603,0.496636,0.888263,1658,Bajo
2016-04-01,0.228308,0.496396,0.88826,1659,Bajo
2016-04-02,0.228162,0.496327,0.888258,1660,Bajo
2016-04-03,0.201725,0.496295,0.887881,1661,Bajo
2016-04-04,0.186937,0.496196,0.887503,1662,Bajo
2016-04-05,0.181989,0.496028,0.887126,1663,Bajo
2016-04-06,0.171274,0.495863,0.887064,1664,Bajo
2016-04-07,0.170255,0.495578,0.887001,1665,Bajo
2016-04-08,0.171303,0.495172,0.886939,1666,Bajo
2016-04-09,0.169544,0.494988,0.88668,1667,Bajo
2016-04-10,0.168168,0.494745,0.88642,1668,Bajo
2016-04-11,0.153279,0.494444,0.886161,1669,Bajo
2016-04-12,0.153903,0.493747,0.886099,1670,Bajo
2016-04-13,0.154175,0.493361,0.886036,1671,Bajo
2016-04-14,0.154189,0.493285,0.885973,1672,Bajo
2016-04-15,0.158094,0.492874,0.885948,1673,Bajo
2016-04-16,0.157718,0.492504,0.885923,1674,Bajo
2016-04-17,0.129553,0.492175,0.885898,1675,Bajo
2016-04-18,0.129481,0.491791,0.885532,1676,Bajo
2016-04-19,0.140219,0.49136,0.885165,1677,Bajo
2016-04-20,0.147177,0.490882,0.884799,1678,Bajo
2016-04-21,0.155941,0.490639,0.884097,1679,Bajo
2016-04-22,0.159788,0.490514,0.883395,1680,Bajo
2016-04-23,0.158794,0.490506,0.882692,1681,Bajo
2016-04-24,0.166972,0.490404,0.881784,1682,Bajo
2016-04-25,0.167063,0.490325,0.880875,1683,Bajo
2016-04-26,0.160373,0.490271,0.879967,1684,Bajo
2016-04-27,0.239878,0.489967,0.879626,1685,Bajo
2016-04-28,0.231647,0.489591,0.879286,1686,Bajo
2016-04-29,0.234658,0.489145,0.878946,1687,Bajo
2016-04-30,0.246165,0.488919,0.878862,1688,Bajo
2016-05-01,0.247582,0.488569,0.878779,1689,Bajo
2016-05-02,0.259524,0.488096,0.878695,1690,Bajo
2016-05-03,0.263178,0.488024,0.878631,1691,Bajo
2016-05-04,0.265903,0.487986,0.878566,1692,Bajo
2016-05-05,0.264727,0.487982,0.878501,1693,Bajo
2016-05-06,0.272768,0.487882,0.878419,1694,Bajo
2016-05-07,0.272442,0.487605,0.878337,1695,Bajo
2016-05-08,0.27099,0.487151,0.878254,1696,Bajo
2016-05-09,0.271047,0.486818,0.878239,1697,Bajo
2016-05-10,0.283005,0.486641,0.878223,1698,Bajo
2016-05-11,0.282666,0.486618,0.878207,1699,Bajo
2016-05-12,0.282397,0.486428,0.878136,1700,Bajo
2016-05-13,0.281573,0.486327,0.878065,1701,Bajo
2016-05-14,0.28179,0.486314,0.877995,1702,Bajo
2016-05-15,0.280265,0.486267,0.877949,1703,Bajo
2016-05-16,0.282369,0.486238,0.877903,1704,Bajo
2016-05-17,0.2807,0.486227,0.877857,1705,Bajo
2016-05-18,0.280814,0.486043,0.877817,1706,Bajo
2016-05-19,0.306577,0.485865,0.877777,1707,Bajo
2016-05-20,0.306454,0.485693,0.877736,1708,Bajo
2016-05-21,0.298073,0.485611,0.877588,1709,Bajo
2016-05-22,0.299064,0.485521,0.87744,1710,Bajo
2016-05-23,0.299116,0.485422,0.877292,1711,Bajo
2016-05-24,0.291887,0.485185,0.877277,1712,Bajo
2016-05-25,0.294022,0.485028,0.877263,1713,Bajo
2016-05-26,0.292494,0.48495,0.877248,1714,Bajo
2016-05-27,0.280677,0.484825,0.877134,1715,Bajo
2016-05-28,0.430692,0.484679,0.87702,1716,Bajo
2016-05-29,0.429489,0.484514,0.876906,1717,Bajo
2016-05-30,0.424658,0.484506,0.876756,1718,Bajo
2016-05-31,0.424399,0.484489,0.876605,1719,Bajo
2016-06-01,0.414644,0.484465,0.876454,1720,Bajo
2016-06-02,0.413804,0.484444,0.876316,1721,Bajo
2016-06-03,0.447606,0.484197,0.876178,1722,Bajo
2016-06-04,0.44741,0.483724,0.876039,1723,Bajo
2016-06-05,0.445411,0.483689,0.876014,1724,Bajo
2016-06-06,0.445893,0.483545,0.875988,1725,Bajo
2016-06-07,0.450638,0.483291,0.875963,1726,Bajo
2016-06-08,0.450616,0.483228,0.875818,1727,Bajo
2016-06-09,0.446192,0.48309,0.875673,1728,Bajo
2016-06-10,0.445923,0.482876,0.875528,1729,Bajo
2016-06-11,0.473346,0.482873,0.87546,1730,Bajo
2016-06-12,0.561401,0.482875,0.875392,1731,Normal
2016-06-13,0.571383,0.482876,0.875324,1732,Normal
2016-06-14,0.589221,0.482983,0.875238,1733,Normal
2016-06-15,0.584199,0.48309,0.875151,1734,Normal
2016-06-16,0.649876,0.483197,0.875065,1735,Normal
2016-06-17,0.66666,0.483228,0.874812,1736,Normal
2016-06-18,0.637871,0.48326,0.874559,1737,Normal
2016-06-19,0.638627,0.483291,0.874306,1738,Normal
2016-06-20,0.668949,0.483418,0.874194,1739,Normal
2016-06-21,0.761918,0.483545,0.874083,1740,Normal
2016-06-22,0.866904,0.483672,0.873972,1741,Normal
2016-06-23,0.871935,0.483689,0.873903,1742,Normal
2016-06-24,0.886443,0.483707,0.874083,1743,Elevado
2016-06-25,0.887965,0.483724,0.874306,1744,Elevado
2016-06-26,0.903675,0.48396,0.874812,1745,Elevado
2016-06-27,0.857891,0.484197,0.874559,1746,Normal
2016-06-28,0.861687,0.484433,0.874306,1747,Normal
2016-06-29,0.865359,0.484444,0.874194,1748,Normal
2016-06-30,0.880037,0.484454,0.874559,1749,Elevado
2016-07-01,0.880061,0.484465,0.875065,1750,Elevado
2016-07-02,0.887007,0.484477,0.875238,1751,Elevado
2016-07-03,0.90512,0.484489,0.875392,1752,Elevado
2016-07-04,0.910443,0.484502,0.875528,1753,Elevado
2016-07-05,0.913689,0.484506,0.875818,1754,Elevado
2016-07-06,0.912554,0.48451,0.875988,1755,Elevado
2016-07-07,0.935072,0.484514,0.876039,1756,Elevado
2016-07-08,0.942758,0.484597,0.876316,1757,Elevado
2016-07-09,0.94559,0.484679,0.876605,1758,Elevado
2016-07-10,0.945617,0.484762,0.876906,1759,Elevado
2016-07-11,0.928243,0.484825,0.877134,1760,Elevado
2016-07-12,0.866422,0.484888,0.87702,1761,Normal
2016-07-13,0.850165,0.48495,0.876906,1762,Normal
2016-07-14,0.845689,0.484989,0.876756,1763,Normal
2016-07-15,0.844596,0.485028,0.876605,1764,Normal
2016-07-16,0.76439,0.485067,0.876454,1765,Normal
2016-07-17,0.766646,0.485185,0.876316,1766,Normal
2016-07-18,0.764933,0.485304,0.876178,1767,Normal
2016-07-19,0.763905,0.485422,0.876039,1768,Normal
2016-07-20,0.752579,0.485472,0.876014,1769,Normal
2016-07-21,0.683225,0.485521,0.875988,1770,Normal
2016-07-22,0.576679,0.48557,0.875963,1771,Normal
2016-07-23,0.562482,0.485611,0.875818,1772,Normal
2016-07-24,0.526464,0.485652,0.875673,1773,Normal
2016-07-25,0.527516,0.485693,0.875528,1774,Normal
2016-07-26,0.501554,0.485779,0.87546,1775,Normal
2016-07-27,0.478999,0.485652,0.875392,1776,Bajo
2016-07-28,0.474919,0.48557,0.875324,1777,Bajo
2016-07-29,0.469937,0.485472,0.875238,1778,Bajo
2016-07-30,0.432521,0.485304,0.875151,1779,Bajo
2016-07-31,0.46111,0.485067,0.875065,1780,Bajo
2016-08-01,0.442771,0.484989,0.874812,1781,Bajo
2016-08-02,0.551843,0.485028,0.874559,1782,Normal
2016-08-03,0.561296,0.485067,0.874306,1783,Normal
2016-08-04,0.568575,0.485185,0.874194,1784,Normal
2016-08-05,0.566476,0.485304,0.874083,1785,Normal
2016-08-06,0.54897,0.485422,0.873972,1786,Normal
2016-08-07,0.52983,0.485472,0.873903,1787,Normal
2016-08-08,0.5252,0.485521,0.873834,1788,Normal
2016-08-09,0.52672,0.48557,0.873765,1789,Normal
2016-08-10,0.529632,0.485611,0.873269,1790,Normal
2016-08-11,0.522253,0.485652,0.872772,1791,Normal
2016-08-12,0.521619,0.485693,0.872276,1792,Normal
2016-08-13,0.520403,0.485779,0.872162,1793,Normal
2016-08-14,0.523699,0.485865,0.872049,1794,Normal
2016-08-15,0.523654,0.485951,0.871935,1795,Normal
2016-08-16,0.517958,0.486043,0.871814,1796,Normal
2016-08-17,0.517621,0.486135,0.871694,1797,Normal
2016-08-18,0.517445,0.486227,0.871573,1798,Normal
2016-08-19,0.517946,0.486233,0.871528,1799,Normal
2016-08-20,0.52015,0.486238,0.871482,1800,Normal
2016-08-21,0.516773,0.486243,0.871437,1801,Normal
2016-08-22,0.516922,0.486267,0.871397,1802,Normal
2016-08-23,0.514803,0.48629,0.871357,1803,Normal
2016-08-24,0.51442,0.486314,0.871317,1804,Normal
2016-08-25,0.5144,0.486321,0.87127,1805,Normal
2016-08-26,0.51479,0.486327,0.871222,1806,Normal
2016-08-27,0.516984,0.486333,0.871175,1807,Normal
2016-08-28,0.518493,0.486428,0.870924,1808,Normal
2016-08-29,0.518267,0.486523,0.870673,1809,Normal
2016-08-30,0.495079,0.486618,0.870421,1810,Normal
2016-08-31,0.48693,0.48663,0.869671,1811,Normal
2016-09-01,0.261333,0.486523,0.868921,1812,Bajo
2016-09-02,0.216468,0.486333,0.86817,1813,Bajo
2016-09-03,0.244605,0.486321,0.867748,1814,Bajo
2016-09-04,0.247468,0.48629,0.867326,1815,Bajo
2016-09-05,0.226808,0.486243,0.866904,1816,Bajo
2016-09-06,0.22763,0.486233,0.866832,1817,Bajo
2016-09-07,0.230464,0.486135,0.866759,1818,Bajo
2016-09-08,0.228451,0.485951,0.866687,1819,Bajo
2016-09-09,0.226984,0.485779,0.866672,1820,Bajo
2016-09-10,0.224093,0.485652,0.866657,1821,Bajo
2016-09-11,0.243075,0.48557,0.866642,1822,Bajo
2016-09-12,0.242399,0.485472,0.866569,1823,Bajo
2016-09-13,0.222261,0.485304,0.866495,1824,Bajo
2016-09-14,0.220462,0.485067,0.866422,1825,Bajo
2016-09-15,0.215179,0.484989,0.866068,1826,Bajo
2016-09-16,0.213171,0.484888,0.865713,1827,Bajo
2016-09-17,0.213755,0.484762,0.865359,1828,Bajo
2016-09-18,0.214346,0.484597,0.864365,1829,Bajo
2016-09-19,0.213005,0.48451,0.863372,1830,Bajo
2016-09-20,0.218912,0.484502,0.862378,1831,Bajo
2016-09-21,0.220052,0.484477,0.862147,1832,Bajo
2016-09-22,0.219307,0.484454,0.861917,1833,Bajo
2016-09-23,0.220669,0.484433,0.861687,1834,Bajo
2016-09-24,0.220733,0.48396,0.860421,1835,Bajo
2016-09-25,0.220354,0.483707,0.859156,1836,Bajo
2016-09-26,0.212195,0.483672,0.857891,1837,Bajo
2016-09-27,0.211836,0.483418,0.855315,1838,Bajo
2016-09-28,0.211318,0.48326,0.85274,1839,Bajo
2016-09-29,0.210297,0.483197,0.850165,1840,Bajo
2016-09-30,0.206893,0.482983,0.849842,1841,Bajo
2016-10-01,0.207735,0.482875,0.849519,1842,Bajo
2016-10-02,0.210377,0.482872,0.849197,1843,Bajo
2016-10-03,0.161914,0.482812,0.848667,1844,Bajo
2016-10-04,0.15614,0.482719,0.848137,1845,Bajo
2016-10-05,0.15627,0.482594,0.847607,1846,Bajo
2016-10-06,0.154266,0.48187,0.846968,1847,Bajo
2016-10-07,0.15124,0.481453,0.846328,1848,Bajo
2016-10-08,0.138315,0.481344,0.845689,1849,Bajo
2016-10-09,0.13713,0.480991,0.845325,1850,Bajo
2016-10-10,0.138353,0.480751,0.844961,1851,Bajo
2016-10-11,0.164579,0.480623,0.844596,1852,Bajo
2016-10-12,0.167358,0.480301,0.844462,1853,Bajo
2016-10-13,0.167324,0.47976,0.844328,1854,Bajo
2016-10-14,0.168284,0.478999,0.844194,1855,Bajo
2016-10-15,0.168489,0.478686,0.843139,1856,Bajo
2016-10-16,0.168414,0.478519,0.842084,1857,Bajo
2016-10-17,0.168625,0.478497,0.841029,1858,Bajo
2016-10-18,0.168131,0.478395,0.838455,1859,Bajo
2016-10-19,0.175193,0.478328,0.83588,1860,Bajo
2016-10-20,0.167858,0.478297,0.833306,1861,Bajo
2016-10-21,0.163487,0.478195,0.832239,1862,Bajo
2016-10-22,0.210088,0.478066,0.831171,1863,Bajo
2016-10-23,0.212625,0.477911,0.830104,1864,Bajo
2016-10-24,0.211768,0.477895,0.82984,1865,Bajo
2016-10-25,0.21162,0.477696,0.829577,1866,Bajo
2016-10-26,0.237363,0.477316,0.829313,1867,Bajo
2016-10-27,0.238645,0.477286,0.828294,1868,Bajo
2016-10-28,0.238217,0.477244,0.827274,1869,Bajo
2016-10-29,0.26274,0.47719,0.826255,1870,Bajo
2016-10-30,0.276951,0.475835,0.826143,1871,Bajo
2016-10-31,0.277203,0.475155,0.82603,1872,Bajo
2016-11-01,0.302819,0.475149,0.825918,1873,Bajo
2016-11-02,0.307248,0.474996,0.823667,1874,Bajo
2016-11-03,0.428123,0.474878,0.821415,1875,Bajo
2016-11-04,0.434347,0.474796,0.819163,1876,Bajo
2016-11-05,0.434492,0.47383,0.818169,1877,Bajo
2016-11-06,0.434659,0.473079,0.817175,1878,Bajo
2016-11-07,0.437316,0.472543,0.816181,1879,Bajo
2016-11-08,0.436945,0.471925,0.8154,1880,Bajo
2016-11-09,0.439004,0.471056,0.814619,1881,Bajo
2016-11-10,0.426936,0.469937,0.813838,1882,Bajo
2016-11-11,0.425186,0.469723,0.813501,1883,Bajo
2016-11-12,0.433072,0.469242,0.813164,1884,Bajo
2016-11-13,0.433429,0.468493,0.812828,1885,Bajo
2016-11-14,0.432806,0.468424,0.812171,1886,Bajo
2016-11-15,0.433448,0.468257,0.811515,1887,Bajo
2016-11-16,0.450317,0.467992,0.810859,1888,Bajo
2016-11-17,0.451423,0.467962,0.810435,1889,Bajo
2016-11-18,0.449333,0.467893,0.810011,1890,Bajo
2016-11-19,0.449231,0.467786,0.809587,1891,Bajo
2016-11-20,0.468043,0.467839,0.809281,1892,Normal
2016-11-21,0.451981,0.467731,0.808975,1893,Bajo
2016-11-22,0.451679,0.467623,0.808669,1894,Bajo
2016-11-23,0.455247,0.467313,0.807756,1895,Bajo
2016-11-24,0.456721,0.467104,0.806843,1896,Bajo
2016-11-25,0.442958,0.466996,0.805929,1897,Bajo
2016-11-26,0.443196,0.466975,0.805856,1898,Bajo
2016-11-27,0.443639,0.4667,0.805783,1899,Bajo
2016-11-28,0.426251,0.46617,0.805709,1900,Bajo
2016-11-29,0.419725,0.466069,0.805657,1901,Bajo
2016-11-30,0.422387,0.465869,0.805605,1902,Bajo
2016-12-01,0.399813,0.46557,0.805553,1903,Bajo
2016-12-02,0.40202,0.46552,0.805487,1904,Bajo
2016-12-03,0.28227,0.46532,0.80542,1905,Bajo
2016-12-04,0.271214,0.464973,0.805354,1906,Bajo
2016-12-05,0.278571,0.464792,0.804299,1907,Bajo
2016-12-06,0.279467,0.464693,0.803243,1908,Bajo
2016-12-07,0.276297,0.464676,0.802188,1909,Bajo
2016-12-08,0.275374,0.464634,0.801932,1910,Bajo
2016-12-09,0.270447,0.464477,0.801676,1911,Bajo
2016-12-10,0.267013,0.464205,0.80142,1912,Bajo
2016-12-11,0.268091,0.464164,0.800554,1913,Bajo
2016-12-12,0.25699,0.463729,0.799688,1914,Bajo
2016-12-13,0.25679,0.4629,0.798822,1915,Bajo
2016-12-14,0.25676,0.462828,0.798674,1916,Bajo
2016-12-15,0.256044,0.462714,0.798527,1917,Bajo
2016-12-16,0.220157,0.462556,0.798379,1918,Bajo
2016-12-17,0.219702,0.462281,0.797973,1919,Bajo
2016-12-18,0.211871,0.462044,0.797567,1920,Bajo
2016-12-19,0.211903,0.461847,0.797162,1921,Bajo
2016-12-20,0.174957,0.461356,0.795319,1922,Bajo
2016-12-21,0.218677,0.460618,0.793477,1923,Bajo
2016-12-22,0.23582,0.459635,0.791634,1924,Bajo
2016-12-23,0.299683,0.459615,0.791411,1925,Bajo
2016-12-24,0.315216,0.459536,0.791189,1926,Bajo
2016-12-25,0.316284,0.4594,0.790966,1927,Bajo
2016-12-26,0.310925,0.459232,0.790918,1928,Bajo
2016-12-27,0.324954,0.459086,0.79087,1929,Bajo
2016-12-28,0.353164,0.458961,0.790822,1930,Bajo
2016-12-29,0.356973,0.458961,0.790772,1931,Bajo
2016-12-30,0.362853,0.458947,0.790722,1932,Bajo
2016-12-31,0.36258,0.458919,0.790671,1933,Bajo
2017-01-01,0.367841,0.45832,0.790388,1934,Bajo
2017-01-02,0.360655,0.457988,0.790105,1935,Bajo
2017-01-03,0.36211,0.457924,0.789823,1936,Bajo
2017-01-04,0.413326,0.457275,0.789516,1937,Bajo
2017-01-05,0.581593,0.4576,0.78921,1938,Normal
2017-01-06,0.72964,0.457924,0.788903,1939,Normal
2017-01-07,0.730206,0.457956,0.788889,1940,Normal
2017-01-08,0.730195,0.457988,0.788876,1941,Normal
2017-01-09,0.733692,0.45802,0.788862,1942,Normal
2017-01-10,0.7331,0.45832,0.788765,1943,Normal
2017-01-11,0.912251,0.458619,0.788876,1944,Elevado
2017-01-12,0.920936,0.458919,0.788903,1945,Elevado
2017-01-13,0.923894,0.458933,0.789516,1946,Elevado
2017-01-14,0.924657,0.458947,0.790105,1947,Elevado
2017-01-15,0.924518,0.45896,0.790671,1948,Elevado
2017-01-16,0.924863,0.458961,0.790772,1949,Elevado
2017-01-17,0.969714,0.458961,0.79087,1950,Elevado
2017-01-18,0.973632,0.458961,0.790966,1951,Elevado
2017-01-19,0.974198,0.459024,0.791411,1952,Elevado
2017-01-20,0.965064,0.459086,0.793477,1953,Elevado
2017-01-21,0.963837,0.459148,0.797162,1954,Elevado
2017-01-22,0.940355,0.459232,0.797973,1955,Elevado
2017-01-23,0.937334,0.459316,0.798527,1956,Elevado
2017-01-24,0.943921,0.4594,0.798822,1957,Elevado
2017-01-25,0.944114,0.459468,0.800554,1958,Elevado
2017-01-26,0.938952,0.459536,0.801676,1959,Elevado
2017-01-27,0.922403,0.459605,0.802188,1960,Elevado
2017-01-28,0.922267,0.459615,0.804299,1961,Elevado
2017-01-29,0.921958,0.459625,0.80542,1962,Elevado
2017-01-30,0.922178,0.459635,0.805553,1963,Elevado
2017-01-31,0.930315,0.460127,0.805657,1964,Elevado
2017-02-01,0.931691,0.460618,0.805783,1965,Elevado
2017-02-02,0.932836,0.46111,0.805929,1966,Elevado
2017-02-03,0.893565,0.461356,0.807756,1967,Elevado
2017-02-04,0.817646,0.461601,0.808975,1968,Elevado
2017-02-05,0.704551,0.461847,0.808669,1969,Normal
2017-02-06,0.704392,0.461946,0.807756,1970,Normal
2017-02-07,0.70909,0.462044,0.806843,1971,Normal
2017-02-08,0.705958,0.462143,0.805929,1972,Normal
2017-02-09,0.745013,0.462281,0.805856,1973,Normal
2017-02-10,0.499017,0.462418,0.805783,1974,Normal
2017-02-11,0.489563,0.462556,0.805709,1975,Normal
2017-02-12,0.490884,0.462635,0.805657,1976,Normal
2017-02-13,0.488222,0.462714,0.805605,1977,Normal
2017-02-14,0.488169,0.462792,0.805553,1978,Normal
2017-02-15,0.488011,0.462828,0.805487,1979,Normal
2017-02-16,0.400716,0.462714,0.80542,1980,Bajo
2017-02-17,0.394891,0.462556,0.805354,1981,Bajo
2017-02-18,0.393841,0.462281,0.804299,1982,Bajo
2017-02-19,0.393364,0.462044,0.803243,1983,Bajo
2017-02-20,0.394402,0.461847,0.802188,1984,Bajo
2017-02-21,0.409017,0.461356,0.801932,1985,Bajo
2017-02-22,0.404082,0.460618,0.801676,1986,Bajo
2017-02-23,0.406685,0.459635,0.80142,1987,Bajo
2017-02-24,0.410755,0.459615,0.800554,1988,Bajo
2017-02-25,0.42316,0.459536,0.799688,1989,Bajo
2017-02-26,0.426199,0.4594,0.798822,1990,Bajo
2017-02-27,0.425583,0.459232,0.798674,1991,Bajo
2017-02-28,0.423806,0.459086,0.798527,1992,Bajo
2017-03-01,0.42962,0.458961,0.798379,1993,Bajo
2017-03-02,0.412387,0.458961,0.797973,1994,Bajo
2017-03-03,0.412979,0.458947,0.797567,1995,Bajo
2017-03-04,0.420281,0.458919,0.797162,1996,Bajo
2017-03-05,0.420399,0.45832,0.795319,1997,Bajo
2017-03-06,0.41945,0.457988,0.793477,1998,Bajo
2017-03-07,0.434793,0.457924,0.791634,1999,Bajo
2017-03-08,0.508928,0.457956,0.791411,2000,Normal
2017-03-09,0.513913,0.457988,0.791189,2001,Normal
2017-03-10,0.566181,0.45802,0.790966,2002,Normal
2017-03-11,0.540975,0.45832,0.790918,2003,Normal
2017-03-12,0.555091,0.458619,0.79087,2004,Normal
2017-03-13,0.554497,0.458919,0.790822,2005,Normal
2017-03-14,0.550746,0.458933,0.790772,2006,Normal
2017-03-15,0.550154,0.458947,0.790722,2007,Normal
2017-03-16,0.612722,0.45896,0.790671,2008,Normal
2017-03-17,0.697739,0.458961,0.790388,2009,Normal
2017-03-18,0.778597,0.458961,0.790105,2010,Normal
2017-03-19,0.794634,0.458961,0.790671,2011,Elevado
2017-03-20,0.797298,0.459024,0.790772,2012,Elevado
2017-03-21,0.837398,0.459086,0.79087,2013,Elevado
2017-03-22,0.868686,0.459148,0.790966,2014,Elevado
2017-03-23,0.857822,0.459232,0.791411,2015,Elevado
2017-03-24,0.925074,0.459316,0.792634,2016,Elevado
2017-03-25,0.911422,0.4594,0.794634,2017,Elevado
2017-03-26,0.91229,0.459468,0.796319,2018,Elevado
2017-03-27,0.958646,0.459536,0.797207,2019,Elevado
2017-03-28,0.954315,0.459605,0.797298,2020,Elevado
2017-03-29,0.952357,0.459615,0.798019,2021,Elevado
2017-03-30,0.952377,0.459625,0.798527,2022,Elevado
2017-03-31,0.955128,0.459635,0.798822,2023,Elevado
2017-04-01,0.951234,0.460127,0.800554,2024,Elevado
2017-04-02,0.94632,0.460618,0.801676,2025,Elevado
2017-04-03,0.972162,0.46111,0.802188,2026,Elevado
2017-04-04,0.970976,0.461356,0.804299,2027,Elevado
2017-04-05,0.970636,0.461601,0.80542,2028,Elevado
2017-04-06,0.98011,0.461847,0.805553,2029,Elevado
2017-04-07,0.94842,0.461946,0.805657,2030,Elevado
2017-04-08,0.940775,0.462044,0.805783,2031,Elevado
2017-04-09,0.913915,0.462143,0.805929,2032,Elevado
2017-04-10,0.896378,0.462281,0.807756,2033,Elevado
2017-04-11,0.884727,0.462418,0.808975,2034,Elevado
2017-04-12,0.883644,0.462556,0.809587,2035,Elevado
2017-04-13,0.890564,0.462635,0.810435,2036,Elevado
2017-04-14,0.889652,0.462714,0.811515,2037,Elevado
2017-04-15,0.855867,0.462792,0.812828,2038,Elevado
2017-04-16,0.792128,0.462828,0.812171,2039,Normal
2017-04-17,0.700944,0.462864,0.811515,2040,Normal
2017-04-18,0.686552,0.4629,0.810859,2041,Normal
2017-04-19,0.685334,0.463315,0.810435,2042,Normal
2017-04-20,0.64458,0.463729,0.810011,2043,Normal
2017-04-21,0.585313,0.464144,0.809587,2044,Normal
2017-04-22,0.585541,0.464164,0.809281,2045,Normal
2017-04-23,0.434486,0.463729,0.808975,2046,Bajo
2017-04-24,0.429085,0.4629,0.808669,2047,Bajo
2017-04-25,0.428854,0.462828,0.807756,2048,Bajo
2017-04-26,0.345943,0.462714,0.806843,2049,Bajo
2017-04-27,0.357447,0.462556,0.805929,2050,Bajo
2017-04-28,0.354334,0.462281,0.805856,2051,Bajo
2017-04-29,0.353132,0.462044,0.805783,2052,Bajo
2017-04-30,0.340608,0.461847,0.805709,2053,Bajo
2017-05-01,0.348763,0.461356,0.805657,2054,Bajo
2017-05-02,0.362047,0.460618,0.805605,2055,Bajo
2017-05-03,0.32982,0.459635,0.805553,2056,Bajo
2017-05-04,0.330672,0.459615,0.805487,2057,Bajo
2017-05-05,0.336346,0.459536,0.80542,2058,Bajo
2017-05-06,0.313549,0.4594,0.805354,2059,Bajo
2017-05-07,0.314546,0.459232,0.804299,2060,Bajo
2017-05-08,0.356337,0.459086,0.803243,2061,Bajo
2017-05-09,0.371598,0.458961,0.802188,2062,Bajo
2017-05-10,0.375246,0.458961,0.801932,2063,Bajo
2017-05-11,0.38015,0.458947,0.801676,2064,Bajo
2017-05-12,0.492725,0.45896,0.80142,2065,Normal
2017-05-13,0.483579,0.458961,0.800554,2066,Normal
2017-05-14,0.481473,0.458961,0.799688,2067,Normal
2017-05-15,0.522623,0.458961,0.798822,2068,Normal
2017-05-16,0.519729,0.459024,0.798674,2069,Normal
2017-05-17,0.533845,0.459086,0.798527,2070,Normal
2017-05-18,0.550023,0.459148,0.798379,2071,Normal
2017-05-19,0.555159,0.459232,0.798019,2072,Normal
2017-05-20,0.555949,0.459316,0.797659,2073,Normal
2017-05-21,0.557472,0.4594,0.797298,2074,Normal
2017-05-22,0.556246,0.459468,0.797253,2075,Normal
2017-05-23,0.589698,0.459536,0.797207,2076,Normal
2017-05-24,0.610154,0.459605,0.797162,2077,Normal
2017-05-25,0.665023,0.459615,0.796319,2078,Normal
2017-05-26,0.670689,0.459625,0.795477,2079,Normal
2017-05-27,0.805451,0.459635,0.797162,2080,Elevado
2017-05-28,0.822427,0.460127,0.797253,2081,Elevado
2017-05-29,0.829111,0.460618,0.797659,2082,Elevado
2017-05-30,0.852951,0.46111,0.798379,2083,Elevado
2017-05-31,0.856455,0.461356,0.798674,2084,Elevado
2017-06-01,0.860111,0.461601,0.799688,2085,Elevado
2017-06-02,0.858375,0.461847,0.80142,2086,Elevado
2017-06-03,0.858257,0.461946,0.801932,2087,Elevado
2017-06-04,0.85422,0.462044,0.803243,2088,Elevado
2017-06-05,0.869215,0.462143,0.805354,2089,Elevado
2017-06-06,0.881011,0.462281,0.805419,2090,Elevado
2017-06-07,0.924963,0.462418,0.805485,2091,Elevado
2017-06-08,0.926005,0.462556,0.805553,2092,Elevado
2017-06-09,0.925359,0.462635,0.805657,2093,Elevado
2017-06-10,0.924638,0.462714,0.805783,2094,Elevado
2017-06-11,0.861281,0.462792,0.805929,2095,Elevado
2017-06-12,0.950868,0.462828,0.807756,2096,Elevado
2017-06-13,0.950246,0.462864,0.808975,2097,Elevado
2017-06-14,1.008178,0.4629,0.809587,2098,Elevado
2017-06-15,1.009831,0.463315,0.810435,2099,Elevado
2017-06-16,1.002672,0.463729,0.811515,2100,Elevado
2017-06-17,1.005071,0.464144,0.812828,2101,Elevado
2017-06-18,1.016893,0.464164,0.813501,2102,Elevado
2017-06-19,1.017822,0.464184,0.814619,2103,Elevado
2017-06-20,1.029302,0.464205,0.816181,2104,Elevado
2017-06-21,1.033082,0.464341,0.817157,2105,Elevado
2017-06-22,1.005442,0.464477,0.818151,2106,Elevado
2017-06-23,0.982659,0.464613,0.819163,2107,Elevado
2017-06-24,0.97869,0.464634,0.821339,2108,Elevado
2017-06-25,0.982307,0.464655,0.823591,2109,Elevado
2017-06-26,0.903988,0.464676,0.825918,2110,Elevado
2017-06-27,0.898415,0.464684,0.826143,2111,Elevado
2017-06-28,0.883691,0.464693,0.827207,2112,Elevado
2017-06-29,0.870964,0.464702,0.829111,2113,Elevado
2017-06-30,0.868612,0.464792,0.829246,2114,Elevado
2017-07-01,0.855685,0.464882,0.829577,2115,Elevado
2017-07-02,0.859019,0.464973,0.830104,2116,Elevado
2017-07-03,0.85833,0.465146,0.832239,2117,Elevado
2017-07-04,0.860348,0.46532,0.83467,2118,Elevado
2017-07-05,0.82956,0.465494,0.833306,2119,Normal
2017-07-06,0.793892,0.46552,0.832239,2120,Normal
2017-07-07,0.766754,0.465545,0.831171,2121,Normal
2017-07-08,0.752011,0.46557,0.830104,2122,Normal
2017-07-09,0.753234,0.46572,0.829923,2123,Normal
2017-07-10,0.782784,0.465869,0.829741,2124,Normal
2017-07-11,0.777182,0.466019,0.82956,2125,Normal
2017-07-12,0.713021,0.466069,0.829478,2126,Normal
2017-07-13,0.712553,0.46612,0.829396,2127,Normal
2017-07-14,0.655368,0.46617,0.829313,2128,Normal
2017-07-15,0.764494,0.466435,0.829246,2129,Normal
2017-07-16,0.759086,0.4667,0.829179,2130,Normal
2017-07-17,0.912084,0.466965,0.829313,2131,Elevado
2017-07-18,0.91149,0.466975,0.829478,2132,Elevado
2017-07-19,0.90397,0.466985,0.829741,2133,Elevado
2017-07-20,1.226269,0.466996,0.830104,2134,Elevado
2017-07-21,1.249677,0.46705,0.832239,2135,Elevado
2017-07-22,1.264678,0.467104,0.83467,2136,Elevado
2017-07-23,1.268809,0.467159,0.837398,2137,Elevado
2017-07-24,1.256241,0.467313,0.839819,2138,Elevado
2017-07-25,1.281373,0.467468,0.842084,2139,Elevado
2017-07-26,1.277088,0.467623,0.844194,2140,Elevado
2017-07-27,1.275349,0.467677,0.844462,2141,Elevado
2017-07-28,1.282628,0.467731,0.844961,2142,Elevado
2017-07-29,1.28911,0.467786,0.845689,2143,Elevado
2017-07-30,1.285749,0.467839,0.846968,2144,Elevado
2017-07-31,1.288672,0.467893,0.848137,2145,Elevado
2017-08-01,1.294987,0.467947,0.849197,2146,Elevado
2017-08-02,1.294533,0.467962,0.849842,2147,Elevado
2017-08-03,1.297877,0.467977,0.851094,2148,Elevado
2017-08-04,1.299638,0.467992,0.852951,2149,Elevado
2017-08-05,1.377021,0.468009,0.853797,2150,Elevado
2017-08-06,1.368931,0.468026,0.854708,2151,Elevado
2017-08-07,1.376121,0.468043,0.855685,2152,Elevado
2017-08-08,1.372348,0.468158,0.855806,2153,Elevado
2017-08-09,1.343242,0.468274,0.856063,2154,Elevado
2017-08-10,1.34165,0.468389,0.856455,2155,Elevado
2017-08-11,1.352242,0.468424,0.857366,2156,Elevado
2017-08-12,1.354009,0.468458,0.857845,2157,Elevado
2017-08-13,1.333091,0.468493,0.857891,2158,Elevado
2017-08-14,1.245091,0.468867,0.858135,2159,Elevado
2017-08-15,1.249941,0.469242,0.858281,2160,Elevado
2017-08-16,1.172953,0.469617,0.85833,2161,Elevado
2017-08-17,1.183019,0.469723,0.85836,2162,Elevado
2017-08-18,1.196319,0.46983,0.85859,2163,Elevado
2017-08-19,0.900415,0.469937,0.859019,2164,Elevado
2017-08-20,0.849915,0.470496,0.858805,2165,Normal
2017-08-21,0.840699,0.471056,0.85859,2166,Normal
2017-08-22,0.828272,0.471615,0.858375,2167,Normal
2017-08-23,0.828059,0.471925,0.85836,2168,Normal
2017-08-24,0.77371,0.472234,0.858345,2169,Normal
2017-08-25,0.764802,0.472543,0.85833,2170,Normal
2017-08-26,0.757452,0.472811,0.858306,2171,Normal
2017-08-27,0.753946,0.473079,0.858281,2172,Normal
2017-08-28,0.732244,0.473346,0.858257,2173,Normal
2017-08-29,0.73848,0.47383,0.858135,2174,Normal
2017-08-30,0.736155,0.474313,0.858013,2175,Normal
2017-08-31,0.70562,0.474796,0.857891,2176,Normal
2017-09-01,0.701418,0.474837,0.857868,2177,Normal
2017-09-02,0.763077,0.474878,0.857845,2178,Normal
2017-09-03,0.764654,0.474919,0.857822,2179,Normal
2017-09-04,0.702877,0.474996,0.857366,2180,Normal
2017-09-05,0.701291,0.475072,0.856911,2181,Normal
2017-09-06,0.698996,0.475149,0.856455,2182,Normal
2017-09-07,0.699522,0.475152,0.856259,2183,Normal
2017-09-08,0.743717,0.475155,0.856063,2184,Normal
2017-09-09,0.743039,0.475158,0.855867,2185,Normal
2017-09-10,0.718308,0.475835,0.855806,2186,Normal
2017-09-11,0.694759,0.476513,0.855745,2187,Normal
2017-09-12,0.674241,0.47719,0.855685,2188,Normal
2017-09-13,0.691211,0.477217,0.855197,2189,Normal
2017-09-14,0.921344,0.477244,0.855745,2190,Elevado
2017-09-15,1.031482,0.477271,0.855867,2191,Elevado
2017-09-16,1.029431,0.477286,0.856259,2192,Elevado
2017-09-17,1.020677,0.477301,0.856911,2193,Elevado
2017-09-18,1.099136,0.477301,0.856911,2193,Elevado
2017-09-19,1.114358,0.477301,0.856911,2193,Elevado
2017-09-20,1.112856,0.477301,0.856911,2193,Elevado
2017-09-21,1.133459,0.477301,0.856911,2193,Elevado
2017-09-22,1.132968,0.477301,0.856911,2193,Elevado
2017-09-23,1.132672,0.477301,0.856911,2193,Elevado
2017-09-24,1.134605,0.477301,0.856911,2193,Elevado
2017-09-25,1.162634,0.477301,0.856911,2193,Elevado
2017-09-26,1.162619,0.477301,0.856911,2193,Elevado
2017-09-27,1.195586,0.477301,0.856911,2193,Elevado
2017-09-28,1.18411,0.477301,0.856911,2193,Elevado
2017-09-29,1.184108,0.477301,0.856911,2193,Elevado
2017-09-30,1.185521,0.477301,0.856911,2193,Elevado
2017-10-01,1.177228,0.477301,0.856911,2193,Elevado
2017-10-02,1.154693,0.477301,0.856911,2193,Elevado
2017-10-03,1.155947,0.477301,0.856911,2193,Elevado
2017-10-04,1.129202,0.477301,0.856911,2193,Elevado
2017-10-05,1.126954,0.477301,0.856911,2193,Elevado
2017-10-06,1.115502,0.477301,0.856911,2193,Elevado
2017-10-07,1.116756,0.477301,0.856911,2193,Elevado
2017-10-08,1.098638,0.477301,0.856911,2193,Elevado
2017-10-09,1.10474,0.477301,0.856911,2193,Elevado
2017-10-10,1.102003,0.477301,0.856911,2193,Elevado
2017-10-11,1.102259,0.477301,0.856911,2193,Elevado
2017-10-12,1.173887,0.477301,0.856911,2193,Elevado
2017-10-13,1.136329,0.477301,0.856911,2193,Elevado
2017-10-14,0.898404,0.477301,0.856911,2193,Elevado
2017-10-15,0.803299,0.477301,0.856063,2193,Normal
2017-10-16,0.80014,0.477301,0.855745,2193,Normal
2017-10-17,0.810291,0.477301,0.854708,2193,Normal
2017-10-18,0.728872,0.477301,0.853374,2193,Normal
2017-10-19,0.692455,0.477301,0.851094,2193,Normal
2017-10-20,0.700284,0.477301,0.849998,2193,Normal
2017-10-21,0.633892,0.477301,0.849436,2193,Normal
2017-10-22,0.636447,0.477301,0.848137,2193,Normal
2017-10-23,0.638129,0.477301,0.846328,2193,Normal
2017-10-24,0.672976,0.477301,0.844961,2193,Normal
2017-10-25,0.651223,0.477301,0.844328,2193,Normal
2017-10-26,0.648669,0.477301,0.842084,2193,Normal
2017-10-27,0.617429,0.477301,0.840809,2193,Normal
2017-10-28,0.618628,0.477301,0.838499,2193,Normal
2017-10-29,0.648048,0.477301,0.83467,2193,Normal
2017-10-30,0.643804,0.477301,0.831171,2193,Normal
2017-10-31,0.657669,0.477301,0.829741,2193,Normal
2017-11-01,0.66707,0.477301,0.829396,2193,Normal
2017-11-02,0.663686,0.477301,0.829179,2193,Normal
2017-11-03,0.64874,0.477301,0.828552,2193,Normal
2017-11-04,0.651049,0.477301,0.82813,2193,Normal
2017-11-05,0.654767,0.477301,0.826856,2193,Normal
2017-11-06,0.703833,0.477301,0.82603,2193,Normal
2017-11-07,0.699333,0.477301,0.823591,2193,Normal
2017-11-08,0.703052,0.477301,0.820251,2193,Normal
2017-11-09,0.727639,0.477301,0.818151,2193,Normal
2017-11-10,0.799706,0.477301,0.816669,2193,Normal
2017-11-11,0.707724,0.477301,0.814619,2193,Normal
2017-11-12,0.756142,0.477301,0.813164,2193,Normal
2017-11-13,0.836017,0.477301,0.813164,2193,Elevado
2017-11-14,0.831562,0.477301,0.813164,2193,Elevado
2017-11-15,0.893295,0.477301,0.813164,2193,Elevado
2017-11-16,0.912449,0.477301,0.813164,2193,Elevado
2017-11-17,0.918695,0.477301,0.813164,2193,Elevado
2017-11-18,0.918007,0.477301,0.813164,2193,Elevado
2017-11-19,0.911292,0.477301,0.813164,2193,Elevado
2017-11-20,0.912877,0.477301,0.813164,2193,Elevado
2017-11-21,0.915493,0.477301,0.813164,2193,Elevado
2017-11-22,0.910502,0.477301,0.813164,2193,Elevado
2017-11-23,0.884328,0.477301,0.813164,2193,Elevado
2017-11-24,0.881011,0.477301,0.813164,2193,Elevado
2017-11-25,0.896524,0.477301,0.813164,2193,Elevado
2017-11-26,0.903604,0.477301,0.813164,2193,Elevado
2017-11-27,0.905651,0.477301,0.813164,2193,Elevado
2017-11-28,0.886768,0.477301,0.813164,2193,Elevado
2017-11-29,0.887223,0.477301,0.813164,2193,Elevado
2017-11-30,0.878584,0.477301,0.813164,2193,Elevado
2017-12-01,0.906898,0.477301,0.813164,2193,Elevado
2017-12-02,0.902986,0.477301,0.813164,2193,Elevado
2017-12-03,0.905572,0.477301,0.813164,2193,Elevado
2017-12-04,0.905199,0.477301,0.813164,2193,Elevado
2017-12-05,0.903753,0.477301,0.813164,2193,Elevado
2017-12-06,0.98785,0.477301,0.813164,2193,Elevado
2017-12-07,1.16174,0.477301,0.813164,2193,Elevado
2017-12-08,1.191043,0.477301,0.813164,2193,Elevado
2017-12-09,1.223639,0.477301,0.813164,2193,Elevado
2017-12-10,1.165533,0.477301,0.813164,2193,Elevado
2017-12-11,1.181507,0.477301,0.813164,2193,Elevado
2017-12-12,1.114768,0.477301,0.813164,2193,Elevado
2017-12-13,1.102759,0.477301,0.813164,2193,Elevado
2017-12-14,1.103477,0.477301,0.813164,2193,Elevado
2017-12-15,1.082512,0.477301,0.813164,2193,Elevado
2017-12-16,1.09537,0.477301,0.813164,2193,Elevado
2017-12-17,1.090015,0.477301,0.813164,2193,Elevado
2017-12-18,1.093641,0.477301,0.813164,2193,Elevado
2017-12-19,1.145174,0.477301,0.813164,2193,Elevado
2017-12-20,1.195731,0.477301,0.813164,2193,Elevado
2017-12-21,1.218563,0.477301,0.813164,2193,Elevado
2017-12-22,1.299488,0.477301,0.813164,2193,Elevado
2017-12-23,1.291541,0.477301,0.813164,2193,Elevado
2017-12-24,1.304042,0.477301,0.813164,2193,Elevado
2017-12-25,1.300228,0.477301,0.813164,2193,Elevado
2017-12-26,1.346552,0.477301,0.813164,2193,Elevado
2017-12-27,1.350772,0.477301,0.813164,2193,Elevado
2017-12-28,1.376046,0.477301,0.813164,2193,Elevado
2017-12-29,1.376854,0.477301,0.813164,2193,Elevado
2017-12-30,1.459491,0.477301,0.813164,2193,Elevado
2017-12-31,1.464858,0.477301,0.813164,2193,Elevado
2018-01-01,1.471489,0.477301,0.813164,2193,Elevado
2018-01-02,1.495691,0.477301,0.813164,2193,Elevado
2018-01-03,1.495729,0.477301,0.813164,2193,Elevado
2018-01-04,1.496068,0.477301,0.813164,2193,Elevado
2018-01-05,1.450437,0.477301,0.813164,2193,Elevado
2018-01-06,1.278191,0.477301,0.813164,2193,Elevado
2018-01-07,1.284993,0.477301,0.813164,2193,Elevado
2018-01-08,1.280349,0.477301,0.813164,2193,Elevado
2018-01-09,1.288308,0.477301,0.813164,2193,Elevado
2018-01-10,1.226816,0.477301,0.813164,2193,Elevado
2018-01-11,1.287882,0.477301,0.813164,2193,Elevado
2018-01-12,1.296808,0.477301,0.813164,2193,Elevado
2018-01-13,1.301675,0.477301,0.813164,2193,Elevado
2018-01-14,1.283443,0.477301,0.813164,2193,Elevado
2018-01-15,1.229986,0.477301,0.813164,2193,Elevado
2018-01-16,1.360567,0.477301,0.813164,2193,Elevado
2018-01-17,1.359291,0.477301,0.813164,2193,Elevado
2018-01-18,1.349122,0.477301,0.813164,2193,Elevado
2018-01-19,1.340526,0.477301,0.813164,2193,Elevado
2018-01-20,1.387024,0.477301,0.813164,2193,Elevado
2018-01-21,1.380476,0.477301,0.813164,2193,Elevado
2018-01-22,1.384486,0.477301,0.813164,2193,Elevado
2018-01-23,1.382985,0.477301,0.813164,2193,Elevado
2018-01-24,1.397315,0.477301,0.813164,2193,Elevado
2018-01-25,1.314554,0.477301,0.813164,2193,Elevado
2018-01-26,1.313699,0.477301,0.813164,2193,Elevado
2018-01-27,1.309333,0.477301,0.813164,2193,Elevado
2018-01-28,1.313078,0.477301,0.813164,2193,Elevado
2018-01-29,1.249498,0.477301,0.813164,2193,Elevado
2018-01-30,1.253794,0.477301,0.813164,2193,Elevado
2018-01-31,1.255321,0.477301,0.813164,2193,Elevado
2018-02-01,1.262251,0.477301,0.813164,2193,Elevado
2018-02-02,1.250177,0.477301,0.813164,2193,Elevado
2018-02-03,1.266885,0.477301,0.813164,2193,Elevado
2018-02-04,1.228392,0.477301,0.813164,2193,Elevado
2018-02-05,1.328093,0.477301,0.813164,2193,Elevado
2018-02-06,1.42003,0.477301,0.813164,2193,Elevado
2018-02-07,1.40957,0.477301,0.813164,2193,Elevado
2018-02-08,1.456653,0.477301,0.813164,2193,Elevado
2018-02-09,1.466035,0.477301,0.813164,2193,Elevado
2018-02-10,1.421648,0.477301,0.813164,2193,Elevado
2018-02-11,1.415991,0.477301,0.813164,2193,Elevado
2018-02-12,1.464212,0.477301,0.813164,2193,Elevado
2018-02-13,1.465024,0.477301,0.813164,2193,Elevado
2018-02-14,1.526561,0.477301,0.813164,2193,Elevado
2018-02-15,1.419563,0.477301,0.813164,2193,Elevado
2018-02-16,1.420755,0.477301,0.813164,2193,Elevado
2018-02-17,1.453553,0.477301,0.813164,2193,Elevado
2018-02-18,1.4662,0.477301,0.813164,2193,Elevado
2018-02-19,1.442254,0.477301,0.813164,2193,Elevado
2018-02-20,1.400539,0.477301,0.813164,2193,Elevado
2018-02-21,1.403789,0.477301,0.813164,2193,Elevado
2018-02-22,1.418397,0.477301,0.813164,2193,Elevado
2018-02-23,1.411651,0.477301,0.813164,2193,Elevado
2018-02-24,1.418783,0.477301,0.813164,2193,Elevado
2018-02-25,1.418919,0.477301,0.813164,2193,Elevado
2018-02-26,1.440119,0.477301,0.813164,2193,Elevado
2018-02-27,1.440663,0.477301,0.813164,2193,Elevado
2018-02-28,1.434594,0.477301,0.813164,2193,Elevado
2018-03-01,1.391273,0.477286,0.812171,2192,Elevado
2018-03-02,1.390621,0.477286,0.812171,2192,Elevado
2018-03-03,1.321974,0.477286,0.812171,2192,Elevado
2018-03-04,1.318895,0.477286,0.812171,2192,Elevado
2018-03-05,1.313707,0.477286,0.812171,2192,Elevado
2018-03-06,1.259365,0.477286,0.812171,2192,Elevado
2018-03-07,1.118686,0.477286,0.812171,2192,Elevado
2018-03-08,1.082363,0.477286,0.812171,2192,Elevado
2018-03-09,1.079366,0.477286,0.812171,2192,Elevado
2018-03-10,1.057713,0.477286,0.812171,2192,Elevado
2018-03-11,1.080158,0.477286,0.812171,2192,Elevado
2018-03-12,1.091068,0.477286,0.812171,2192,Elevado
2018-03-13,1.068332,0.477286,0.812171,2192,Elevado
2018-03-14,1.08344,0.477286,0.812171,2192,Elevado
2018-03-15,1.0741,0.477286,0.812171,2192,Elevado
2018-03-16,1.000163,0.477286,0.812171,2192,Elevado
2018-03-17,0.988775,0.477286,0.812171,2192,Elevado
2018-03-18,0.999612,0.477286,0.813501,2192,Elevado
2018-03-19,0.964791,0.477286,0.816376,2192,Elevado
2018-03-20,0.95555,0.477286,0.818657,2192,Elevado
2018-03-21,0.916812,0.477286,0.821339,2192,Elevado
2018-03-22,0.916811,0.477286,0.824979,2192,Elevado
2018-03-23,0.893883,0.477286,0.827457,2192,Elevado
2018-03-24,0.88277,0.477286,0.828201,2192,Elevado
2018-03-25,0.872804,0.477286,0.828832,2192,Elevado
2018-03-26,0.866854,0.477286,0.829246,2192,Elevado
2018-03-27,0.877471,0.477286,0.829478,2192,Elevado
2018-03-28,0.833281,0.477286,0.829923,2192,Elevado
2018-03-29,0.899557,0.477286,0.831076,2192,Elevado
2018-03-30,0.901774,0.477286,0.832708,2192,Elevado
2018-03-31,0.871883,0.477286,0.833298,2192,Elevado
2018-04-01,0.866555,0.477286,0.835113,2192,Elevado
2018-04-02,0.864728,0.477286,0.836938,2192,Elevado
2018-04-03,0.893469,0.477286,0.839599,2192,Elevado
2018-04-04,0.92718,0.477286,0.840919,2192,Elevado
2018-04-05,0.913378,0.477286,0.843139,2192,Elevado
2018-04-06,0.885025,0.477286,0.844462,2192,Elevado
2018-04-07,0.885265,0.477286,0.845325,2192,Elevado
2018-04-08,0.890363,0.477286,0.846968,2192,Elevado
2018-04-09,0.884271,0.477286,0.848667,2192,Elevado
2018-04-10,0.825619,0.477286,0.848667,2192,Normal
2018-04-11,0.82154,0.477286,0.848667,2192,Normal
2018-04-12,0.958282,0.477286,0.849676,2192,Elevado
2018-04-13,0.881142,0.477286,0.850082,2192,Elevado
2018-04-14,0.881938,0.477286,0.852022,2192,Elevado
2018-04-15,0.895413,0.477286,0.853797,2192,Elevado
2018-04-16,0.887954,0.477286,0.855197,2192,Elevado
2018-04-17,0.878672,0.477286,0.855806,2192,Elevado
2018-04-18,0.870185,0.477286,0.856259,2192,Elevado
2018-04-19,0.861578,0.477506,0.857366,2192,Elevado
2018-04-20,0.896809,0.477895,0.857868,2192,Elevado
2018-04-21,0.893741,0.477989,0.858135,2192,Elevado
2018-04-22,0.891127,0.478195,0.858306,2192,Elevado
2018-04-23,0.879889,0.478313,0.85836,2192,Elevado
2018-04-24,0.915356,0.478395,0.858805,2192,Elevado
2018-04-25,0.956813,0.478508,0.859747,2192,Elevado
2018-04-26,0.95184,0.478686,0.860269,2192,Elevado
2018-04-27,0.963258,0.47938,0.86097,2192,Elevado
2018-04-28,0.877158,0.480301,0.861479,2192,Elevado
2018-04-29,0.863265,0.480687,0.861651,2192,Elevado
2018-04-30,0.868302,0.480991,0.862147,2192,Elevado
2018-05-01,0.869256,0.481387,0.862969,2192,Elevado
2018-05-02,0.865052,0.481485,0.86424,2192,Elevado
2018-05-03,0.867314,0.48187,0.864944,2192,Elevado
2018-05-04,0.797386,0.482657,0.864944,2192,Normal
2018-05-05,0.795297,0.482812,0.864944,2192,Normal
2018-05-06,0.794018,0.482873,0.864944,2192,Normal
2018-05-07,0.798483,0.482983,0.864944,2192,Normal
2018-05-08,0.805135,0.483228,0.864944,2192,Normal
2018-05-09,0.789018,0.483387,0.864944,2192,Normal
2018-05-10,0.802469,0.48361,0.864944,2192,Normal
2018-05-11,0.848186,0.483689,0.864944,2192,Normal
2018-05-12,0.71631,0.48396,0.864944,2192,Normal
2018-05-13,0.720333,0.484444,0.864944,2192,Normal
2018-05-14,0.719713,0.484477,0.864944,2192,Normal
2018-05-15,0.709845,0.484506,0.864944,2192,Normal
2018-05-16,0.699149,0.484597,0.864944,2192,Normal
2018-05-17,0.706305,0.484825,0.864944,2192,Normal
2018-05-18,0.699838,0.484989,0.864944,2192,Normal
2018-05-19,0.698607,0.485185,0.864944,2192,Normal
2018-05-20,0.66523,0.485472,0.864944,2192,Normal
2018-05-21,0.66624,0.485611,0.864944,2192,Normal
2018-05-22,0.685591,0.485779,0.864944,2192,Normal
2018-05-23,0.711058,0.486043,0.864944,2192,Normal
2018-05-24,0.651387,0.486233,0.864944,2192,Normal
2018-05-25,0.590817,0.486267,0.864944,2192,Normal
2018-05-26,0.562856,0.486321,0.864944,2192,Normal
2018-05-27,0.552392,0.486428,0.864944,2192,Normal
2018-05-28,0.525233,0.48663,0.864944,2192,Normal
2018-05-29,0.561183,0.486745,0.864944,2192,Normal
2018-05-30,0.560617,0.487004,0.864944,2192,Normal
2018-05-31,0.564671,0.487378,0.864944,2192,Normal
2018-06-01,0.559399,0.487882,0.864944,2192,Normal
2018-06-02,0.522736,0.487984,0.864944,2192,Normal
2018-06-03,0.525563,0.487996,0.864944,2192,Normal
2018-06-04,0.5249,0.488039,0.864944,2192,Normal
2018-06-05,0.530956,0.48812,0.864944,2192,Normal
2018-06-06,0.527794,0.488187,0.864944,2192,Normal
2018-06-07,0.526567,0.488417,0.864944,2192,Normal
2018-06-08,0.521118,0.488919,0.864944,2192,Normal
2018-06-09,0.514816,0.489284,0.864944,2192,Normal
2018-06-10,0.568962,0.489647,0.864944,2192,Normal
2018-06-11,0.571515,0.489967,0.864944,2192,Normal
2018-06-12,0.57685,0.490298,0.864944,2192,Normal
2018-06-13,0.585291,0.490404,0.864944,2192,Normal
2018-06-14,0.622899,0.49051,0.864944,2192,Normal
2018-06-15,0.631894,0.490639,0.864944,2192,Normal
2018-06-16,0.630525,0.490883,0.864944,2192,Normal
2018-06-17,0.621528,0.491123,0.864944,2192,Normal
2018-06-18,0.642423,0.491791,0.864944,2192,Normal
2018-06-19,0.626579,0.49234,0.864944,2192,Normal
2018-06-20,0.627126,0.492687,0.864944,2192,Normal
2018-06-21,0.608017,0.492912,0.864944,2192,Normal
2018-06-22,0.672398,0.493323,0.864944,2192,Normal
2018-06-23,0.676523,0.493747,0.864944,2192,Normal
2018-06-24,0.675889,0.494595,0.864944,2192,Normal
2018-06-25,0.678985,0.494957,0.864944,2192,Normal
2018-06-26,0.683923,0.49511,0.864944,2192,Normal
2018-06-27,0.67986,0.495375,0.864944,2192,Normal
2018-06-28,0.667099,0.495863,0.864944,2192,Normal
2018-06-29,0.706756,0.496112,0.864944,2192,Normal
2018-06-30,0.713237,0.496295,0.864944,2192,Normal
2018-07-01,0.712667,0.496362,0.864944,2192,Normal
2018-07-02,0.726608,0.496636,0.864944,2192,Normal
2018-07-03,0.726092,0.497203,0.864944,2192,Normal
2018-07-04,0.72373,0.497861,0.864944,2192,Normal
2018-07-05,0.719635,0.498659,0.864944,2192,Normal
2018-07-06,0.720564,0.498925,0.864944,2192,Normal
2018-07-07,0.727284,0.499049,0.864944,2192,Normal
2018-07-08,0.727181,0.499049,0.864944,2192,Normal
2018-07-09,0.725852,0.499049,0.864944,2192,Normal
2018-07-10,0.667396,0.499443,0.864944,2192,Normal
2018-07-11,0.666832,0.5003,0.864944,2192,Normal
2018-07-12,0.650245,0.50098,0.864944,2192,Normal
2018-07-13,0.636349,0.50098,0.864944,2192,Normal
2018-07-14,0.607636,0.50098,0.864944,2192,Normal
2018-07-15,0.595833,0.50098,0.864944,2192,Normal
2018-07-16,0.626405,0.501628,0.864944,2192,Normal
2018-07-17,0.689228,0.501628,0.864944,2192,Normal
2018-07-18,0.678218,0.501628,0.864944,2192,Normal
2018-07-19,0.67908,0.501628,0.864944,2192,Normal
2018-07-20,0.683583,0.501628,0.864944,2192,Normal
2018-07-21,0.683443,0.501628,0.864944,2192,Normal
2018-07-22,0.562354,0.501628,0.864944,2192,Normal
2018-07-23,0.574373,0.501628,0.864944,2192,Normal
2018-07-24,0.632903,0.501628,0.864944,2192,Normal
2018-07-25,0.646236,0.501628,0.864944,2192,Normal
2018-07-26,0.646763,0.501628,0.864944,2192,Normal
2018-07-27,0.65171,0.501628,0.864944,2192,Normal
2018-07-28,0.617971,0.501628,0.864944,2192,Normal
2018-07-29,0.595118,0.501628,0.864944,2192,Normal
2018-07-30,0.593457,0.501628,0.864944,2192,Normal
2018-07-31,0.631367,0.501628,0.864944,2192,Normal
2018-08-01,0.62381,0.501628,0.864944,2192,Normal
2018-08-02,0.621275,0.501628,0.864944,2192,Normal
2018-08-03,0.624951,0.501628,0.864944,2192,Normal
2018-08-04,0.658616,0.501628,0.864944,2192,Normal
2018-08-05,0.658112,0.501628,0.864944,2192,Normal
2018-08-06,0.655297,0.501628,0.864944,2192,Normal
2018-08-07,0.66467,0.501628,0.864944,2192,Normal
2018-08-08,0.704298,0.501628,0.864944,2192,Normal
2018-08-09,0.690794,0.501628,0.864944,2192,Normal
2018-08-10,0.725402,0.501628,0.864944,2192,Normal
2018-08-11,0.724055,0.501628,0.864944,2192,Normal
2018-08-12,0.724916,0.501628,0.864944,2192,Normal
2018-08-13,0.725546,0.501628,0.864944,2192,Normal
2018-08-14,0.72372,0.501628,0.864944,2192,Normal
2018-08-15,0.695186,0.501628,0.864944,2192,Normal
2018-08-16,0.622728,0.501628,0.864944,2192,Normal
2018-08-17,0.64182,0.501628,0.864944,2192,Normal
2018-08-18,0.644182,0.501628,0.864944,2192,Normal
2018-08-19,0.645149,0.501628,0.864944,2192,Normal
2018-08-20,0.651443,0.501628,0.86424,2192,Normal
2018-08-21,0.666108,0.501628,0.862969,2192,Normal
2018-08-22,0.645651,0.501628,0.862147,2192,Normal
2018-08-23,0.569018,0.501628,0.861651,2192,Normal
2018-08-24,0.576483,0.501628,0.861479,2192,Normal
2018-08-25,0.571318,0.501628,0.86097,2192,Normal
2018-08-26,0.555231,0.501628,0.860269,2192,Normal
2018-08-27,0.568098,0.501628,0.859747,2192,Normal
2018-08-28,0.578324,0.501628,0.858805,2192,Normal
2018-08-29,0.57832,0.501628,0.85836,2192,Normal
2018-08-30,0.549852,0.501628,0.858306,2192,Normal
2018-08-31,0.548582,0.501628,0.858135,2192,Normal
2018-09-01,0.555647,0.501628,0.857868,2192,Normal
2018-09-02,0.555905,0.501628,0.857366,2192,Normal
2018-09-03,0.518449,0.501628,0.856259,2192,Normal
2018-09-04,0.520334,0.501628,0.855806,2192,Normal
2018-09-05,0.622488,0.501628,0.855197,2192,Normal
2018-09-06,0.620305,0.501628,0.853797,2192,Normal
2018-09-07,0.575831,0.501628,0.852022,2192,Normal
2018-09-08,0.570319,0.501628,0.850082,2192,Normal
2018-09-09,0.525912,0.501628,0.849676,2192,Normal
2018-09-10,0.524168,0.501628,0.84886,2192,Normal
2018-09-11,0.522813,0.501628,0.847993,2192,Normal
2018-09-12,0.522286,0.501628,0.846968,2192,Normal
2018-09-13,0.528197,0.501628,0.845325,2192,Normal
2018-09-14,0.526756,0.501628,0.844462,2192,Normal
2018-09-15,0.526778,0.501628,0.843139,2192,Normal
2018-09-16,0.50641,0.501628,0.840919,2192,Normal
2018-09-17,0.514945,0.501628,0.839599,2192,Normal
2018-09-18,0.514789,0.501628,0.836938,2192,Normal
2018-09-19,0.500873,0.5011,0.835113,2192,Bajo
2018-09-20,0.489445,0.5011,0.835113,2192,Bajo
2018-09-21,0.502265,0.501628,0.835113,2192,Normal
2018-09-22,0.495173,0.501628,0.835113,2192,Bajo
2018-09-23,0.487251,0.501628,0.835113,2192,Bajo
2018-09-24,0.490837,0.501628,0.835113,2192,Bajo
2018-09-25,0.497045,0.501628,0.835113,2192,Bajo
2018-09-26,0.484686,0.501628,0.835113,2192,Bajo
2018-09-27,0.491387,0.501628,0.835113,2192,Bajo
2018-09-28,0.492053,0.501628,0.835113,2192,Bajo
2018-09-29,0.491834,0.501628,0.835113,2192,Bajo
2018-09-30,0.491542,0.501628,0.835113,2192,Bajo
2018-10-01,0.482754,0.501628,0.835113,2192,Bajo
2018-10-02,0.479273,0.501628,0.835113,2192,Bajo
2018-10-03,0.479374,0.501628,0.835113,2192,Bajo
2018-10-04,0.479378,0.501628,0.835113,2192,Bajo
2018-10-05,0.341973,0.501628,0.835113,2192,Bajo
2018-10-06,0.327674,0.501628,0.835113,2192,Bajo
2018-10-07,0.323707,0.501628,0.835113,2192,Bajo
2018-10-08,0.296315,0.501628,0.835113,2192,Bajo
2018-10-09,0.295612,0.501628,0.835113,2192,Bajo
2018-10-10,0.297115,0.501628,0.835113,2192,Bajo
2018-10-11,0.3608,0.501628,0.835113,2192,Bajo
2018-10-12,0.360452,0.501628,0.835113,2192,Bajo
2018-10-13,0.348087,0.501628,0.835113,2192,Bajo
2018-10-14,0.348111,0.501628,0.835113,2192,Bajo
2018-10-15,0.377634,0.501628,0.835113,2192,Bajo
2018-10-16,0.377687,0.501628,0.835113,2192,Bajo
2018-10-17,0.351904,0.501628,0.835113,2192,Bajo
2018-10-18,0.350335,0.501628,0.835113,2192,Bajo
2018-10-19,0.349068,0.501628,0.835113,2192,Bajo
2018-10-20,0.344574,0.501628,0.835113,2192,Bajo
2018-10-21,0.314345,0.501628,0.835113,2192,Bajo
2018-10-22,0.31399,0.501628,0.835113,2192,Bajo
2018-10-23,0.313991,0.501628,0.835113,2192,Bajo
2018-10-24,0.308524,0.501628,0.835113,2192,Bajo
2018-10-25,0.297731,0.501628,0.835113,2192,Bajo
2018-10-26,0.297244,0.501628,0.835113,2192,Bajo
2018-10-27,0.27116,0.501628,0.835113,2192,Bajo
2018-10-28,0.269103,0.501628,0.835113,2192,Bajo
2018-10-29,0.278595,0.501628,0.835113,2192,Bajo
2018-10-30,0.278248,0.5011,0.835113,2192,Bajo
2018-10-31,0.279189,0.50036,0.835113,2192,Bajo
2018-11-01,0.278156,0.499443,0.835113,2192,Bajo
2018-11-02,0.277452,0.499443,0.835113,2192,Bajo
2018-11-03,0.272505,0.499443,0.835113,2192,Bajo
2018-11-04,0.276479,0.499443,0.835113,2192,Bajo
2018-11-05,0.276007,0.499443,0.835113,2192,Bajo
2018-11-06,0.27655,0.499443,0.835113,2192,Bajo
2018-11-07,0.277829,0.499443,0.835113,2192,Bajo
2018-11-08,0.282212,0.499443,0.835113,2192,Bajo
2018-11-09,0.283063,0.499443,0.835113,2192,Bajo
2018-11-10,0.19626,0.499443,0.835113,2192,Bajo
2018-11-11,0.195678,0.499443,0.835113,2192,Bajo
2018-11-12,0.197173,0.499443,0.835113,2192,Bajo
2018-11-13,0.199768,0.499443,0.835113,2192,Bajo
2018-11-14,0.411347,0.499443,0.835113,2192,Bajo
2018-11-15,0.41054,0.499443,0.835113,2192,Bajo
2018-11-16,0.411679,0.499443,0.835113,2192,Bajo
2018-11-17,0.411914,0.499443,0.835113,2192,Bajo
2018-11-18,0.415179,0.499443,0.835113,2192,Bajo
2018-11-19,0.682151,0.50036,0.835113,2192,Normal
2018-11-20,0.728401,0.5011,0.835113,2192,Normal
2018-11-21,0.752204,0.501628,0.835113,2192,Normal
2018-11-22,0.769719,0.50194,0.835113,2192,Normal
2018-11-23,0.769758,0.502345,0.835113,2192,Normal
2018-11-24,0.860636,0.502672,0.836938,2192,Elevado
2018-11-25,0.881166,0.503408,0.839599,2192,Elevado
2018-11-26,0.889321,0.504953,0.840919,2192,Elevado
2018-11-27,0.893298,0.50725,0.843139,2192,Elevado
2018-11-28,1.001746,0.509014,0.844462,2192,Elevado
2018-11-29,1.003124,0.509304,0.845325,2192,Elevado
2018-11-30,1.018666,0.510255,0.846968,2192,Elevado
2018-12-01,1.035623,0.511882,0.847993,2192,Elevado
2018-12-02,1.034248,0.512414,0.84886,2192,Elevado
2018-12-03,1.049424,0.512699,0.849676,2192,Elevado
2018-12-04,1.051086,0.513123,0.850082,2192,Elevado
2018-12-05,1.057985,0.514043,0.852022,2192,Elevado
2018-12-06,1.07051,0.514335,0.853797,2192,Elevado
2018-12-07,1.065466,0.514407,0.855197,2192,Elevado
2018-12-08,1.069441,0.51452,0.855806,2192,Elevado
2018-12-09,1.088778,0.514743,0.856259,2192,Elevado
2018-12-10,1.086769,0.514789,0.857366,2192,Elevado
2018-12-11,1.084017,0.514795,0.857868,2192,Elevado
2018-12-12,1.093708,0.514808,0.858135,2192,Elevado
2018-12-13,1.097718,0.514859,0.858306,2192,Elevado
2018-12-14,1.047974,0.515554,0.85836,2192,Elevado
2018-12-15,1.047402,0.516823,0.858805,2192,Elevado
2018-12-16,1.050426,0.516943,0.859747,2192,Elevado
2018-12-17,1.115851,0.517138,0.860269,2192,Elevado
2018-12-18,1.134027,0.517504,0.86054,2192,Elevado
2018-12-19,1.00435,0.517729,0.861066,2192,Elevado
2018-12-20,1.034661,0.51795,0.861479,2192,Elevado
2018-12-21,1.04028,0.518061,0.861651,2192,Elevado
2018-12-22,1.031027,0.518273,0.862739,2192,Elevado
2018-12-23,1.031114,0.51834,0.86424,2192,Elevado
2018-12-24,0.935699,0.518452,0.864944,2192,Elevado
2018-12-25,0.954345,0.518469,0.865257,2192,Elevado
2018-12-26,0.934727,0.51857,0.866068,2192,Elevado
2018-12-27,0.956577,0.518768,0.86651,2192,Elevado
2018-12-28,0.911771,0.519147,0.866613,2192,Elevado
2018-12-29,0.921101,0.519762,0.866672,2192,Elevado
2018-12-30,0.898883,0.519936,0.866798,2192,Elevado
2018-12-31,0.893927,0.520211,0.866887,2192,Elevado
2019-01-01,0.903611,0.520353,0.867178,2192,Elevado
2019-01-02,0.87435,0.520394,0.867885,2192,Elevado
2019-01-03,0.876573,0.520641,0.868258,2192,Elevado
2019-01-04,0.855453,0.521285,0.868258,2192,Normal
2019-01-05,0.813717,0.52183,0.868258,2192,Normal
2019-01-06,0.836797,0.522264,0.868258,2192,Normal
2019-01-07,0.83837,0.522399,0.868258,2192,Normal
2019-01-08,0.830573,0.522661,0.868258,2192,Normal
2019-01-09,0.818522,0.522762,0.868258,2192,Normal
2019-01-10,0.892476,0.523093,0.868509,2192,Elevado
2019-01-11,0.889553,0.523669,0.868662,2192,Elevado
2019-01-12,0.87,0.523855,0.869039,2192,Elevado
2019-01-13,0.87307,0.524371,0.869242,2192,Elevado
2019-01-14,0.882494,0.524818,0.869752,2192,Elevado
2019-01-15,0.888219,0.524989,0.870124,2192,Elevado
2019-01-16,0.831491,0.525177,0.870124,2192,Normal
2019-01-17,0.815003,0.525211,0.870124,2192,Normal
2019-01-18,0.815226,0.525237,0.870124,2192,Normal
2019-01-19,0.733747,0.52535,0.870124,2192,Normal
2019-01-20,0.718625,0.52568,0.870124,2192,Normal
2019-01-21,0.705124,0.526066,0.870124,2192,Normal
2019-01-22,0.707219,0.526404,0.870124,2192,Normal
2019-01-23,0.700858,0.526498,0.870124,2192,Normal
2019-01-24,0.665554,0.526612,0.870124,2192,Normal
2019-01-25,0.664618,0.526709,0.870124,2192,Normal
2019-01-26,0.632298,0.526732,0.870124,2192,Normal
2019-01-27,0.564819,0.526763,0.870124,2192,Normal
2019-01-28,0.555862,0.526941,0.870124,2192,Normal
2019-01-29,0.544425,0.52735,0.870124,2192,Normal
2019-01-30,0.533814,0.527609,0.870124,2192,Normal
2019-01-31,0.516963,0.527609,0.870124,2192,Bajo
2019-02-01,0.513299,0.527609,0.870124,2192,Bajo
2019-02-02,0.509012,0.527609,0.870124,2192,Bajo
2019-02-03,0.508847,0.527609,0.870124,2192,Bajo
2019-02-04,0.508797,0.527609,0.870124,2192,Bajo
2019-02-05,0.449401,0.527609,0.870124,2192,Bajo
2019-02-06,0.452008,0.527609,0.870124,2192,Bajo
2019-02-07,0.452118,0.527609,0.870124,2192,Bajo
2019-02-08,0.533514,0.527928,0.870124,2192,Normal
2019-02-09,0.40893,0.527928,0.870124,2192,Bajo
2019-02-10,0.409789,0.527928,0.870124,2192,Bajo
2019-02-11,0.413948,0.527928,0.870124,2192,Bajo
2019-02-12,0.401364,0.527928,0.870124,2192,Bajo
2019-02-13,0.373668,0.527928,0.870124,2192,Bajo
2019-02-14,0.364356,0.527928,0.870124,2192,Bajo
2019-02-15,0.363218,0.527609,0.870124,2192,Bajo
2019-02-16,0.362028,0.52735,0.870124,2192,Bajo
2019-02-17,0.363858,0.526941,0.870124,2192,Bajo
2019-02-18,0.4242,0.526763,0.870124,2192,Bajo
2019-02-19,0.396728,0.526732,0.870124,2192,Bajo
2019-02-20,0.397607,0.526709,0.870124,2192,Bajo
2019-02-21,0.398642,0.526612,0.870124,2192,Bajo
2019-02-22,0.397798,0.526498,0.870124,2192,Bajo
2019-02-23,0.421229,0.526404,0.870124,2192,Bajo
2019-02-24,0.552194,0.526404,0.870124,2192,Normal
2019-02-25,0.557499,0.526404,0.870124,2192,Normal
2019-02-26,0.557587,0.526404,0.870124,2192,Normal
2019-02-27,0.545436,0.526404,0.870124,2192,Normal
2019-02-28,0.543176,0.526404,0.870124,2192,Normal
2019-03-01,0.541983,0.526404,0.870124,2192,Normal
2019-03-02,0.540754,0.526404,0.870124,2192,Normal
2019-03-03,0.541597,0.526404,0.870124,2192,Normal
2019-03-04,0.549674,0.526404,0.870124,2192,Normal
2019-03-05,0.560664,0.526404,0.870124,2192,Normal
2019-03-06,0.560413,0.526404,0.870124,2192,Normal
2019-03-07,0.560446,0.526404,0.870124,2192,Normal
2019-03-08,0.55464,0.526404,0.870124,2192,Normal
2019-03-09,0.556316,0.526404,0.870124,2192,Normal
2019-03-10,0.495553,0.526066,0.870124,2192,Bajo
2019-03-11,0.498257,0.52568,0.870124,2192,Bajo
2019-03-12,0.497856,0.52535,0.870124,2192,Bajo
2019-03-13,0.493528,0.525237,0.870124,2192,Bajo
2019-03-14,0.493409,0.525211,0.870124,2192,Bajo
2019-03-15,0.494096,0.525177,0.870124,2192,Bajo
2019-03-16,0.498052,0.524989,0.870124,2192,Bajo
2019-03-17,0.499218,0.524818,0.870124,2192,Bajo
2019-03-18,0.499293,0.524371,0.870124,2192,Bajo
2019-03-19,0.498379,0.523855,0.870124,2192,Bajo
2019-03-20,0.446194,0.523669,0.869752,2192,Bajo
2019-03-21,0.449319,0.523093,0.869242,2192,Bajo
2019-03-22,0.447416,0.522762,0.869039,2192,Bajo
2019-03-23,0.446077,0.522661,0.868662,2192,Bajo
2019-03-24,0.444966,0.522399,0.868509,2192,Bajo
2019-03-25,0.419978,0.522264,0.868258,2192,Bajo
2019-03-26,0.237495,0.52183,0.867885,2192,Bajo
2019-03-27,0.240003,0.521285,0.867178,2192,Bajo
2019-03-28,0.238772,0.520641,0.866887,2192,Bajo
2019-03-29,0.246263,0.520394,0.866798,2192,Bajo
2019-03-30,0.245815,0.520353,0.866672,2192,Bajo
2019-03-31,0.245873,0.520211,0.866613,2192,Bajo
2019-04-01,0.247119,0.519936,0.86651,2192,Bajo
2019-04-02,0.629918,0.519936,0.866068,2192,Normal
2019-04-03,0.619057,0.519936,0.865257,2192,Normal
2019-04-04,0.615671,0.519936,0.864944,2192,Normal
2019-04-05,0.618509,0.519936,0.86424,2192,Normal
2019-04-06,0.618673,0.519936,0.862739,2192,Normal
2019-04-07,0.621024,0.519936,0.861651,2192,Normal
2019-04-08,0.621027,0.519936,0.861479,2192,Normal
2019-04-09,0.62679,0.519936,0.861066,2192,Normal
2019-04-10,0.623758,0.519936,0.86054,2192,Normal
2019-04-11,0.663963,0.519936,0.860269,2192,Normal
2019-04-12,0.662635,0.519936,0.859747,2192,Normal
2019-04-13,0.66339,0.519936,0.858805,2192,Normal
2019-04-14,0.664297,0.519936,0.85836,2192,Normal
2019-04-15,0.674044,0.519936,0.858306,2192,Normal
2019-04-16,0.678304,0.519936,0.858135,2192,Normal
2019-04-17,0.677786,0.519936,0.857868,2192,Normal
2019-04-18,0.677746,0.519936,0.857366,2192,Normal
2019-04-19,0.678274,0.519936,0.856259,2192,Normal
2019-04-20,0.673178,0.519936,0.855806,2192,Normal
2019-04-21,0.674461,0.519936,0.855608,2192,Normal
2019-04-22,0.674082,0.519936,0.855042,2192,Normal
2019-04-23,0.674691,0.519936,0.853797,2192,Normal
2019-04-24,0.675379,0.519936,0.852022,2192,Normal
2019-04-25,0.717157,0.519936,0.850082,2192,Normal
2019-04-26,0.714682,0.519936,0.849676,2192,Normal
2019-04-27,0.713772,0.519936,0.84886,2192,Normal
2019-04-28,0.713504,0.519936,0.847993,2192,Normal
2019-04-29,0.714013,0.519936,0.846968,2192,Normal
2019-04-30,0.715469,0.519936,0.845325,2192,Normal
2019-05-01,0.71546,0.519936,0.844462,2192,Normal
2019-05-02,0.419068,0.519762,0.843139,2192,Bajo
2019-05-03,0.447354,0.519147,0.840919,2192,Bajo
2019-05-04,0.444936,0.518768,0.839923,2192,Bajo
2019-05-05,0.441172,0.51857,0.838046,2192,Bajo
2019-05-06,0.441946,0.518469,0.837198,2192,Bajo
2019-05-07,0.43348,0.518452,0.836537,2192,Bajo
2019-05-08,0.442175,0.51834,0.835113,2192,Bajo
2019-05-09,0.448221,0.518273,0.833298,2192,Bajo
2019-05-10,0.451178,0.518061,0.832708,2192,Bajo
2019-05-11,0.578572,0.518061,0.831538,2192,Normal
2019-05-12,0.600531,0.518061,0.831185,2192,Normal
2019-05-13,0.696645,0.518061,0.830416,2192,Normal
2019-05-14,0.696977,0.518061,0.829923,2192,Normal
2019-05-15,0.68219,0.518061,0.829478,2192,Normal
2019-05-16,0.707233,0.518061,0.829246,2192,Normal
2019-05-17,0.764341,0.518061,0.828832,2192,Normal
2019-05-18,0.768848,0.518061,0.828201,2192,Normal
2019-05-19,0.859934,0.518061,0.828201,2192,Elevado
2019-05-20,0.869955,0.518061,0.828201,2192,Elevado
2019-05-21,0.870488,0.518061,0.828201,2192,Elevado
2019-05-22,0.891922,0.518061,0.828201,2192,Elevado
2019-05-23,0.893562,0.518061,0.828201,2192,Elevado
2019-05-24,0.887753,0.518061,0.828201,2192,Elevado
2019-05-25,0.850132,0.518061,0.828201,2192,Elevado
2019-05-26,0.878306,0.518061,0.828201,2192,Elevado
2019-05-27,0.877977,0.518061,0.828201,2192,Elevado
2019-05-28,0.879352,0.518061,0.828201,2192,Elevado
2019-05-29,0.880586,0.518061,0.828201,2192,Elevado
2019-05-30,0.907093,0.518061,0.828201,2192,Elevado
2019-05-31,0.908744,0.518061,0.828201,2192,Elevado
2019-06-01,0.910141,0.518061,0.828201,2192,Elevado
2019-06-02,0.902079,0.518061,0.828832,2192,Elevado
2019-06-03,0.954218,0.518061,0.829246,2192,Elevado
2019-06-04,0.980043,0.518061,0.829478,2192,Elevado
2019-06-05,0.978911,0.518061,0.829923,2192,Elevado
2019-06-06,0.979288,0.518061,0.830416,2192,Elevado
2019-06-07,0.977457,0.518061,0.831185,2192,Elevado
2019-06-08,0.974984,0.518061,0.831538,2192,Elevado
2019-06-09,0.985191,0.518061,0.832708,2192,Elevado
2019-06-10,0.895121,0.518061,0.833298,2192,Elevado
2019-06-11,0.886809,0.518061,0.835113,2192,Elevado
2019-06-12,0.802478,0.518061,0.835113,2192,Normal
2019-06-13,0.79932,0.518061,0.835113,2192,Normal
2019-06-14,0.815769,0.518061,0.835113,2192,Normal
2019-06-15,0.80268,0.518061,0.835113,2192,Normal
2019-06-16,0.758222,0.518061,0.835113,2192,Normal
2019-06-17,0.763234,0.518061,0.835113,2192,Normal
2019-06-18,0.65403,0.518061,0.835113,2192,Normal
2019-06-19,0.649364,0.518061,0.835113,2192,Normal
2019-06-20,0.652617,0.518061,0.835113,2192,Normal
2019-06-21,0.664794,0.518061,0.835113,2192,Normal
2019-06-22,0.669546,0.518061,0.835113,2192,Normal
2019-06-23,0.669638,0.518061,0.835113,2192,Normal
2019-06-24,0.67017,0.518061,0.835113,2192,Normal
2019-06-25,0.651128,0.518061,0.835113,2192,Normal
2019-06-26,0.714866,0.518061,0.835113,2192,Normal
2019-06-27,0.905651,0.518061,0.836537,2192,Elevado
2019-06-28,0.961196,0.518061,0.837198,2192,Elevado
2019-06-29,0.957885,0.518061,0.838046,2192,Elevado
2019-06-30,1.027396,0.518061,0.839923,2192,Elevado
2019-07-01,1.030821,0.518061,0.840919,2192,Elevado
2019-07-02,1.031347,0.518061,0.843139,2192,Elevado
2019-07-03,1.036504,0.518061,0.844462,2192,Elevado
2019-07-04,1.050722,0.518061,0.845325,2192,Elevado
2019-07-05,1.054504,0.518061,0.847354,2192,Elevado
2019-07-06,1.054584,0.518061,0.847354,2192,Elevado
2019-07-07,1.054032,0.518061,0.847354,2192,Elevado
2019-07-08,1.069398,0.518061,0.847354,2192,Elevado
2019-07-09,1.052353,0.518061,0.847354,2192,Elevado
2019-07-10,1.0621,0.518061,0.847354,2192,Elevado
2019-07-11,1.092724,0.518061,0.847354,2192,Elevado
2019-07-12,1.094837,0.518061,0.847354,2192,Elevado
2019-07-13,1.108248,0.518061,0.847354,2192,Elevado
2019-07-14,1.173493,0.518061,0.847354,2192,Elevado
2019-07-15,1.189737,0.518061,0.847354,2192,Elevado
2019-07-16,1.297594,0.518061,0.847354,2192,Elevado
2019-07-17,1.294608,0.518061,0.847354,2192,Elevado
2019-07-18,1.328929,0.518061,0.847354,2192,Elevado
2019-07-19,1.3287,0.518061,0.847354,2192,Elevado
2019-07-20,1.327376,0.518061,0.847354,2192,Elevado
2019-07-21,1.307267,0.518061,0.847354,2192,Elevado
2019-07-22,1.302027,0.518061,0.847354,2192,Elevado
2019-07-23,1.310508,0.518061,0.847354,2192,Elevado
2019-07-24,1.308358,0.518061,0.847354,2192,Elevado
2019-07-25,1.287185,0.518061,0.847354,2192,Elevado
2019-07-26,1.235039,0.518061,0.847354,2192,Elevado
2019-07-27,1.136261,0.518061,0.847354,2192,Elevado
2019-07-28,1.069007,0.518061,0.847354,2192,Elevado
2019-07-29,1.062699,0.518061,0.847354,2192,Elevado
2019-07-30,1.013373,0.518061,0.847354,2192,Elevado
2019-07-31,1.0292,0.518061,0.847354,2192,Elevado
2019-08-01,1.032016,0.518061,0.847354,2192,Elevado
2019-08-02,0.966829,0.518061,0.847354,2192,Elevado
2019-08-03,0.941859,0.518061,0.847354,2192,Elevado
2019-08-04,0.94239,0.518061,0.847354,2192,Elevado
2019-08-05,0.972257,0.518061,0.84886,2192,Elevado
2019-08-06,0.975315,0.518061,0.849676,2192,Elevado
2019-08-07,0.956316,0.518061,0.85006,2192,Elevado
2019-08-08,0.952599,0.518061,0.850154,2192,Elevado
2019-08-09,0.944161,0.518061,0.852022,2192,Elevado
2019-08-10,0.934036,0.518273,0.853797,2192,Elevado
2019-08-11,0.926651,0.51834,0.855042,2192,Elevado
2019-08-12,0.918463,0.518452,0.855608,2192,Elevado
2019-08-13,0.846728,0.518469,0.855608,2192,Normal
2019-08-14,0.86494,0.51857,0.855806,2192,Elevado
2019-08-15,0.708993,0.518768,0.855806,2192,Normal
2019-08-16,0.702358,0.519147,0.855806,2192,Normal
2019-08-17,0.622161,0.519762,0.855806,2192,Normal
2019-08-18,0.622576,0.519936,0.855806,2192,Normal
2019-08-19,0.651031,0.520211,0.855806,2192,Normal
2019-08-20,0.651103,0.520353,0.855806,2192,Normal
2019-08-21,0.679897,0.520394,0.855806,2192,Normal
2019-08-22,0.658374,0.520641,0.855806,2192,Normal
2019-08-23,0.664227,0.521285,0.855806,2192,Normal
2019-08-24,0.669522,0.52183,0.855806,2192,Normal
2019-08-25,0.669362,0.522264,0.855806,2192,Normal
2019-08-26,0.658108,0.522399,0.855806,2192,Normal
2019-08-27,0.662402,0.522661,0.855806,2192,Normal
2019-08-28,0.683043,0.522762,0.855806,2192,Normal
2019-08-29,0.687092,0.523093,0.855806,2192,Normal
2019-08-30,0.663855,0.523669,0.855806,2192,Normal
2019-08-31,0.653148,0.523855,0.855806,2192,Normal
2019-09-01,0.655246,0.524371,0.855806,2192,Normal
2019-09-02,0.68469,0.524818,0.855806,2192,Normal
2019-09-03,0.687262,0.524989,0.855806,2192,Normal
2019-09-04,0.635484,0.525177,0.855806,2192,Normal
2019-09-05,0.629203,0.525211,0.855806,2192,Normal
2019-09-06,0.611738,0.525237,0.855806,2192,Normal
2019-09-07,0.616092,0.52535,0.855806,2192,Normal
2019-09-08,0.61586,0.52568,0.855806,2192,Normal
2019-09-09,0.593149,0.526066,0.855806,2192,Normal
2019-09-10,0.588971,0.526404,0.855806,2192,Normal
2019-09-11,0.589259,0.526498,0.855806,2192,Normal
2019-09-12,0.576703,0.526612,0.855806,2192,Normal
2019-09-13,0.501747,0.526612,0.855806,2192,Bajo
2019-09-14,0.492738,0.526612,0.855806,2192,Bajo
2019-09-15,0.4927,0.526612,0.855806,2192,Bajo
2019-09-16,0.490358,0.526612,0.855806,2192,Bajo
2019-09-17,0.489562,0.526612,0.855806,2192,Bajo
2019-09-18,0.443169,0.526612,0.855806,2192,Bajo
2019-09-19,0.443701,0.526612,0.855806,2192,Bajo
2019-09-20,0.39019,0.526612,0.855806,2192,Bajo
2019-09-21,0.395357,0.526612,0.855806,2192,Bajo
2019-09-22,0.381984,0.526612,0.855806,2192,Bajo
2019-09-23,0.390963,0.526612,0.855806,2192,Bajo
2019-09-24,0.583853,0.526709,0.855806,2192,Normal
2019-09-25,0.575632,0.526732,0.855806,2192,Normal
2019-09-26,0.590145,0.526763,0.855806,2192,Normal
2019-09-27,0.57941,0.526941,0.855806,2192,Normal
2019-09-28,0.576809,0.52735,0.855806,2192,Normal
2019-09-29,0.577122,0.527609,0.855806,2192,Normal
2019-09-30,0.590602,0.527928,0.855806,2192,Normal
2019-10-01,0.585552,0.528276,0.855806,2192,Normal
2019-10-02,0.536248,0.528582,0.855806,2192,Normal
2019-10-03,0.526386,0.528276,0.855806,2192,Bajo
2019-10-04,0.526062,0.527928,0.855608,2192,Bajo
2019-10-05,0.526126,0.527609,0.855042,2192,Bajo
2019-10-06,0.531977,0.527609,0.853797,2192,Normal
2019-10-07,0.556325,0.527609,0.852022,2192,Normal
2019-10-08,0.556585,0.527609,0.850154,2192,Normal
2019-10-09,0.590595,0.527609,0.85006,2192,Normal
2019-10-10,0.588497,0.527609,0.849676,2192,Normal
2019-10-11,0.597485,0.527609,0.84886,2192,Normal
2019-10-12,0.587349,0.527609,0.8477,2192,Normal
2019-10-13,0.587554,0.527609,0.846382,2192,Normal
2019-10-14,0.590225,0.527609,0.845325,2192,Normal
2019-10-15,0.593484,0.527609,0.844462,2192,Normal
2019-10-16,0.594697,0.527609,0.843139,2192,Normal
2019-10-17,0.597996,0.527609,0.840919,2192,Normal
2019-10-18,0.598341,0.527609,0.839923,2192,Normal
2019-10-19,0.594971,0.527609,0.838046,2192,Normal
2019-10-20,0.613082,0.527609,0.837198,2192,Normal
2019-10-21,0.611903,0.527609,0.836537,2192,Normal
2019-10-22,0.613459,0.527609,0.835113,2192,Normal
2019-10-23,0.646996,0.527609,0.833298,2192,Normal
2019-10-24,0.489478,0.52735,0.832708,2192,Bajo
2019-10-25,0.734391,0.52735,0.831538,2192,Normal
2019-10-26,0.748251,0.52735,0.831185,2192,Normal
2019-10-27,0.753478,0.52735,0.830416,2192,Normal
2019-10-28,0.767238,0.52735,0.829923,2192,Normal
2019-10-29,0.764564,0.52735,0.829478,2192,Normal
2019-10-30,0.767787,0.52735,0.829246,2192,Normal
2019-10-31,0.767935,0.52735,0.828832,2192,Normal
2019-11-01,0.768328,0.52735,0.828201,2192,Normal
2019-11-02,0.765163,0.52735,0.828201,2192,Normal
2019-11-03,0.765125,0.52735,0.828201,2192,Normal
2019-11-04,0.767398,0.52735,0.828201,2192,Normal
2019-11-05,0.754902,0.52735,0.828201,2192,Normal
2019-11-06,0.742326,0.52735,0.828201,2192,Normal
2019-11-07,0.745181,0.52735,0.828201,2192,Normal
2019-11-08,0.748486,0.52735,0.828201,2192,Normal
2019-11-09,0.748629,0.52735,0.827457,2192,Normal
2019-11-10,0.739496,0.52735,0.826043,2192,Normal
2019-11-11,0.750742,0.52735,0.824555,2192,Normal
2019-11-12,0.751237,0.52735,0.822132,2192,Normal
2019-11-13,0.751328,0.52735,0.820748,2192,Normal
2019-11-14,0.747229,0.52735,0.81895,2192,Normal
2019-11-15,0.747436,0.52735,0.81823,2192,Normal
2019-11-16,0.74692,0.52735,0.81702,2192,Normal
2019-11-17,0.744571,0.52735,0.815588,2192,Normal
2019-11-18,0.758622,0.52735,0.815152,2192,Normal
2019-11-19,0.749415,0.52735,0.814615,2192,Normal
2019-11-20,0.749484,0.52735,0.813797,2192,Normal
2019-11-21,0.774857,0.52735,0.813421,2192,Normal
2019-11-22,0.748815,0.52735,0.812171,2192,Normal
2019-11-23,0.748918,0.52735,0.810669,2192,Normal
2019-11-24,0.536456,0.52735,0.808763,2192,Normal
2019-11-25,0.487407,0.526941,0.805657,2192,Bajo
2019-11-26,0.467384,0.526763,0.805519,2192,Bajo
2019-11-27,0.501422,0.526732,0.805419,2192,Bajo
2019-11-28,0.490369,0.526709,0.805281,2192,Bajo
2019-11-29,0.513749,0.526612,0.804523,2192,Bajo
2019-11-30,0.518605,0.526498,0.803093,2192,Bajo
2019-12-01,0.516374,0.526412,0.802613,2192,Bajo
2019-12-02,0.514609,0.526378,0.802475,2192,Bajo
2019-12-03,0.515059,0.526208,0.802376,2192,Bajo
2019-12-04,0.504197,0.526084,0.801932,2192,Bajo
2019-12-05,0.519025,0.525962,0.800993,2192,Bajo
2019-12-06,0.527044,0.525962,0.799995,2192,Normal
2019-12-07,0.526175,0.525962,0.799578,2192,Normal
2019-12-08,0.505448,0.52568,0.799154,2192,Bajo
2019-12-09,0.50857,0.52535,0.798709,2192,Bajo
2019-12-10,0.498215,0.525237,0.798448,2192,Bajo
2019-12-11,0.489074,0.525211,0.798048,2192,Bajo
2019-12-12,0.485434,0.525177,0.797357,2192,Bajo
2019-12-13,0.488776,0.524989,0.796631,2192,Bajo
2019-12-14,0.493902,0.524818,0.795076,2192,Bajo
2019-12-15,0.49395,0.524371,0.794429,2192,Bajo
2019-12-16,0.502098,0.523855,0.793976,2192,Bajo
2019-12-17,0.513952,0.523669,0.793304,2192,Bajo
2019-12-18,0.619922,0.523669,0.791964,2192,Normal
2019-12-19,0.62216,0.523669,0.791411,2192,Normal
2019-12-20,0.62323,0.523669,0.790918,2192,Normal
2019-12-21,0.588695,0.523669,0.790489,2192,Normal
2019-12-22,0.595437,0.523669,0.789554,2192,Normal
2019-12-23,0.602684,0.523669,0.78898,2192,Normal
2019-12-24,0.566563,0.523669,0.788889,2192,Normal
2019-12-25,0.557669,0.523669,0.788765,2192,Normal
2019-12-26,0.55741,0.523669,0.78807,2192,Normal
2019-12-27,0.528375,0.523669,0.785974,2192,Normal
2019-12-28,0.52761,0.523669,0.783574,2192,Normal
2019-12-29,0.507413,0.523093,0.783039,2192,Bajo
2019-12-30,0.505182,0.522762,0.782382,2192,Bajo
2019-12-31,0.501946,0.522661,0.781081,2192,Bajo
2020-01-01,0.499844,0.522399,0.779589,2192,Bajo
2020-01-02,0.511933,0.522264,0.778486,2192,Bajo
2020-01-03,0.545535,0.522264,0.778263,2192,Normal
2020-01-04,0.537566,0.522264,0.778033,2192,Normal
2020-01-05,0.532537,0.522264,0.777444,2192,Normal
2020-01-06,0.565114,0.522264,0.776978,2192,Normal
2020-01-07,0.590071,0.522264,0.776068,2192,Normal
2020-01-08,0.585014,0.522264,0.775022,2192,Normal
2020-01-09,0.592285,0.522264,0.774907,2192,Normal
2020-01-10,0.613833,0.522264,0.774725,2192,Normal
2020-01-11,0.620621,0.522264,0.774356,2192,Normal
2020-01-12,0.623043,0.522264,0.774,2192,Normal
2020-01-13,0.614496,0.522264,0.772833,2192,Normal
2020-01-14,0.673715,0.522264,0.770637,2192,Normal
2020-01-15,0.658487,0.522264,0.769745,2192,Normal
2020-01-16,0.639359,0.522264,0.7696,2192,Normal
2020-01-17,0.557336,0.522264,0.769225,2192,Normal
2020-01-18,0.549952,0.522264,0.768918,2192,Normal
2020-01-19,0.56077,0.522264,0.768674,2192,Normal
2020-01-20,0.561302,0.522264,0.768217,2192,Normal
2020-01-21,0.539636,0.522264,0.767974,2192,Normal
2020-01-22,0.52985,0.522264,0.767885,2192,Normal
2020-01-23,0.544262,0.522264,0.767657,2192,Normal
2020-01-24,0.542381,0.522264,0.767356,2192,Normal
2020-01-25,0.544962,0.522264,0.767261,2192,Normal
2020-01-26,0.552371,0.522264,0.76712,2192,Normal
2020-01-27,0.561634,0.522264,0.766839,2192,Normal
2020-01-28,0.586581,0.522264,0.766718,2192,Normal
2020-01-29,0.580663,0.522264,0.766643,2192,Normal
2020-01-30,0.579841,0.522264,0.766617,2192,Normal
2020-01-31,0.587279,0.522264,0.766105,2192,Normal
2020-02-01,0.568571,0.522264,0.76515,2192,Normal
2020-02-02,0.547594,0.522264,0.765061,2192,Normal
2020-02-03,0.548757,0.522264,0.764889,2192,Normal
2020-02-04,0.553647,0.522264,0.764753,2192,Normal
2020-02-05,0.548794,0.522264,0.764624,2192,Normal
2020-02-06,0.527593,0.522264,0.764541,2192,Normal
2020-02-07,0.522618,0.522264,0.764541,2192,Normal
2020-02-08,0.505731,0.52183,0.764541,2192,Bajo
2020-02-09,0.488676,0.521285,0.764541,2192,Bajo
2020-02-10,0.497224,0.520641,0.764541,2192,Bajo
2020-02-11,0.509898,0.520394,0.764541,2192,Bajo
2020-02-12,0.506249,0.520353,0.764541,2192,Bajo
2020-02-13,0.430662,0.520211,0.764541,2192,Bajo
2020-02-14,0.431123,0.519936,0.764541,2192,Bajo
2020-02-15,0.463577,0.519762,0.764541,2192,Bajo
2020-02-16,0.459828,0.51926,0.764541,2192,Bajo
2020-02-17,0.468429,0.518913,0.764541,2192,Bajo
2020-02-18,0.484787,0.518768,0.764541,2192,Bajo
2020-02-19,0.533477,0.518768,0.764541,2192,Normal
2020-02-20,0.532881,0.518768,0.764541,2192,Normal
2020-02-21,0.531849,0.518768,0.76446,2192,Normal
2020-02-22,0.516149,0.518645,0.764374,2192,Bajo
2020-02-23,0.523759,0.518645,0.764196,2192,Normal
2020-02-24,0.536962,0.518645,0.763845,2192,Normal
2020-02-25,0.547424,0.518645,0.763684,2192,Normal
2020-02-26,0.574174,0.518645,0.763478,2192,Normal
2020-02-27,0.538328,0.518645,0.763182,2192,Normal
2020-02-28,0.538567,0.518645,0.762691,2192,Normal
2020-02-29,0.53466,0.518684,0.762304,2193,Normal
2020-03-01,0.532146,0.518684,0.76115,2193,Normal
2020-03-02,0.556858,0.518684,0.760557,2193,Normal
2020-03-03,0.559783,0.518684,0.759923,2193,Normal
2020-03-04,0.559755,0.518684,0.759277,2193,Normal
2020-03-05,0.572607,0.518684,0.758777,2193,Normal
2020-03-06,0.545844,0.518684,0.758356,2193,Normal
2020-03-07,0.550767,0.518684,0.757859,2193,Normal
2020-03-08,0.648244,0.518684,0.757527,2193,Normal
2020-03-09,0.645692,0.518684,0.756973,2193,Normal
2020-03-10,0.633644,0.518684,0.756339,2193,Normal
2020-03-11,0.629612,0.518684,0.755315,2193,Normal
2020-03-12,1.7967,0.518684,0.755315,2193,Elevado
2020-03-13,1.894713,0.518684,0.755315,2193,Elevado
2020-03-14,1.907333,0.518684,0.755315,2193,Elevado
2020-03-15,1.913339,0.518684,0.755315,2193,Elevado
2020-03-16,1.916142,0.518684,0.755315,2193,Elevado
2020-03-17,1.934278,0.518684,0.755315,2193,Elevado
2020-03-18,1.93833,0.518684,0.755315,2193,Elevado
2020-03-19,1.997679,0.518684,0.755315,2193,Elevado
2020-03-20,1.992855,0.518684,0.755315,2193,Elevado
2020-03-21,1.99239,0.518684,0.755315,2193,Elevado
2020-03-22,1.997342,0.518684,0.755315,2193,Elevado
2020-03-23,2.046166,0.518684,0.755315,2193,Elevado
2020-03-24,2.049546,0.518684,0.755315,2193,Elevado
2020-03-25,2.048403,0.518684,0.755315,2193,Elevado
2020-03-26,2.047887,0.518684,0.755315,2193,Elevado
2020-03-27,2.048002,0.518684,0.755315,2193,Elevado
2020-03-28,2.047503,0.518684,0.755315,2193,Elevado
2020-03-29,2.055411,0.518684,0.755315,2193,Elevado
2020-03-30,2.084851,0.518684,0.755315,2193,Elevado
2020-03-31,2.084975,0.518684,0.755315,2193,Elevado
2020-04-01,2.082222,0.518684,0.755315,2193,Elevado
2020-04-02,2.084939,0.518684,0.755315,2193,Elevado
2020-04-03,2.08473,0.518684,0.755315,2193,Elevado
2020-04-04,2.081401,0.518684,0.755315,2193,Elevado
2020-04-05,2.080386,0.518684,0.755315,2193,Elevado
2020-04-06,2.103448,0.518684,0.755315,2193,Elevado
2020-04-07,2.076001,0.518684,0.755315,2193,Elevado
2020-04-08,2.077742,0.518684,0.755315,2193,Elevado
2020-04-09,2.077867,0.518684,0.755315,2193,Elevado
2020-04-10,2.086774,0.518684,0.755315,2193,Elevado
2020-04-11,1.113634,0.518684,0.755315,2193,Elevado
2020-04-12,0.996476,0.518684,0.755315,2193,Elevado
2020-04-13,0.942642,0.518684,0.755315,2193,Elevado
2020-04-14,0.939017,0.518684,0.755315,2193,Elevado
2020-04-15,0.922414,0.518684,0.755315,2193,Elevado
2020-04-16,0.93389,0.518684,0.755315,2193,Elevado
2020-04-17,0.936769,0.518684,0.755315,2193,Elevado
2020-04-18,0.826997,0.518684,0.755315,2193,Elevado
2020-04-19,0.831319,0.518684,0.755315,2193,Elevado
2020-04-20,0.845975,0.518684,0.755315,2193,Elevado
2020-04-21,0.81207,0.518684,0.755315,2193,Elevado
2020-04-22,0.730406,0.518684,0.754264,2193,Normal
2020-04-23,0.734616,0.518684,0.753634,2193,Normal
2020-04-24,0.732706,0.518684,0.753315,2193,Normal
2020-04-25,0.732379,0.518684,0.752797,2193,Normal
2020-04-26,0.698887,0.518684,0.752329,2193,Normal
2020-04-27,0.692798,0.518684,0.752075,2193,Normal
2020-04-28,0.645967,0.518684,0.751555,2193,Normal
2020-04-29,0.71017,0.518684,0.751268,2193,Normal
2020-04-30,0.71696,0.518684,0.750907,2193,Normal
2020-05-01,0.712841,0.518684,0.750072,2193,Normal
2020-05-02,0.71188,0.518684,0.749568,2193,Normal
2020-05-03,0.71151,0.518684,0.749438,2193,Normal
2020-05-04,0.711812,0.518684,0.749084,2193,Normal
2020-05-05,0.707107,0.518684,0.748849,2193,Normal
2020-05-06,0.657747,0.518684,0.748691,2193,Normal
2020-05-07,0.707501,0.518684,0.748534,2193,Normal
2020-05-08,0.714268,0.518684,0.74833,2193,Normal
2020-05-09,0.722112,0.518684,0.747708,2193,Normal
2020-05-10,0.764629,0.518684,0.747708,2193,Elevado
2020-05-11,0.769816,0.518684,0.747708,2193,Elevado
2020-05-12,0.773415,0.518684,0.747708,2193,Elevado
2020-05-13,0.787692,0.518684,0.747708,2193,Elevado
2020-05-14,0.799193,0.518684,0.747708,2193,Elevado
2020-05-15,0.810132,0.518684,0.74833,2193,Elevado
2020-05-16,0.780231,0.518684,0.748534,2193,Elevado
2020-05-17,0.779148,0.518684,0.748691,2193,Elevado
2020-05-18,0.774964,0.518812,0.748849,2193,Elevado
2020-05-19,0.768183,0.518969,0.749084,2193,Elevado
2020-05-20,0.758644,0.519494,0.749438,2193,Elevado
2020-05-21,0.786502,0.519494,0.749568,2193,Elevado
2020-05-22,0.778555,0.519494,0.750072,2193,Elevado
2020-05-23,0.765939,0.519494,0.750907,2193,Elevado
2020-05-24,0.792866,0.519494,0.751268,2193,Elevado
2020-05-25,0.794825,0.519494,0.751555,2193,Elevado
2020-05-26,0.794165,0.519494,0.752075,2193,Elevado
2020-05-27,0.803992,0.519494,0.752329,2193,Elevado
2020-05-28,0.811798,0.519494,0.752797,2193,Elevado
2020-05-29,0.697371,0.519494,0.752797,2193,Normal
2020-05-30,0.699446,0.519494,0.752797,2193,Normal
2020-05-31,0.703846,0.519494,0.752797,2193,Normal
2020-06-01,0.749493,0.519494,0.752797,2193,Normal
2020-06-02,0.790865,0.519494,0.753315,2193,Elevado
2020-06-03,0.791781,0.519494,0.753634,2193,Elevado
2020-06-04,0.790951,0.519494,0.754264,2193,Elevado
2020-06-05,0.793136,0.519494,0.755315,2193,Elevado
2020-06-06,0.729175,0.519494,0.755315,2193,Normal
2020-06-07,0.726601,0.519494,0.755315,2193,Normal
2020-06-08,0.720501,0.519494,0.755315,2193,Normal
2020-06-09,0.643181,0.519494,0.755315,2193,Normal
2020-06-10,0.63871,0.519494,0.755315,2193,Normal
2020-06-11,0.677788,0.519494,0.755315,2193,Normal
2020-06-12,0.655134,0.519494,0.755315,2193,Normal
2020-06-13,0.63035,0.519494,0.755315,2193,Normal
2020-06-14,0.606588,0.519494,0.755315,2193,Normal
2020-06-15,0.60707,0.519494,0.755315,2193,Normal
2020-06-16,0.599262,0.519494,0.754264,2193,Normal
2020-06-17,0.599275,0.519494,0.753634,2193,Normal
2020-06-18,0.599292,0.519494,0.753315,2193,Normal
2020-06-19,0.59203,0.519494,0.752797,2193,Normal
2020-06-20,0.566204,0.519494,0.752797,2193,Normal
2020-06-21,0.565594,0.519494,0.752797,2193,Normal
2020-06-22,0.584097,0.519494,0.752797,2193,Normal
2020-06-23,0.552104,0.519494,0.752797,2193,Normal
2020-06-24,0.564442,0.519494,0.752797,2193,Normal
2020-06-25,0.564103,0.519494,0.752797,2193,Normal
2020-06-26,0.546755,0.519494,0.752797,2193,Normal
2020-06-27,0.53058,0.519494,0.752797,2193,Normal
2020-06-28,0.530128,0.519494,0.752797,2193,Normal
2020-06-29,0.519499,0.519341,0.752797,2193,Normal
2020-06-30,0.511783,0.518969,0.752797,2193,Bajo
2020-07-01,0.429923,0.518812,0.752797,2193,Bajo
2020-07-02,0.362749,0.518684,0.752797,2193,Bajo
2020-07-03,0.357866,0.518568,0.752797,2193,Bajo
2020-07-04,0.355922,0.518481,0.752797,2193,Bajo
2020-07-05,0.351983,0.518455,0.752797,2193,Bajo
2020-07-06,0.367992,0.518395,0.752797,2193,Bajo
2020-07-07,0.367582,0.51828,0.752797,2193,Bajo
2020-07-08,0.374468,0.518164,0.752797,2193,Bajo
2020-07-09,0.381193,0.517954,0.752797,2193,Bajo
2020-07-10,0.378841,0.517837,0.752797,2193,Bajo
2020-07-11,0.301716,0.517562,0.752797,2193,Bajo
2020-07-12,0.293119,0.517291,0.752797,2193,Bajo
2020-07-13,0.294153,0.517291,0.752797,2193,Bajo
2020-07-14,0.289642,0.517291,0.752797,2193,Bajo
2020-07-15,0.287421,0.517291,0.752797,2193,Bajo
2020-07-16,0.285243,0.517291,0.752797,2193,Bajo
2020-07-17,0.28477,0.517291,0.752797,2193,Bajo
2020-07-18,0.283474,0.517291,0.752797,2193,Bajo
2020-07-19,0.282785,0.517291,0.752797,2193,Bajo
2020-07-20,0.282515,0.517291,0.752797,2193,Bajo
2020-07-21,0.294684,0.517291,0.752797,2193,Bajo
2020-07-22,0.259768,0.517291,0.752797,2193,Bajo
2020-07-23,0.260595,0.517291,0.752797,2193,Bajo
2020-07-24,0.228632,0.517291,0.752797,2193,Bajo
2020-07-25,0.234199,0.517291,0.752797,2193,Bajo
2020-07-26,0.243261,0.517291,0.752797,2193,Bajo
2020-07-27,0.424388,0.517291,0.752797,2193,Bajo
2020-07-28,0.427788,0.517291,0.752797,2193,Bajo
2020-07-29,0.429048,0.517291,0.752797,2193,Bajo
2020-07-30,0.42733,0.517291,0.752797,2193,Bajo
2020-07-31,0.430396,0.517291,0.752797,2193,Bajo
2020-08-01,0.437431,0.517291,0.752797,2193,Bajo
2020-08-02,0.506663,0.517291,0.752797,2193,Bajo
2020-08-03,0.507426,0.517291,0.752797,2193,Bajo
2020-08-04,0.506556,0.517291,0.752797,2193,Bajo
2020-08-05,0.521885,0.517562,0.752797,2193,Normal
2020-08-06,0.518654,0.517837,0.752797,2193,Normal
2020-08-07,0.522777,0.517954,0.752797,2193,Normal
2020-08-08,0.513143,0.517954,0.752797,2193,Bajo
2020-08-09,0.516145,0.517954,0.752797,2193,Bajo
2020-08-10,0.515313,0.517954,0.752797,2193,Bajo
2020-08-11,0.545854,0.518164,0.752797,2193,Normal
2020-08-12,0.543977,0.51828,0.752797,2193,Normal
2020-08-13,0.545175,0.518395,0.752797,2193,Normal
2020-08-14,0.54363,0.518455,0.752797,2193,Normal
2020-08-15,0.541178,0.518481,0.752797,2193,Normal
2020-08-16,0.540883,0.518568,0.752797,2193,Normal
2020-08-17,0.546173,0.518638,0.752797,2193,Normal
2020-08-18,0.561628,0.518701,0.752797,2193,Normal
2020-08-19,0.56668,0.518812,0.752797,2193,Normal
2020-08-20,0.563607,0.518969,0.752797,2193,Normal
2020-08-21,0.576363,0.518969,0.752797,2193,Normal
2020-08-22,0.576642,0.518969,0.752797,2193,Normal
2020-08-23,0.575364,0.518969,0.752797,2193,Normal
2020-08-24,0.574307,0.518969,0.752797,2193,Normal
2020-08-25,0.5905,0.518969,0.752797,2193,Normal
2020-08-26,0.467156,0.518812,0.752797,2193,Bajo
2020-08-27,0.467974,0.518701,0.752797,2193,Bajo
2020-08-28,0.469013,0.518638,0.752797,2193,Bajo
2020-08-29,0.469617,0.518568,0.752797,2193,Bajo
2020-08-30,0.468915,0.518481,0.752797,2193,Bajo
2020-08-31,0.447833,0.518481,0.752797,2193,Bajo
2020-09-01,0.389085,0.518455,0.752797,2193,Bajo
2020-09-02,0.42004,0.518455,0.752797,2193,Bajo
2020-09-03,0.582153,0.518478,0.752797,2193,Normal
2020-09-04,0.563191,0.518478,0.752797,2193,Normal
2020-09-05,0.569053,0.518478,0.752797,2193,Normal
2020-09-06,0.56999,0.518478,0.752797,2193,Normal
2020-09-07,0.56856,0.518478,0.752797,2193,Normal
2020-09-08,0.572926,0.518478,0.752797,2193,Normal
2020-09-09,0.569833,0.518478,0.752797,2193,Normal
2020-09-10,0.555231,0.518478,0.752797,2193,Normal
2020-09-11,0.552142,0.518478,0.752797,2193,Normal
2020-09-12,0.546766,0.518478,0.752797,2193,Normal
2020-09-13,0.547106,0.518478,0.752797,2193,Normal
2020-09-14,0.560948,0.518568,0.752797,2193,Normal
2020-09-15,0.562171,0.518638,0.752797,2193,Normal
2020-09-16,0.552149,0.518902,0.752797,2193,Normal
2020-09-17,0.54525,0.519341,0.752797,2193,Normal
2020-09-18,0.542952,0.519652,0.752797,2193,Normal
2020-09-19,0.544382,0.519795,0.752797,2193,Normal
2020-09-20,0.538194,0.520043,0.752797,2193,Normal
2020-09-21,0.559231,0.520273,0.752797,2193,Normal
2020-09-22,0.561836,0.52038,0.752797,2193,Normal
2020-09-23,0.566614,0.520879,0.752797,2193,Normal
2020-09-24,0.583215,0.520879,0.752797,2193,Normal
2020-09-25,0.581079,0.520879,0.752797,2193,Normal
2020-09-26,0.580323,0.520879,0.752797,2193,Normal
2020-09-27,0.576432,0.520879,0.752797,2193,Normal
2020-09-28,0.576729,0.520879,0.752797,2193,Normal
2020-09-29,0.573816,0.520879,0.752797,2193,Normal
2020-09-30,0.573856,0.520879,0.752797,2193,Normal
2020-10-01,0.567787,0.520879,0.752797,2193,Normal
2020-10-02,0.547991,0.520879,0.752797,2193,Normal
2020-10-03,0.368227,0.52038,0.752797,2193,Bajo
2020-10-04,0.356549,0.520273,0.752797,2193,Bajo
2020-10-05,0.342948,0.520043,0.752797,2193,Bajo
2020-10-06,0.348608,0.519795,0.752797,2193,Bajo
2020-10-07,0.347114,0.519652,0.752797,2193,Bajo
2020-10-08,0.343187,0.519341,0.752797,2193,Bajo
2020-10-09,0.343453,0.518902,0.752797,2193,Bajo
2020-10-10,0.349251,0.518638,0.752797,2193,Bajo
2020-10-11,0.349389,0.518568,0.752797,2193,Bajo
2020-10-12,0.351541,0.518478,0.752797,2193,Bajo
2020-10-13,0.351046,0.518389,0.752329,2193,Bajo
2020-10-14,0.335122,0.518164,0.752075,2193,Bajo
2020-10-15,0.334408,0.517954,0.751555,2193,Bajo
2020-10-16,0.337065,0.517837,0.751268,2193,Bajo
2020-10-17,0.337109,0.517562,0.750907,2193,Bajo
2020-10-18,0.339667,0.517291,0.749909,2193,Bajo
2020-10-19,0.343992,0.516977,0.749487,2193,Bajo
2020-10-20,0.341172,0.516949,0.749487,2193,Bajo
2020-10-21,0.369728,0.516872,0.749487,2193,Bajo
2020-10-22,0.370185,0.51664,0.749487,2193,Bajo
2020-10-23,0.348999,0.516299,0.749487,2193,Bajo
2020-10-24,0.317395,0.516148,0.749487,2193,Bajo
2020-10-25,0.318049,0.515867,0.749487,2193,Bajo
2020-10-26,0.318276,0.515228,0.749487,2193,Bajo
2020-10-27,0.343237,0.515021,0.749487,2193,Bajo
2020-10-28,0.36087,0.514902,0.749487,2193,Bajo
2020-10-29,0.361069,0.514812,0.749487,2193,Bajo
2020-10-30,0.358189,0.514799,0.749487,2193,Bajo
2020-10-31,0.350907,0.51479,0.749487,2193,Bajo
2020-11-01,0.350794,0.514729,0.749487,2193,Bajo
2020-11-02,0.358133,0.514546,0.749487,2193,Bajo
2020-11-03,0.369622,0.514413,0.749487,2193,Bajo
2020-11-04,0.369516,0.514368,0.749487,2193,Bajo
2020-11-05,0.468738,0.514186,0.749487,2193,Bajo
2020-11-06,0.470446,0.513939,0.749487,2193,Bajo
2020-11-07,0.516481,0.513939,0.749487,2193,Normal
2020-11-08,0.528921,0.513939,0.749487,2193,Normal
2020-11-09,0.532511,0.513939,0.749487,2193,Normal
2020-11-10,0.53384,0.513939,0.749487,2193,Normal
2020-11-11,0.536397,0.513939,0.749487,2193,Normal
2020-11-12,0.539367,0.513939,0.749487,2193,Normal
2020-11-13,0.538839,0.513939,0.749487,2193,Normal
2020-11-14,0.54701,0.513939,0.749487,2193,Normal
2020-11-15,0.541859,0.513939,0.749487,2193,Normal
2020-11-16,0.554071,0.513939,0.749438,2193,Normal
2020-11-17,0.573766,0.513939,0.749084,2193,Normal
2020-11-18,0.573954,0.513939,0.748849,2193,Normal
2020-11-19,0.57537,0.513939,0.748691,2193,Normal
2020-11-20,0.550423,0.513939,0.748534,2193,Normal
2020-11-21,0.551631,0.513939,0.74833,2193,Normal
2020-11-22,0.557646,0.513939,0.747708,2193,Normal
2020-11-23,0.559895,0.513939,0.747298,2193,Normal
2020-11-24,0.565757,0.513939,0.747023,2193,Normal
2020-11-25,0.578092,0.513939,0.745761,2193,Normal
2020-11-26,0.662965,0.513939,0.745069,2193,Normal
2020-11-27,0.651362,0.513939,0.744719,2193,Normal
2020-11-28,0.656976,0.513939,0.744001,2193,Normal
2020-11-29,0.659232,0.513939,0.744001,2193,Normal
2020-11-30,0.702475,0.513939,0.744001,2193,Normal
2020-12-01,0.731446,0.513939,0.744001,2193,Normal
2020-12-02,0.727286,0.513939,0.744001,2193,Normal
2020-12-03,0.722541,0.513939,0.744001,2193,Normal
2020-12-04,0.744559,0.513939,0.744563,2193,Normal
2020-12-05,0.677078,0.513939,0.744563,2193,Normal
2020-12-06,0.676728,0.513939,0.744563,2193,Normal
2020-12-07,0.648312,0.513939,0.744563,2193,Normal
2020-12-08,0.662755,0.513939,0.744563,2193,Normal
2020-12-09,0.660742,0.513939,0.744563,2193,Normal
2020-12-10,0.665149,0.513939,0.744563,2193,Normal
2020-12-11,0.663969,0.513939,0.744563,2193,Normal
2020-12-12,0.667325,0.513939,0.744563,2193,Normal
2020-12-13,0.668891,0.514186,0.744563,2193,Normal
2020-12-14,0.664709,0.514368,0.744563,2193,Normal
2020-12-15,0.663097,0.514413,0.744563,2193,Normal
2020-12-16,0.719124,0.514546,0.744563,2193,Normal
2020-12-17,0.728223,0.514729,0.744563,2193,Normal
2020-12-18,0.728411,0.51479,0.744563,2193,Normal
2020-12-19,0.731739,0.514799,0.744563,2193,Normal
2020-12-20,0.724002,0.514812,0.744563,2193,Normal
2020-12-21,0.736898,0.514902,0.744563,2193,Normal
2020-12-22,0.745859,0.515021,0.744719,2193,Elevado
2020-12-23,0.754061,0.515228,0.745069,2193,Elevado
2020-12-24,0.745786,0.515867,0.745383,2193,Elevado
2020-12-25,0.746566,0.516148,0.74581,2193,Elevado
2020-12-26,0.68824,0.516299,0.74581,2193,Normal
2020-12-27,0.690762,0.516446,0.74581,2193,Normal
2020-12-28,0.689353,0.516676,0.74581,2193,Normal
2020-12-29,0.688224,0.516872,0.74581,2193,Normal
2020-12-30,0.662395,0.516949,0.74581,2193,Normal
2020-12-31,0.625877,0.516977,0.74581,2193,Normal
2021-01-01,0.624944,0.517291,0.74581,2193,Normal
2021-01-02,0.680342,0.517562,0.74581,2193,Normal
2021-01-03,0.648597,0.517837,0.74581,2193,Normal
2021-01-04,0.673413,0.517837,0.74581,2193,Normal
2021-01-05,0.690594,0.517837,0.74581,2193,Normal
2021-01-06,0.71325,0.517837,0.74581,2193,Normal
2021-01-07,0.688981,0.517837,0.74581,2193,Normal
2021-01-08,0.687549,0.517837,0.74581,2193,Normal
2021-01-09,0.683108,0.517837,0.74581,2193,Normal
2021-01-10,0.725567,0.517837,0.74581,2193,Normal
2021-01-11,0.800069,0.517837,0.746094,2193,Elevado
2021-01-12,0.828817,0.517837,0.746684,2193,Elevado
2021-01-13,0.867268,0.517837,0.747023,2193,Elevado
2021-01-14,0.869527,0.517837,0.747023,2193,Elevado
2021-01-15,0.880148,0.517837,0.747023,2193,Elevado
2021-01-16,0.873009,0.517837,0.747023,2193,Elevado
2021-01-17,0.875859,0.517837,0.747023,2193,Elevado
2021-01-18,0.87451,0.517837,0.747023,2193,Elevado
2021-01-19,0.876132,0.517837,0.747023,2193,Elevado
2021-01-20,0.865502,0.517837,0.747023,2193,Elevado
2021-01-21,1.013856,0.517837,0.747023,2193,Elevado
2021-01-22,1.027049,0.517837,0.747023,2193,Elevado
2021-01-23,1.035195,0.517837,0.747023,2193,Elevado
2021-01-24,1.029474,0.517837,0.747023,2193,Elevado
2021-01-25,1.00686,0.517837,0.747023,2193,Elevado
2021-01-26,1.005512,0.517837,0.747023,2193,Elevado
2021-01-27,1.033735,0.517837,0.747023,2193,Elevado
2021-01-28,1.082187,0.517837,0.747023,2193,Elevado
2021-01-29,1.070539,0.517837,0.747023,2193,Elevado
2021-01-30,1.070593,0.517837,0.747023,2193,Elevado
2021-01-31,1.079386,0.517837,0.747023,2193,Elevado
2021-02-01,1.032964,0.517837,0.747023,2193,Elevado
2021-02-02,1.047965,0.517837,0.747023,2193,Elevado
2021-02-03,1.057911,0.517837,0.747023,2193,Elevado
2021-02-04,1.041203,0.517837,0.747023,2193,Elevado
2021-02-05,1.01128,0.517837,0.747023,2193,Elevado
2021-02-06,0.984829,0.517837,0.747023,2193,Elevado
2021-02-07,0.979815,0.517837,0.747023,2193,Elevado
2021-02-08,1.161254,0.517837,0.747023,2193,Elevado
2021-02-09,1.142725,0.517837,0.747023,2193,Elevado
2021-02-10,1.116573,0.517837,0.747023,2193,Elevado
2021-02-11,1.120966,0.517837,0.747023,2193,Elevado
2021-02-12,1.083008,0.517837,0.747023,2193,Elevado
2021-02-13,1.075057,0.517837,0.747023,2193,Elevado
2021-02-14,1.048499,0.517837,0.747023,2193,Elevado
2021-02-15,1.046566,0.517837,0.747023,2193,Elevado
2021-02-16,1.046579,0.517837,0.747023,2193,Elevado
2021-02-17,1.059756,0.517837,0.747023,2193,Elevado
2021-02-18,1.057217,0.517837,0.747023,2193,Elevado
2021-02-19,1.080954,0.517837,0.747023,2193,Elevado
2021-02-20,0.924704,0.517837,0.747023,2193,Elevado
2021-02-21,0.90871,0.517837,0.747023,2193,Elevado
2021-02-22,0.935909,0.517837,0.747023,2193,Elevado
2021-02-23,1.025038,0.517837,0.747023,2193,Elevado
2021-02-24,1.02373,0.517837,0.747023,2193,Elevado
2021-02-25,1.051938,0.517837,0.747023,2193,Elevado
2021-02-26,1.019091,0.517837,0.747023,2193,Elevado
2021-02-27,0.976893,0.517837,0.747023,2193,Elevado
2021-02-28,0.981276,0.517837,0.747298,2193,Elevado
2021-03-01,1.022823,0.517837,0.747708,2193,Elevado
2021-03-02,1.016518,0.517837,0.74833,2193,Elevado
2021-03-03,1.02023,0.517837,0.748534,2193,Elevado
2021-03-04,1.024551,0.517837,0.748691,2193,Elevado
2021-03-05,1.009185,0.517837,0.748849,2193,Elevado
2021-03-06,1.004632,0.517837,0.749084,2193,Elevado
2021-03-07,1.006854,0.517837,0.749438,2193,Elevado
2021-03-08,1.007586,0.517837,0.749487,2193,Elevado
2021-03-09,1.012811,0.517837,0.749909,2193,Elevado
2021-03-10,0.81707,0.517837,0.750907,2193,Elevado
2021-03-11,0.82253,0.517837,0.751268,2193,Elevado
2021-03-12,0.809794,0.517837,0.751555,2193,Elevado
2021-03-13,0.808334,0.517837,0.752075,2193,Elevado
2021-03-14,0.819851,0.517837,0.752329,2193,Elevado
2021-03-15,0.85115,0.517837,0.752797,2193,Elevado
2021-03-16,0.84885,0.517837,0.753315,2193,Elevado
2021-03-17,0.851569,0.517837,0.753634,2193,Elevado
2021-03-18,0.854489,0.517954,0.753984,2193,Elevado
2021-03-19,0.832026,0.517954,0.754341,2193,Elevado
2021-03-20,0.830319,0.517954,0.755315,2193,Elevado
2021-03-21,0.782733,0.517954,0.756579,2193,Elevado
2021-03-22,0.810485,0.517954,0.757709,2193,Elevado
2021-03-23,0.804319,0.517954,0.758356,2193,Elevado
2021-03-24,0.788831,0.517954,0.758629,2193,Elevado
2021-03-25,0.70247,0.517954,0.758629,2193,Normal
2021-03-26,0.740939,0.517954,0.758629,2193,Normal
2021-03-27,0.710871,0.517954,0.758629,2193,Normal
2021-03-28,0.706784,0.517954,0.758629,2193,Normal
2021-03-29,0.711255,0.517954,0.758629,2193,Normal
2021-03-30,0.70599,0.517954,0.758629,2193,Normal
2021-03-31,0.638131,0.517954,0.758629,2193,Normal
2021-04-01,0.630442,0.517954,0.758629,2193,Normal
2021-04-02,0.620234,0.517954,0.758629,2193,Normal
2021-04-03,0.613735,0.517954,0.758629,2193,Normal
2021-04-04,0.615753,0.517954,0.758629,2193,Normal
2021-04-05,0.616586,0.517954,0.758629,2193,Normal
2021-04-06,0.60931,0.517954,0.758629,2193,Normal
2021-04-07,0.619165,0.517954,0.758629,2193,Normal
2021-04-08,0.612044,0.517954,0.758629,2193,Normal
2021-04-09,0.609723,0.517954,0.758629,2193,Normal
2021-04-10,0.606231,0.517954,0.758629,2193,Normal
2021-04-11,0.605233,0.517954,0.758629,2193,Normal
2021-04-12,0.559115,0.517954,0.758629,2193,Normal
2021-04-13,0.583526,0.517954,0.758629,2193,Normal
2021-04-14,0.542084,0.517954,0.758629,2193,Normal
2021-04-15,0.538037,0.517954,0.758629,2193,Normal
2021-04-16,0.537603,0.517954,0.758629,2193,Normal
2021-04-17,0.538491,0.517954,0.758629,2193,Normal
2021-04-18,0.584798,0.517954,0.758629,2193,Normal
2021-04-19,0.585654,0.518164,0.758629,2193,Normal
2021-04-20,0.586617,0.518389,0.758629,2193,Normal
2021-04-21,0.574335,0.518478,0.758629,2193,Normal
2021-04-22,0.590611,0.518478,0.758629,2193,Normal
2021-04-23,0.576088,0.518478,0.758629,2193,Normal
2021-04-24,0.577051,0.518568,0.758629,2193,Normal
2021-04-25,0.519612,0.518638,0.758629,2193,Normal
2021-04-26,0.623269,0.518902,0.758629,2193,Normal
2021-04-27,0.627056,0.519341,0.758629,2193,Normal
2021-04-28,0.616143,0.519575,0.758629,2193,Normal
2021-04-29,0.615917,0.51969,0.758629,2193,Normal
2021-04-30,0.673656,0.52001,0.758629,2193,Normal
2021-05-01,0.673687,0.520273,0.758629,2193,Normal
2021-05-02,0.677324,0.52038,0.758629,2193,Normal
2021-05-03,0.668445,0.520879,0.758629,2193,Normal
2021-05-04,0.709987,0.521452,0.758629,2193,Normal
2021-05-05,0.760977,0.521796,0.758792,2193,Elevado
2021-05-06,0.760905,0.52213,0.759692,2193,Elevado
2021-05-07,0.752026,0.522275,0.759692,2193,Normal
2021-05-08,0.746421,0.522508,0.759692,2193,Normal
2021-05-09,0.747613,0.522622,0.759692,2193,Normal
2021-05-10,0.75484,0.522699,0.759692,2193,Normal
2021-05-11,0.757193,0.522764,0.759692,2193,Normal
2021-05-12,0.896125,0.522801,0.760929,2193,Elevado
2021-05-13,0.864553,0.523373,0.761291,2193,Elevado
2021-05-14,0.865542,0.523684,0.762304,2193,Elevado
2021-05-15,0.887466,0.523739,0.763129,2193,Elevado
2021-05-16,0.884961,0.524032,0.763398,2193,Elevado
2021-05-17,0.903786,0.524656,0.763786,2193,Elevado
2021-05-18,0.883051,0.5251,0.764051,2193,Elevado
2021-05-19,1.016531,0.525222,0.764358,2193,Elevado
2021-05-20,1.087553,0.525453,0.764425,2193,Elevado
2021-05-21,1.110307,0.525796,0.764518,2193,Elevado
2021-05-22,1.107025,0.526012,0.764586,2193,Elevado
2021-05-23,1.131203,0.526105,0.764637,2193,Elevado
2021-05-24,1.212213,0.526158,0.764704,2193,Elevado
2021-05-25,1.211564,0.526315,0.764846,2193,Elevado
2021-05-26,1.158393,0.526438,0.764997,2193,Elevado
2021-05-27,1.154,0.526533,0.765137,2193,Elevado
2021-05-28,1.174713,0.526658,0.765422,2193,Elevado
2021-05-29,1.175534,0.526714,0.766152,2193,Elevado
2021-05-30,1.142145,0.526744,0.766599,2193,Elevado
2021-05-31,1.160902,0.526771,0.766682,2193,Elevado
2021-06-01,1.160688,0.526956,0.766915,2193,Elevado
2021-06-02,1.165331,0.527359,0.767249,2193,Elevado
2021-06-03,1.161896,0.527568,0.767314,2193,Elevado
2021-06-04,1.13081,0.527604,0.767527,2193,Elevado
2021-06-05,1.133508,0.527733,0.767836,2193,Elevado
2021-06-06,1.130845,0.528062,0.768017,2193,Elevado
2021-06-07,1.131937,0.528315,0.768231,2193,Elevado
2021-06-08,1.132681,0.528739,0.768501,2193,Elevado
2021-06-09,1.217671,0.529395,0.769019,2193,Elevado
2021-06-10,1.21324,0.529764,0.76948,2193,Elevado
2021-06-11,1.130761,0.529844,0.769732,2193,Elevado
2021-06-12,1.137743,0.530036,0.769777,2193,Elevado
2021-06-13,1.193884,0.530429,0.770237,2193,Elevado
2021-06-14,1.185873,0.530831,0.771856,2193,Elevado
2021-06-15,1.185962,0.531552,0.773513,2193,Elevado
2021-06-16,1.176824,0.531935,0.774092,2193,Elevado
2021-06-17,1.176031,0.53209,0.774892,2193,Elevado
2021-06-18,1.067462,0.532389,0.775703,2193,Elevado
2021-06-19,1.003903,0.532528,0.777542,2193,Elevado
2021-06-20,0.961242,0.532767,0.77836,2193,Elevado
2021-06-21,1.042727,0.533278,0.778569,2193,Elevado
2021-06-22,1.016067,0.533502,0.778781,2193,Elevado
2021-06-23,0.938221,0.533714,0.779509,2193,Elevado
2021-06-24,0.94527,0.533831,0.781065,2193,Elevado
2021-06-25,0.988937,0.533843,0.78275,2193,Elevado
2021-06-26,0.992512,0.534388,0.782911,2193,Elevado
2021-06-27,0.995918,0.535719,0.78337,2193,Elevado
2021-06-28,0.990559,0.536348,0.784686,2193,Elevado
2021-06-29,0.995276,0.536437,0.786899,2193,Elevado
2021-06-30,0.985053,0.536793,0.788072,2193,Elevado
2021-07-01,0.994011,0.537365,0.788893,2193,Elevado
2021-07-02,0.989968,0.537591,0.789634,2193,Elevado
2021-07-03,0.981822,0.537893,0.790894,2193,Elevado
2021-07-04,0.96222,0.538142,0.791228,2193,Elevado
2021-07-05,0.966678,0.538284,0.791897,2193,Elevado
2021-07-06,0.968102,0.538437,0.792374,2193,Elevado
2021-07-07,0.94212,0.538542,0.792956,2193,Elevado
2021-07-08,0.947692,0.538748,0.793388,2193,Elevado
2021-07-09,0.862366,0.539191,0.793934,2193,Elevado
2021-07-10,0.860873,0.539546,0.794067,2193,Elevado
2021-07-11,0.862431,0.540382,0.794321,2193,Elevado
2021-07-12,0.853748,0.54084,0.794698,2193,Elevado
2021-07-13,0.781301,0.540945,0.794698,2193,Normal
2021-07-14,0.765801,0.54111,0.794698,2193,Normal
2021-07-15,0.770028,0.541457,0.794698,2193,Normal
2021-07-16,0.757887,0.541771,0.794698,2193,Normal
2021-07-17,0.75889,0.541941,0.794698,2193,Normal
2021-07-18,0.733933,0.542051,0.794698,2193,Normal
2021-07-19,0.739454,0.542282,0.794698,2193,Normal
2021-07-20,0.746126,0.542761,0.794698,2193,Normal
2021-07-21,0.684005,0.543101,0.794698,2193,Normal
2021-07-22,0.676843,0.543478,0.794698,2193,Normal
2021-07-23,0.682781,0.543861,0.794698,2193,Normal
2021-07-24,0.677918,0.544167,0.794698,2193,Normal
2021-07-25,0.600241,0.544342,0.794698,2193,Normal
2021-07-26,0.620075,0.544411,0.794698,2193,Normal
2021-07-27,0.6006,0.544783,0.794698,2193,Normal
2021-07-28,0.600324,0.545104,0.794698,2193,Normal
2021-07-29,0.586721,0.545225,0.794698,2193,Normal
2021-07-30,0.602424,0.545374,0.794698,2193,Normal
2021-07-31,0.582641,0.545502,0.794698,2193,Normal
2021-08-01,0.605898,0.545741,0.794698,2193,Normal
2021-08-02,0.606325,0.54585,0.794698,2193,Normal
2021-08-03,0.612967,0.546066,0.794698,2193,Normal
2021-08-04,0.600538,0.546561,0.794698,2193,Normal
2021-08-05,0.604934,0.546762,0.794698,2193,Normal
2021-08-06,0.618238,0.546929,0.794698,2193,Normal
2021-08-07,0.613055,0.547074,0.794698,2193,Normal
2021-08-08,0.616756,0.547318,0.794698,2193,Normal
2021-08-09,0.63294,0.547537,0.794698,2193,Normal
2021-08-10,0.637782,0.547859,0.794698,2193,Normal
2021-08-11,0.619454,0.548385,0.794698,2193,Normal
2021-08-12,0.626829,0.548699,0.794698,2193,Normal
2021-08-13,0.664408,0.548781,0.794698,2193,Normal
2021-08-14,0.654496,0.548911,0.794698,2193,Normal
2021-08-15,0.649252,0.54944,0.794698,2193,Normal
2021-08-16,0.66144,0.549793,0.794698,2193,Normal
2021-08-17,0.675769,0.549919,0.794698,2193,Normal
2021-08-18,0.66023,0.549999,0.794698,2193,Normal
2021-08-19,0.64716,0.549999,0.794698,2193,Normal
2021-08-20,0.625212,0.549999,0.794698,2193,Normal
2021-08-21,0.630009,0.549999,0.794698,2193,Normal
2021-08-22,0.621968,0.549999,0.794698,2193,Normal
2021-08-23,0.62217,0.549999,0.794698,2193,Normal
2021-08-24,0.641338,0.549999,0.794698,2193,Normal
2021-08-25,0.626911,0.549999,0.794698,2193,Normal
2021-08-26,0.629849,0.549999,0.794698,2193,Normal
2021-08-27,0.645449,0.549999,0.794698,2193,Normal
2021-08-28,0.646006,0.549999,0.794698,2193,Normal
2021-08-29,0.624175,0.549999,0.794698,2193,Normal
2021-08-30,0.636975,0.549999,0.794698,2193,Normal
2021-08-31,0.616211,0.549999,0.794698,2193,Normal
2021-09-01,0.619055,0.549999,0.794698,2193,Normal
2021-09-02,0.607545,0.549999,0.794698,2193,Normal
2021-09-03,0.597321,0.549999,0.794698,2193,Normal
2021-09-04,0.593279,0.549999,0.794698,2193,Normal
2021-09-05,0.585613,0.549999,0.794698,2193,Normal
2021-09-06,0.57428,0.549999,0.794698,2193,Normal
2021-09-07,0.713868,0.549999,0.794698,2193,Normal
2021-09-08,0.69153,0.549999,0.794698,2193,Normal
2021-09-09,0.689819,0.549999,0.794698,2193,Normal
2021-09-10,0.700074,0.549999,0.794698,2193,Normal
2021-09-11,0.695168,0.549999,0.794698,2193,Normal
2021-09-12,0.646665,0.549999,0.794698,2193,Normal
2021-09-13,0.649365,0.549999,0.794698,2193,Normal
2021-09-14,0.670417,0.549999,0.794698,2193,Normal
2021-09-15,0.669025,0.549999,0.794698,2193,Normal
2021-09-16,0.661927,0.549999,0.794698,2193,Normal
2021-09-17,0.663191,0.549999,0.794698,2193,Normal
2021-09-18,0.649091,0.55011,0.794698,2193,Normal
2021-09-19,0.625139,0.550333,0.794698,2193,Normal
2021-09-20,0.7023,0.550638,0.794698,2193,Normal
2021-09-21,0.725362,0.55076,0.794698,2193,Normal
2021-09-22,0.773569,0.551343,0.794698,2193,Normal
2021-09-23,0.772687,0.551773,0.794698,2193,Normal
2021-09-24,0.780918,0.552017,0.794698,2193,Normal
2021-09-25,0.767126,0.552129,0.794698,2193,Normal
2021-09-26,0.747821,0.552146,0.794698,2193,Normal
2021-09-27,0.750894,0.552179,0.794698,2193,Normal
2021-09-28,0.754895,0.552312,0.794698,2193,Normal
2021-09-29,0.748311,0.552385,0.794698,2193,Normal
2021-09-30,0.774778,0.553229,0.794698,2193,Normal
2021-10-01,0.835914,0.553929,0.794982,2193,Elevado
2021-10-02,0.835913,0.554355,0.795964,2193,Elevado
2021-10-03,0.835121,0.554592,0.797327,2193,Elevado
2021-10-04,0.838588,0.554941,0.797751,2193,Elevado
2021-10-05,0.843615,0.555136,0.79872,2193,Elevado
2021-10-06,0.878758,0.555207,0.799236,2193,Elevado
2021-10-07,0.775801,0.555231,0.799236,2193,Normal
2021-10-08,0.772035,0.555508,0.799236,2193,Normal
2021-10-09,0.77346,0.55579,0.799236,2193,Normal
2021-10-10,0.76145,0.55589,0.799236,2193,Normal
2021-10-11,0.775935,0.555934,0.799236,2193,Normal
2021-10-12,0.783935,0.556147,0.799236,2193,Normal
2021-10-13,0.778707,0.556292,0.799236,2193,Normal
2021-10-14,0.766828,0.556322,0.799236,2193,Normal
2021-10-15,0.798703,0.556499,0.799236,2193,Normal
2021-10-16,0.800086,0.556767,0.799449,2193,Elevado
2021-10-17,0.797581,0.557177,0.799449,2193,Normal
2021-10-18,0.796285,0.557385,0.799449,2193,Normal
2021-10-19,0.793439,0.557451,0.799449,2193,Normal
2021-10-20,0.701414,0.55749,0.799449,2193,Normal
2021-10-21,0.702049,0.557557,0.799449,2193,Normal
2021-10-22,0.683614,0.557626,0.799449,2193,Normal
2021-10-23,0.68029,0.557661,0.799449,2193,Normal
2021-10-24,0.651693,0.558633,0.799449,2193,Normal
2021-10-25,0.654522,0.559192,0.799449,2193,Normal
2021-10-26,0.68505,0.559343,0.799449,2193,Normal
2021-10-27,0.690404,0.559636,0.799449,2193,Normal
2021-10-28,0.681403,0.559774,0.799449,2193,Normal
2021-10-29,0.683345,0.559858,0.799449,2193,Normal
2021-10-30,0.670751,0.56024,0.799449,2193,Normal
2021-10-31,0.603731,0.560435,0.799449,2193,Normal
2021-11-01,0.602682,0.56056,0.799449,2193,Normal
2021-11-02,0.611341,0.560648,0.799449,2193,Normal
2021-11-03,0.611817,0.560735,0.799449,2193,Normal
2021-11-04,0.606794,0.560735,0.799449,2193,Normal
2021-11-05,0.559159,0.560648,0.799449,2193,Bajo
2021-11-06,0.547421,0.56056,0.799449,2193,Bajo
2021-11-07,0.553567,0.560435,0.799449,2193,Bajo
2021-11-08,0.590145,0.560435,0.799449,2193,Normal
2021-11-09,0.591417,0.560435,0.799449,2193,Normal
2021-11-10,0.58464,0.560435,0.799449,2193,Normal
2021-11-11,0.574785,0.560435,0.799236,2193,Normal
2021-11-12,0.572718,0.560435,0.798867,2193,Normal
2021-11-13,0.572556,0.560435,0.798557,2193,Normal
2021-11-14,0.519752,0.56024,0.797882,2193,Bajo
2021-11-15,0.528906,0.559858,0.797451,2193,Bajo
2021-11-16,0.564174,0.559858,0.797327,2193,Normal
2021-11-17,0.563543,0.559858,0.796623,2193,Normal
2021-11-18,0.583177,0.559858,0.795627,2193,Normal
2021-11-19,0.579647,0.559858,0.794982,2193,Normal
2021-11-20,0.555186,0.559774,0.794698,2193,Bajo
2021-11-21,0.55229,0.559636,0.794321,2193,Bajo
2021-11-22,0.568074,0.559636,0.794067,2193,Normal
2021-11-23,0.574694,0.559636,0.793934,2193,Normal
2021-11-24,0.558934,0.559343,0.79359,2193,Bajo
2021-11-25,0.55045,0.559207,0.793237,2193,Bajo
2021-11-26,0.628593,0.559207,0.792956,2193,Normal
2021-11-27,0.617938,0.559207,0.792374,2193,Normal
2021-11-28,0.632325,0.559207,0.791897,2193,Normal
2021-11-29,0.633482,0.559207,0.791228,2193,Normal
2021-11-30,0.634632,0.559207,0.790894,2193,Normal
2021-12-01,0.634901,0.559207,0.789634,2193,Normal
2021-12-02,0.619298,0.559207,0.788893,2193,Normal
2021-12-03,0.640764,0.559207,0.788072,2193,Normal
2021-12-04,0.699976,0.559207,0.788072,2193,Normal
2021-12-05,0.701231,0.559207,0.788072,2193,Normal
2021-12-06,0.706509,0.559207,0.788072,2193,Normal
2021-12-07,0.696054,0.559207,0.788072,2193,Normal
2021-12-08,0.645578,0.559207,0.788072,2193,Normal
2021-12-09,0.66913,0.559207,0.788072,2193,Normal
2021-12-10,0.665497,0.559207,0.788072,2193,Normal
2021-12-11,0.694555,0.559207,0.788072,2193,Normal
2021-12-12,0.699386,0.559207,0.788072,2193,Normal
2021-12-13,0.730285,0.559207,0.788072,2193,Normal
2021-12-14,0.741587,0.559207,0.788072,2193,Normal
2021-12-15,0.741384,0.559207,0.788072,2193,Normal
2021-12-16,0.724266,0.559207,0.788072,2193,Normal
2021-12-17,0.727417,0.559207,0.788072,2193,Normal
2021-12-18,0.708671,0.559207,0.788072,2193,Normal
2021-12-19,0.701795,0.559207,0.788072,2193,Normal
2021-12-20,0.691748,0.559207,0.788072,2193,Normal
2021-12-21,0.71222,0.559207,0.788072,2193,Normal
2021-12-22,0.700674,0.559207,0.788072,2193,Normal
2021-12-23,0.715816,0.559207,0.788072,2193,Normal
2021-12-24,0.715875,0.559207,0.788072,2193,Normal
2021-12-25,0.704715,0.559207,0.788072,2193,Normal
2021-12-26,0.631592,0.559207,0.788072,2193,Normal
2021-12-27,0.627442,0.559207,0.788072,2193,Normal
2021-12-28,0.638513,0.559207,0.788072,2193,Normal
2021-12-29,0.63858,0.559207,0.788072,2193,Normal
2021-12-30,0.642247,0.559207,0.788072,2193,Normal
2021-12-31,0.642675,0.559207,0.788072,2193,Normal
2022-01-01,0.657539,0.559207,0.788072,2193,Normal
2022-01-02,0.63718,0.559207,0.788072,2193,Normal
2022-01-03,0.56516,0.559207,0.788072,2193,Normal
2022-01-04,0.566027,0.559207,0.788072,2193,Normal
2022-01-05,0.585763,0.559207,0.788072,2193,Normal
2022-01-06,0.585362,0.559207,0.788072,2193,Normal
2022-01-07,0.595382,0.559207,0.788072,2193,Normal
2022-01-08,0.563859,0.559207,0.788072,2193,Normal
2022-01-09,0.564369,0.559207,0.788072,2193,Normal
2022-01-10,0.534131,0.559145,0.788072,2193,Bajo
2022-01-11,0.537684,0.559145,0.788072,2193,Bajo
2022-01-12,0.4957,0.559145,0.788072,2193,Bajo
2022-01-13,0.48731,0.559145,0.788072,2193,Bajo
2022-01-14,0.488254,0.559145,0.788072,2193,Bajo
2022-01-15,0.482518,0.559145,0.788072,2193,Bajo
2022-01-16,0.472215,0.559054,0.788072,2193,Bajo
2022-01-17,0.472115,0.558512,0.786899,2193,Bajo
2022-01-18,0.472632,0.557661,0.784791,2193,Bajo
2022-01-19,0.473984,0.557626,0.783168,2193,Bajo
2022-01-20,0.448139,0.557557,0.78275,2193,Bajo
2022-01-21,0.576178,0.557557,0.781778,2193,Normal
2022-01-22,0.550287,0.55749,0.781046,2193,Bajo
2022-01-23,0.571982,0.55749,0.78046,2193,Normal
2022-01-24,0.577535,0.55749,0.779509,2193,Normal
2022-01-25,0.577502,0.55749,0.778854,2193,Normal
2022-01-26,0.577065,0.55749,0.778634,2193,Normal
2022-01-27,0.547251,0.557451,0.778569,2193,Bajo
2022-01-28,0.550206,0.557385,0.77764,2193,Bajo
2022-01-29,0.549039,0.557177,0.776351,2193,Bajo
2022-01-30,0.54702,0.556767,0.775846,2193,Bajo
2022-01-31,0.533518,0.556499,0.775243,2193,Bajo
2022-02-01,0.535519,0.556322,0.774892,2193,Bajo
2022-02-02,0.552917,0.556292,0.774805,2193,Bajo
2022-02-03,0.556128,0.556207,0.774066,2193,Bajo
2022-02-04,0.661223,0.556207,0.773616,2193,Normal
2022-02-05,0.660879,0.556207,0.773496,2193,Normal
2022-02-06,0.653554,0.556207,0.77343,2193,Normal
2022-02-07,0.663515,0.556207,0.77293,2193,Normal
2022-02-08,0.663551,0.556207,0.772253,2193,Normal
2022-02-09,0.663798,0.556207,0.770697,2193,Normal
2022-02-10,0.66461,0.556207,0.769887,2193,Normal
2022-02-11,0.663505,0.556207,0.769777,2193,Normal
2022-02-12,0.654565,0.556207,0.769732,2193,Normal
2022-02-13,0.653068,0.556207,0.769138,2193,Normal
2022-02-14,0.654349,0.556207,0.768501,2193,Normal
2022-02-15,0.674865,0.556207,0.768501,2193,Normal
2022-02-16,0.673248,0.556207,0.768501,2193,Normal
2022-02-17,0.729406,0.556207,0.768501,2193,Normal
2022-02-18,0.728779,0.556207,0.768501,2193,Normal
2022-02-19,0.724695,0.556207,0.768501,2193,Normal
2022-02-20,0.629885,0.556292,0.768501,2193,Normal
2022-02-21,0.626137,0.556322,0.768501,2193,Normal
2022-02-22,0.624884,0.556499,0.768501,2193,Normal
2022-02-23,0.631315,0.556767,0.768501,2193,Normal
2022-02-24,0.638894,0.557177,0.768501,2193,Normal
2022-02-25,0.64265,0.557385,0.768501,2193,Normal
2022-02-26,0.642131,0.557451,0.768501,2193,Normal
2022-02-27,0.654469,0.55749,0.768501,2193,Normal
2022-02-28,0.806777,0.557557,0.769138,2193,Elevado
2022-03-01,0.810344,0.557654,0.769745,2192,Elevado
2022-03-02,0.811702,0.55809,0.769797,2192,Elevado
2022-03-03,0.822512,0.558994,0.769957,2192,Elevado
2022-03-04,0.855671,0.55913,0.771366,2192,Elevado
2022-03-05,0.855236,0.559183,0.77247,2192,Elevado
2022-03-06,0.76878,0.559287,0.77247,2192,Normal
2022-03-07,0.769338,0.559517,0.77247,2192,Normal
2022-03-08,0.767554,0.559764,0.77247,2192,Normal
2022-03-09,0.810601,0.55982,0.773172,2192,Elevado
2022-03-10,0.83695,0.560068,0.773445,2192,Elevado
2022-03-11,0.837421,0.560424,0.773533,2192,Elevado
2022-03-12,0.835741,0.560503,0.773663,2192,Elevado
2022-03-13,0.836047,0.560632,0.774422,2192,Elevado
2022-03-14,0.855694,0.560699,0.774831,2192,Elevado
2022-03-15,0.856034,0.56083,0.774928,2192,Elevado
2022-03-16,0.871277,0.561026,0.775522,2192,Elevado
2022-03-17,0.853905,0.56122,0.775891,2192,Elevado
2022-03-18,0.856296,0.561298,0.776767,2192,Elevado
2022-03-19,0.809865,0.561335,0.778098,2192,Elevado
2022-03-20,0.812945,0.561476,0.778583,2192,Elevado
2022-03-21,0.813171,0.56163,0.77867,2192,Elevado
2022-03-22,0.803665,0.561702,0.779001,2192,Elevado
2022-03-23,0.792534,0.561948,0.77987,2192,Elevado
2022-03-24,0.790134,0.562232,0.780689,2192,Elevado
2022-03-25,0.782165,0.562396,0.781173,2192,Elevado
2022-03-26,0.777601,0.562607,0.781173,2192,Normal
2022-03-27,0.792014,0.562968,0.781877,2192,Elevado
2022-03-28,0.791475,0.563308,0.782544,2192,Elevado
2022-03-29,0.775751,0.563564,0.782544,2192,Normal
2022-03-30,0.625379,0.563691,0.782544,2192,Normal
2022-03-31,0.630567,0.56394,0.782544,2192,Normal
2022-04-01,0.63148,0.564127,0.782544,2192,Normal
2022-04-02,0.620116,0.564239,0.782544,2192,Normal
2022-04-03,0.542745,0.564239,0.782544,2192,Bajo
2022-04-04,0.542764,0.564239,0.782544,2192,Bajo
2022-04-05,0.541835,0.564239,0.782544,2192,Bajo
2022-04-06,0.575633,0.564393,0.782544,2192,Normal
2022-04-07,0.573157,0.564518,0.782544,2192,Normal
2022-04-08,0.513552,0.564518,0.782544,2192,Bajo
2022-04-09,0.463139,0.564518,0.782544,2192,Bajo
2022-04-10,0.461374,0.564518,0.782544,2192,Bajo
2022-04-11,0.516782,0.564518,0.782544,2192,Bajo
2022-04-12,0.509119,0.564518,0.782544,2192,Bajo
2022-04-13,0.488883,0.564518,0.782544,2192,Bajo
2022-04-14,0.499161,0.564518,0.782544,2192,Bajo
2022-04-15,0.475031,0.564518,0.782544,2192,Bajo
2022-04-16,0.475007,0.564518,0.782544,2192,Bajo
2022-04-17,0.472664,0.564518,0.782544,2192,Bajo
2022-04-18,0.482137,0.564518,0.782544,2192,Bajo
2022-04-19,0.478907,0.564518,0.782544,2192,Bajo
2022-04-20,0.478718,0.564518,0.782544,2192,Bajo
2022-04-21,0.470387,0.564518,0.782544,2192,Bajo
2022-04-22,0.471206,0.564518,0.782544,2192,Bajo
2022-04-23,0.460555,0.564518,0.782544,2192,Bajo
2022-04-24,0.459396,0.564518,0.782544,2192,Bajo
2022-04-25,0.469006,0.564518,0.782544,2192,Bajo
2022-04-26,0.465452,0.564518,0.782544,2192,Bajo
2022-04-27,0.480008,0.564518,0.782544,2192,Bajo
2022-04-28,0.482501,0.564518,0.782544,2192,Bajo
2022-04-29,0.489522,0.564518,0.782544,2192,Bajo
2022-04-30,0.484526,0.564518,0.782544,2192,Bajo
2022-05-01,0.487942,0.564518,0.782544,2192,Bajo
2022-05-02,0.488269,0.564518,0.782544,2192,Bajo
2022-05-03,0.486314,0.564518,0.782544,2192,Bajo
2022-05-04,0.524922,0.564518,0.782544,2192,Bajo
2022-05-05,0.587519,0.56472,0.782544,2192,Normal
2022-05-06,0.565595,0.564917,0.782544,2192,Normal
2022-05-07,0.56479,0.564917,0.782544,2192,Bajo
2022-05-08,0.573372,0.565129,0.782544,2192,Normal
2022-05-09,0.69717,0.565305,0.782544,2192,Normal
2022-05-10,0.712071,0.565594,0.782544,2192,Normal
2022-05-11,0.71476,0.565649,0.782544,2192,Normal
2022-05-12,0.709673,0.565847,0.782544,2192,Normal
2022-05-13,0.702153,0.566079,0.782544,2192,Normal
2022-05-14,0.711386,0.566189,0.782544,2192,Normal
2022-05-15,0.728381,0.566295,0.782544,2192,Normal
2022-05-16,0.740836,0.566505,0.782544,2192,Normal
2022-05-17,0.747472,0.56658,0.782544,2192,Normal
2022-05-18,0.75512,0.566636,0.782544,2192,Normal
2022-05-19,0.784057,0.567049,0.782767,2192,Elevado
2022-05-20,0.789123,0.567882,0.783552,2192,Elevado
2022-05-21,0.791184,0.568082,0.784017,2192,Elevado
2022-05-22,0.802061,0.568252,0.785687,2192,Elevado
2022-05-23,0.809188,0.568564,0.787296,2192,Elevado
2022-05-24,0.814587,0.568573,0.788451,2192,Elevado
2022-05-25,0.805665,0.568704,0.788956,2192,Elevado
2022-05-26,0.786757,0.568981,0.788956,2192,Normal
2022-05-27,0.775665,0.569029,0.788956,2192,Normal
2022-05-28,0.776456,0.569313,0.788956,2192,Normal
2022-05-29,0.778216,0.569886,0.788956,2192,Normal
2022-05-30,0.82844,0.5701,0.789088,2192,Elevado
2022-05-31,0.822696,0.570652,0.789797,2192,Elevado
2022-06-01,0.846434,0.57134,0.790621,2192,Elevado
2022-06-02,0.851629,0.571427,0.790923,2192,Elevado
2022-06-03,0.82778,0.571671,0.791107,2192,Elevado
2022-06-04,0.786084,0.572173,0.791107,2192,Normal
2022-06-05,0.786078,0.572573,0.791107,2192,Normal
2022-06-06,0.807352,0.572644,0.791378,2192,Elevado
2022-06-07,0.796233,0.572787,0.791679,2192,Elevado
2022-06-08,0.676717,0.573003,0.791679,2192,Normal
2022-06-09,0.668083,0.573229,0.791679,2192,Normal
2022-06-10,0.637022,0.573503,0.791679,2192,Normal
2022-06-11,0.642223,0.573782,0.791679,2192,Normal
2022-06-12,0.67926,0.573829,0.791679,2192,Normal
2022-06-13,0.883317,0.573889,0.791936,2192,Elevado
2022-06-14,0.864201,0.574028,0.79209,2192,Elevado
2022-06-15,0.860994,0.574028,0.792399,2192,Elevado
2022-06-16,0.911596,0.574028,0.792756,2192,Elevado
2022-06-17,0.898017,0.574028,0.793046,2192,Elevado
2022-06-18,0.892416,0.574028,0.793338,2192,Elevado
2022-06-19,0.949546,0.574028,0.793741,2192,Elevado
2022-06-20,0.947797,0.574028,0.793976,2192,Elevado
2022-06-21,0.939462,0.574028,0.794116,2192,Elevado
2022-06-22,0.938407,0.574028,0.794478,2192,Elevado
2022-06-23,0.961887,0.574028,0.794478,2192,Elevado
2022-06-24,0.963437,0.574028,0.794478,2192,Elevado
2022-06-25,0.966979,0.574028,0.794478,2192,Elevado
2022-06-26,0.96712,0.574028,0.794478,2192,Elevado
2022-06-27,0.963086,0.574028,0.794478,2192,Elevado
2022-06-28,0.958963,0.574028,0.794478,2192,Elevado
2022-06-29,0.90633,0.574028,0.794478,2192,Elevado
2022-06-30,0.904804,0.574028,0.794478,2192,Elevado
2022-07-01,0.890658,0.574028,0.794478,2192,Elevado
2022-07-02,0.882655,0.574028,0.794478,2192,Elevado
2022-07-03,0.884212,0.574028,0.794478,2192,Elevado
2022-07-04,0.906748,0.574028,0.794478,2192,Elevado
2022-07-05,0.906184,0.574028,0.794478,2192,Elevado
2022-07-06,0.887038,0.574028,0.794478,2192,Elevado
2022-07-07,0.916367,0.574028,0.794478,2192,Elevado
2022-07-08,0.914503,0.574028,0.794478,2192,Elevado
2022-07-09,0.914953,0.574028,0.794478,2192,Elevado
2022-07-10,0.914922,0.574028,0.794478,2192,Elevado
2022-07-11,0.921395,0.574028,0.794478,2192,Elevado
2022-07-12,0.903887,0.574028,0.794478,2192,Elevado
2022-07-13,0.722692,0.574028,0.794116,2192,Normal
2022-07-14,0.724655,0.574028,0.793976,2192,Normal
2022-07-15,0.721995,0.574028,0.793741,2192,Normal
2022-07-16,0.630779,0.574028,0.793338,2192,Normal
2022-07-17,0.6346,0.574028,0.793338,2192,Normal
2022-07-18,0.625581,0.574028,0.793338,2192,Normal
2022-07-19,0.580068,0.574028,0.793338,2192,Normal
2022-07-20,0.581615,0.574028,0.793338,2192,Normal
2022-07-21,0.581834,0.574028,0.793338,2192,Normal
2022-07-22,0.570463,0.573889,0.793338,2192,Bajo
2022-07-23,0.541831,0.573829,0.793338,2192,Bajo
2022-07-24,0.541821,0.573829,0.793338,2192,Bajo
2022-07-25,0.580185,0.573889,0.793338,2192,Normal
2022-07-26,0.575161,0.574028,0.793338,2192,Normal
2022-07-27,0.631234,0.574209,0.793338,2192,Normal
2022-07-28,0.635616,0.574289,0.793338,2192,Normal
2022-07-29,0.634406,0.574316,0.793338,2192,Normal
2022-07-30,0.633775,0.574348,0.793338,2192,Normal
2022-07-31,0.620779,0.57448,0.793338,2192,Normal
2022-08-01,0.62095,0.574724,0.793338,2192,Normal
2022-08-02,0.624254,0.57491,0.793338,2192,Normal
2022-08-03,0.608294,0.575228,0.793338,2192,Normal
2022-08-04,0.609852,0.575366,0.793338,2192,Normal
2022-08-05,0.615123,0.575458,0.793338,2192,Normal
2022-08-06,0.594045,0.575633,0.793338,2192,Normal
2022-08-07,0.594439,0.575699,0.793338,2192,Normal
2022-08-08,0.600505,0.575917,0.793338,2192,Normal
2022-08-09,0.595736,0.576118,0.793338,2192,Normal
2022-08-10,0.578842,0.57624,0.793338,2192,Normal
2022-08-11,0.562886,0.57624,0.793338,2192,Bajo
2022-08-12,0.546889,0.57624,0.793338,2192,Bajo
2022-08-13,0.545706,0.57624,0.793338,2192,Bajo
2022-08-14,0.546542,0.57624,0.793338,2192,Bajo
2022-08-15,0.546835,0.57624,0.793338,2192,Bajo
2022-08-16,0.543078,0.57624,0.793338,2192,Bajo
2022-08-17,0.486393,0.57624,0.793338,2192,Bajo
2022-08-18,0.463792,0.57624,0.793338,2192,Bajo
2022-08-19,0.595164,0.576386,0.793338,2192,Normal
2022-08-20,0.5985,0.576449,0.793338,2192,Normal
2022-08-21,0.598928,0.576536,0.793338,2192,Normal
2022-08-22,0.598395,0.576662,0.793338,2192,Normal
2022-08-23,0.598312,0.576712,0.793338,2192,Normal
2022-08-24,0.562254,0.576712,0.793338,2192,Bajo
2022-08-25,0.563086,0.576712,0.793338,2192,Bajo
2022-08-26,0.534316,0.576712,0.793338,2192,Bajo
2022-08-27,0.512651,0.576712,0.793338,2192,Bajo
2022-08-28,0.516695,0.576712,0.793338,2192,Bajo
2022-08-29,0.538934,0.576712,0.793338,2192,Bajo
2022-08-30,0.542226,0.576712,0.793338,2192,Bajo
2022-08-31,0.545521,0.576712,0.793338,2192,Bajo
2022-09-01,0.545646,0.576712,0.793338,2192,Bajo
2022-09-02,0.545739,0.576712,0.793338,2192,Bajo
2022-09-03,0.545445,0.576712,0.793338,2192,Bajo
2022-09-04,0.532574,0.576712,0.793338,2192,Bajo
2022-09-05,0.531536,0.576712,0.793338,2192,Bajo
2022-09-06,0.553261,0.576712,0.793338,2192,Bajo
2022-09-07,0.552207,0.576712,0.793338,2192,Bajo
2022-09-08,0.547876,0.576712,0.793338,2192,Bajo
2022-09-09,0.649499,0.576756,0.793338,2192,Normal
2022-09-10,0.652372,0.576823,0.793338,2192,Normal
2022-09-11,0.648842,0.576917,0.793338,2192,Normal
2022-09-12,0.656627,0.577056,0.793338,2192,Normal
2022-09-13,0.746308,0.577084,0.793338,2192,Normal
2022-09-14,0.746903,0.577249,0.793338,2192,Normal
2022-09-15,0.750484,0.577513,0.793338,2192,Normal
2022-09-16,0.749355,0.577721,0.793338,2192,Normal
2022-09-17,0.752957,0.578168,0.793338,2192,Normal
2022-09-18,0.666429,0.578321,0.793338,2192,Normal
2022-09-19,0.664388,0.578407,0.793338,2192,Normal
2022-09-20,0.669317,0.578662,0.793338,2192,Normal
2022-09-21,0.672164,0.579031,0.793338,2192,Normal
2022-09-22,0.697856,0.579489,0.793338,2192,Normal
2022-09-23,0.697791,0.579712,0.793338,2192,Normal
2022-09-24,0.698433,0.579916,0.793338,2192,Normal
2022-09-25,0.665511,0.580107,0.793338,2192,Normal
2022-09-26,0.670207,0.580231,0.793338,2192,Normal
2022-09-27,0.66542,0.580436,0.793338,2192,Normal
2022-09-28,0.654595,0.580801,0.793338,2192,Normal
2022-09-29,0.650418,0.58125,0.793338,2192,Normal
2022-09-30,0.649434,0.5816,0.793338,2192,Normal
2022-10-01,0.64943,0.581688,0.793338,2192,Normal
2022-10-02,0.650387,0.58194,0.793338,2192,Normal
2022-10-03,0.659494,0.582315,0.793338,2192,Normal
2022-10-04,0.670614,0.582819,0.793338,2192,Normal
2022-10-05,0.67027,0.58319,0.793338,2192,Normal
2022-10-06,0.644292,0.583319,0.793338,2192,Normal
2022-10-07,0.643412,0.583635,0.793338,2192,Normal
2022-10-08,0.643728,0.583935,0.793338,2192,Normal
2022-10-09,0.531804,0.583935,0.793338,2192,Bajo
2022-10-10,0.530006,0.583935,0.793338,2192,Bajo
2022-10-11,0.528343,0.583935,0.793338,2192,Bajo
2022-10-12,0.518386,0.583935,0.793338,2192,Bajo
2022-10-13,0.377276,0.583935,0.793338,2192,Bajo
2022-10-14,0.378196,0.583935,0.793338,2192,Bajo
2022-10-15,0.367379,0.583935,0.793338,2192,Bajo
2022-10-16,0.368824,0.583935,0.793338,2192,Bajo
2022-10-17,0.368249,0.583935,0.793338,2192,Bajo
2022-10-18,0.349128,0.583935,0.793338,2192,Bajo
2022-10-19,0.3503,0.583935,0.793338,2192,Bajo
2022-10-20,0.329005,0.583935,0.793338,2192,Bajo
2022-10-21,0.319503,0.583935,0.793338,2192,Bajo
2022-10-22,0.26803,0.583935,0.793338,2192,Bajo
2022-10-23,0.275555,0.583935,0.793338,2192,Bajo
2022-10-24,0.27014,0.583935,0.793338,2192,Bajo
2022-10-25,0.298993,0.583935,0.793338,2192,Bajo
2022-10-26,0.311352,0.583935,0.793338,2192,Bajo
2022-10-27,0.322351,0.583935,0.793338,2192,Bajo
2022-10-28,0.320828,0.583935,0.793338,2192,Bajo
2022-10-29,0.321308,0.583935,0.793338,2192,Bajo
2022-10-30,0.321631,0.583935,0.793338,2192,Bajo
2022-10-31,0.321785,0.583935,0.793338,2192,Bajo
2022-11-01,0.317049,0.583935,0.793338,2192,Bajo
2022-11-02,0.306852,0.583935,0.793338,2192,Bajo
2022-11-03,0.28066,0.583935,0.793338,2192,Bajo
2022-11-04,0.321014,0.583935,0.793338,2192,Bajo
2022-11-05,0.31849,0.583935,0.793338,2192,Bajo
2022-11-06,0.316243,0.583935,0.793338,2192,Bajo
2022-11-07,0.320994,0.583935,0.793338,2192,Bajo
2022-11-08,0.490442,0.583935,0.793338,2192,Bajo
2022-11-09,0.726821,0.584278,0.793338,2192,Normal
2022-11-10,0.816265,0.584693,0.793741,2192,Elevado
2022-11-11,0.82179,0.58487,0.793976,2192,Elevado
2022-11-12,0.820444,0.585107,0.794116,2192,Elevado
2022-11-13,0.824578,0.585298,0.794478,2192,Elevado
2022-11-14,0.828251,0.585329,0.794761,2192,Elevado
2022-11-15,0.830103,0.585421,0.79514,2192,Elevado
2022-11-16,0.827744,0.585545,0.795921,2192,Elevado
2022-11-17,0.827863,0.585573,0.796268,2192,Elevado
2022-11-18,0.827739,0.585627,0.796961,2192,Elevado
2022-11-19,0.827921,0.58569,0.797357,2192,Elevado
2022-11-20,0.830425,0.586036,0.797516,2192,Elevado
2022-11-21,0.834485,0.586593,0.798182,2192,Elevado
2022-11-22,0.838024,0.586652,0.79863,2192,Elevado
2022-11-23,0.844618,0.586907,0.79903,2192,Elevado
2022-11-24,0.830235,0.587302,0.799278,2192,Elevado
2022-11-25,0.817616,0.587406,0.799578,2192,Elevado
2022-11-26,0.81577,0.587531,0.799948,2192,Elevado
2022-11-27,0.812227,0.587868,0.800081,2192,Elevado
2022-11-28,0.80973,0.588563,0.800122,2192,Elevado
2022-11-29,0.813362,0.588787,0.801421,2192,Elevado
2022-11-30,0.832899,0.589067,0.802333,2192,Elevado
2022-12-01,0.832901,0.589406,0.802475,2192,Elevado
2022-12-02,0.833356,0.589823,0.802613,2192,Elevado
2022-12-03,0.83314,0.590096,0.803093,2192,Elevado
2022-12-04,0.815388,0.590145,0.803543,2192,Elevado
2022-12-05,0.813821,0.590172,0.803883,2192,Elevado
2022-12-06,0.814342,0.590317,0.80421,2192,Elevado
2022-12-07,0.81428,0.590531,0.804863,2192,Elevado
2022-12-08,0.739898,0.590597,0.804863,2192,Normal
2022-12-09,0.49299,0.590597,0.804863,2192,Bajo
2022-12-10,0.344582,0.590597,0.804863,2192,Bajo
2022-12-11,0.326432,0.590597,0.804863,2192,Bajo
2022-12-12,0.323716,0.590597,0.804863,2192,Bajo
2022-12-13,0.323263,0.590597,0.804863,2192,Bajo
2022-12-14,0.319242,0.590597,0.804863,2192,Bajo
2022-12-15,0.328533,0.590597,0.804863,2192,Bajo
2022-12-16,0.359534,0.590597,0.804863,2192,Bajo
2022-12-17,0.360823,0.590597,0.804863,2192,Bajo
2022-12-18,0.360896,0.590597,0.804863,2192,Bajo
2022-12-19,0.366544,0.590597,0.804863,2192,Bajo
2022-12-20,0.366512,0.590597,0.804863,2192,Bajo
2022-12-21,0.348773,0.590597,0.804863,2192,Bajo
2022-12-22,0.337132,0.590597,0.804863,2192,Bajo
2022-12-23,0.326459,0.590597,0.804863,2192,Bajo
2022-12-24,0.326624,0.590597,0.804863,2192,Bajo
2022-12-25,0.326052,0.590597,0.804863,2192,Bajo
2022-12-26,0.326123,0.590597,0.804863,2192,Bajo
2022-12-27,0.329574,0.590597,0.804863,2192,Bajo
2022-12-28,0.327973,0.590597,0.804863,2192,Bajo
2022-12-29,0.325058,0.590597,0.804863,2192,Bajo
2022-12-30,0.284812,0.590597,0.804863,2192,Bajo
2022-12-31,0.282735,0.590597,0.804863,2192,Bajo
2023-01-01,0.282211,0.590597,0.804863,2192,Bajo
2023-01-02,0.279579,0.590597,0.804863,2192,Bajo
2023-01-03,0.275097,0.590597,0.804863,2192,Bajo
2023-01-04,0.276513,0.590597,0.804863,2192,Bajo
2023-01-05,0.275299,0.590597,0.804863,2192,Bajo
2023-01-06,0.271647,0.590597,0.804863,2192,Bajo
2023-01-07,0.258834,0.590531,0.804863,2192,Bajo
2023-01-08,0.260748,0.590317,0.804863,2192,Bajo
2023-01-09,0.261036,0.590172,0.804863,2192,Bajo
2023-01-10,0.266273,0.590145,0.804863,2192,Bajo
2023-01-11,0.281427,0.590096,0.804863,2192,Bajo
2023-01-12,0.311633,0.589823,0.80421,2192,Bajo
2023-01-13,0.363464,0.589406,0.803883,2192,Bajo
2023-01-14,0.382818,0.589067,0.803543,2192,Bajo
2023-01-15,0.341602,0.588787,0.803093,2192,Bajo
2023-01-16,0.34242,0.588563,0.802613,2192,Bajo
2023-01-17,0.342674,0.587868,0.802475,2192,Bajo
2023-01-18,0.346693,0.587531,0.802333,2192,Bajo
2023-01-19,0.342488,0.587406,0.801421,2192,Bajo
2023-01-20,0.408532,0.587302,0.800122,2192,Bajo
2023-01-21,0.407376,0.586907,0.800081,2192,Bajo
2023-01-22,0.407534,0.586652,0.799948,2192,Bajo
2023-01-23,0.406879,0.586593,0.799578,2192,Bajo
2023-01-24,0.412947,0.586036,0.799278,2192,Bajo
2023-01-25,0.413604,0.58569,0.79903,2192,Bajo
2023-01-26,0.407565,0.585627,0.79863,2192,Bajo
2023-01-27,0.401944,0.585573,0.798182,2192,Bajo
2023-01-28,0.404142,0.585545,0.797516,2192,Bajo
2023-01-29,0.407215,0.585421,0.797357,2192,Bajo
2023-01-30,0.441511,0.585329,0.796961,2192,Bajo
2023-01-31,0.441113,0.585298,0.796268,2192,Bajo
2023-02-01,0.443236,0.585107,0.795921,2192,Bajo
2023-02-02,0.447889,0.58487,0.79514,2192,Bajo
2023-02-03,0.45061,0.584693,0.794761,2192,Bajo
2023-02-04,0.451801,0.584278,0.794478,2192,Bajo
2023-02-05,0.462063,0.583935,0.794116,2192,Bajo
2023-02-06,0.464829,0.583635,0.794116,2192,Bajo
2023-02-07,0.466534,0.583319,0.794116,2192,Bajo
2023-02-08,0.472781,0.58319,0.794116,2192,Bajo
2023-02-09,0.518422,0.582819,0.794116,2192,Bajo
2023-02-10,0.515806,0.582315,0.794116,2192,Bajo
2023-02-11,0.491259,0.582315,0.794116,2192,Bajo
2023-02-12,0.456603,0.582315,0.794116,2192,Bajo
2023-02-13,0.423429,0.582315,0.794116,2192,Bajo
2023-02-14,0.427531,0.582315,0.794116,2192,Bajo
2023-02-15,0.52765,0.582315,0.794116,2192,Bajo
2023-02-16,0.544071,0.582315,0.794116,2192,Bajo
2023-02-17,0.553564,0.582315,0.794116,2192,Bajo
2023-02-18,0.551293,0.582315,0.794116,2192,Bajo
2023-02-19,0.497915,0.582315,0.794116,2192,Bajo
2023-02-20,0.502731,0.582315,0.794116,2192,Bajo
2023-02-21,0.506665,0.582315,0.794116,2192,Bajo
2023-02-22,0.508143,0.582315,0.794116,2192,Bajo
2023-02-23,0.507432,0.582315,0.794116,2192,Bajo
2023-02-24,0.517053,0.582315,0.794116,2192,Bajo
2023-02-25,0.517023,0.582315,0.794116,2192,Bajo
2023-02-26,0.520323,0.582315,0.794116,2192,Bajo
2023-02-27,0.520382,0.582315,0.794116,2192,Bajo
2023-02-28,0.511792,0.582315,0.794116,2192,Bajo
2023-03-01,0.497984,0.582315,0.794116,2192,Bajo
2023-03-02,0.496943,0.582315,0.794116,2192,Bajo
2023-03-03,0.516198,0.582315,0.794116,2192,Bajo
2023-03-04,0.515398,0.582315,0.794116,2192,Bajo
2023-03-05,0.51571,0.582315,0.794116,2192,Bajo
2023-03-06,0.515599,0.582315,0.794116,2192,Bajo
2023-03-07,0.513352,0.582315,0.794116,2192,Bajo
2023-03-08,0.518384,0.582315,0.794116,2192,Bajo
2023-03-09,0.554531,0.582315,0.794116,2192,Bajo
2023-03-10,0.553852,0.582315,0.794116,2192,Bajo
2023-03-11,0.532203,0.582315,0.794116,2192,Bajo
2023-03-12,0.592411,0.582819,0.794116,2192,Normal
2023-03-13,0.66454,0.58319,0.794116,2192,Normal
2023-03-14,0.667177,0.583319,0.794116,2192,Normal
2023-03-15,0.670623,0.583635,0.794116,2192,Normal
2023-03-16,0.673715,0.583935,0.794116,2192,Normal
2023-03-17,0.675138,0.583935,0.794116,2192,Normal
2023-03-18,0.666048,0.583935,0.794116,2192,Normal
2023-03-19,0.662536,0.583935,0.794116,2192,Normal
2023-03-20,0.664055,0.583935,0.793976,2192,Normal
2023-03-21,0.661548,0.583935,0.793741,2192,Normal
2023-03-22,0.670315,0.583935,0.793338,2192,Normal
2023-03-23,0.676581,0.583935,0.793046,2192,Normal
2023-03-24,0.685745,0.583935,0.792756,2192,Normal
2023-03-25,0.683898,0.583935,0.792399,2192,Normal
2023-03-26,0.672505,0.583935,0.79209,2192,Normal
2023-03-27,0.684782,0.583935,0.791936,2192,Normal
2023-03-28,0.683439,0.583935,0.791679,2192,Normal
2023-03-29,0.692919,0.583935,0.791378,2192,Normal
2023-03-30,0.691434,0.583935,0.791107,2192,Normal
2023-03-31,0.690151,0.583935,0.790923,2192,Normal
2023-04-01,0.688892,0.583935,0.790621,2192,Normal
2023-04-02,0.663027,0.583935,0.789797,2192,Normal
2023-04-03,0.666479,0.583935,0.789088,2192,Normal
2023-04-04,0.666624,0.583935,0.788956,2192,Normal
2023-04-05,0.666455,0.583935,0.788451,2192,Normal
2023-04-06,0.66518,0.583935,0.78738,2192,Normal
2023-04-07,0.657674,0.583935,0.786672,2192,Normal
2023-04-08,0.605116,0.583935,0.786363,2192,Normal
2023-04-09,0.601731,0.583935,0.786082,2192,Normal
2023-04-10,0.61278,0.583935,0.785404,2192,Normal
2023-04-11,0.572841,0.583635,0.784017,2192,Bajo
2023-04-12,0.505225,0.583319,0.783552,2192,Bajo
2023-04-13,0.503575,0.58319,0.782767,2192,Bajo
2023-04-14,0.497311,0.582819,0.782544,2192,Bajo
2023-04-15,0.493831,0.582315,0.781877,2192,Bajo
2023-04-16,0.385222,0.58194,0.781173,2192,Bajo
2023-04-17,0.395297,0.581688,0.780689,2192,Bajo
2023-04-18,0.387569,0.581257,0.780689,2192,Bajo
2023-04-19,0.432154,0.580801,0.780689,2192,Bajo
2023-04-20,0.436319,0.580436,0.780689,2192,Bajo
2023-04-21,0.440206,0.580231,0.780689,2192,Bajo
2023-04-22,0.426486,0.580107,0.780689,2192,Bajo
2023-04-23,0.413719,0.579916,0.780689,2192,Bajo
2023-04-24,0.413867,0.579916,0.780689,2192,Bajo
2023-04-25,0.420842,0.579916,0.780689,2192,Bajo
2023-04-26,0.405227,0.579916,0.780689,2192,Bajo
2023-04-27,0.423133,0.579916,0.780689,2192,Bajo
2023-04-28,0.403024,0.579916,0.780689,2192,Bajo
2023-04-29,0.400891,0.579916,0.780689,2192,Bajo
2023-04-30,0.397696,0.579916,0.780689,2192,Bajo
2023-05-01,0.422916,0.579916,0.780689,2192,Bajo
2023-05-02,0.428019,0.579916,0.780689,2192,Bajo
2023-05-03,0.4269,0.579916,0.780689,2192,Bajo
2023-05-04,0.425643,0.579916,0.780689,2192,Bajo
2023-05-05,0.433152,0.579916,0.780689,2192,Bajo
2023-05-06,0.440292,0.579916,0.780689,2192,Bajo
2023-05-07,0.443622,0.579916,0.780689,2192,Bajo
2023-05-08,0.45459,0.579916,0.780689,2192,Bajo
2023-05-09,0.451973,0.579916,0.780689,2192,Bajo
2023-05-10,0.420304,0.579916,0.780689,2192,Bajo
2023-05-11,0.418355,0.579916,0.780689,2192,Bajo
2023-05-12,0.417599,0.579916,0.780689,2192,Bajo
2023-05-13,0.411211,0.579916,0.780689,2192,Bajo
2023-05-14,0.411839,0.579916,0.780689,2192,Bajo
2023-05-15,0.414192,0.579916,0.780689,2192,Bajo
2023-05-16,0.414,0.579916,0.780689,2192,Bajo
2023-05-17,0.407546,0.579916,0.780689,2192,Bajo
2023-05-18,0.393648,0.579916,0.780689,2192,Bajo
2023-05-19,0.352564,0.579916,0.780689,2192,Bajo
2023-05-20,0.348024,0.579916,0.780689,2192,Bajo
2023-05-21,0.328852,0.579916,0.780689,2192,Bajo
2023-05-22,0.320478,0.579916,0.780689,2192,Bajo
2023-05-23,0.32358,0.579916,0.780689,2192,Bajo
2023-05-24,0.34366,0.579712,0.780689,2192,Bajo
2023-05-25,0.327789,0.579489,0.780689,2192,Bajo
2023-05-26,0.329329,0.579031,0.780689,2192,Bajo
2023-05-27,0.300168,0.578662,0.780689,2192,Bajo
2023-05-28,0.341452,0.578407,0.77987,2192,Bajo
2023-05-29,0.343245,0.578321,0.779001,2192,Bajo
2023-05-30,0.343212,0.578168,0.778656,2192,Bajo
2023-05-31,0.319485,0.577721,0.778442,2192,Bajo
2023-06-01,0.312442,0.577513,0.778011,2192,Bajo
2023-06-02,0.314701,0.577249,0.777461,2192,Bajo
2023-06-03,0.314727,0.577084,0.77694,2192,Bajo
2023-06-04,0.30094,0.577056,0.776283,2192,Bajo
2023-06-05,0.341512,0.576917,0.775891,2192,Bajo
2023-06-06,0.398432,0.576823,0.775785,2192,Bajo
2023-06-07,0.403244,0.576756,0.775722,2192,Bajo
2023-06-08,0.404159,0.576712,0.775431,2192,Bajo
2023-06-09,0.404161,0.576662,0.774928,2192,Bajo
2023-06-10,0.404843,0.576536,0.774831,2192,Bajo
2023-06-11,0.404702,0.576449,0.774422,2192,Bajo
2023-06-12,0.404701,0.576386,0.773663,2192,Bajo
2023-06-13,0.404114,0.57624,0.773533,2192,Bajo
2023-06-14,0.415929,0.576118,0.773445,2192,Bajo
2023-06-15,0.421737,0.575917,0.773172,2192,Bajo
2023-06-16,0.432437,0.575699,0.77247,2192,Bajo
2023-06-17,0.426939,0.575633,0.771366,2192,Bajo
2023-06-18,0.427267,0.575458,0.769957,2192,Bajo
2023-06-19,0.431661,0.575366,0.769797,2192,Bajo
2023-06-20,0.467577,0.575228,0.769745,2192,Bajo
2023-06-21,0.507062,0.57491,0.769592,2192,Bajo
2023-06-22,0.506433,0.574724,0.769175,2192,Bajo
2023-06-23,0.495242,0.57448,0.768825,2192,Bajo
2023-06-24,0.496616,0.574348,0.76863,2192,Bajo
2023-06-25,0.496969,0.574316,0.76828,2192,Bajo
2023-06-26,0.49843,0.574289,0.7681,2192,Bajo
2023-06-27,0.478993,0.574209,0.767885,2192,Bajo
2023-06-28,0.483281,0.574028,0.767709,2192,Bajo
2023-06-29,0.48411,0.573889,0.767502,2192,Bajo
2023-06-30,0.478332,0.573829,0.767344,2192,Bajo
2023-07-01,0.473752,0.573782,0.767201,2192,Bajo
2023-07-02,0.472114,0.573503,0.767026,2192,Bajo
2023-07-03,0.472926,0.573229,0.766803,2192,Bajo
2023-07-04,0.476638,0.573003,0.766482,2192,Bajo
2023-07-05,0.433731,0.572869,0.765893,2192,Bajo
2023-07-06,0.401358,0.572759,0.765588,2192,Bajo
2023-07-07,0.38105,0.572644,0.76515,2192,Bajo
2023-07-08,0.381685,0.572573,0.765017,2192,Bajo
2023-07-09,0.382417,0.572173,0.765017,2192,Bajo
2023-07-10,0.368686,0.571671,0.765017,2192,Bajo
2023-07-11,0.368621,0.571384,0.764753,2192,Bajo
2023-07-12,0.370832,0.570748,0.764646,2192,Bajo
2023-07-13,0.384782,0.570367,0.764646,2192,Bajo
2023-07-14,0.391739,0.5701,0.764646,2192,Bajo
2023-07-15,0.390341,0.569886,0.764646,2192,Bajo
2023-07-16,0.381572,0.569313,0.764646,2192,Bajo
2023-07-17,0.382485,0.569029,0.764646,2192,Bajo
2023-07-18,0.383768,0.568981,0.764607,2192,Bajo
2023-07-19,0.380152,0.568702,0.76449,2192,Bajo
2023-07-20,0.335574,0.568564,0.763972,2192,Bajo
2023-07-21,0.267138,0.568252,0.763182,2192,Bajo
2023-07-22,0.267134,0.568082,0.762535,2192,Bajo
2023-07-23,0.251077,0.567882,0.761293,2192,Bajo
2023-07-24,0.271621,0.567049,0.760953,2192,Bajo
2023-07-25,0.271822,0.566636,0.760233,2192,Bajo
2023-07-26,0.27187,0.56658,0.758808,2192,Bajo
2023-07-27,0.266736,0.566324,0.758637,2192,Bajo
2023-07-28,0.258542,0.566086,0.758489,2192,Bajo
2023-07-29,0.254489,0.565847,0.758111,2192,Bajo
2023-07-30,0.254436,0.565649,0.757742,2192,Bajo
2023-07-31,0.253701,0.565594,0.757366,2192,Bajo
2023-08-01,0.26071,0.565305,0.756843,2192,Bajo
2023-08-02,0.258385,0.565129,0.755801,2192,Bajo
2023-08-03,0.255823,0.564917,0.755047,2192,Bajo
2023-08-04,0.254642,0.564799,0.7549,2192,Bajo
2023-08-05,0.246309,0.564711,0.754877,2192,Bajo
2023-08-06,0.23996,0.564518,0.75458,2192,Bajo
2023-08-07,0.240938,0.564393,0.754023,2192,Bajo
2023-08-08,0.251533,0.564239,0.75379,2192,Bajo
2023-08-09,0.250369,0.564127,0.753304,2192,Bajo
2023-08-10,0.249217,0.56394,0.752706,2192,Bajo
2023-08-11,0.248111,0.563691,0.752145,2192,Bajo
2023-08-12,0.210936,0.563564,0.751793,2192,Bajo
2023-08-13,0.170317,0.563308,0.751298,2192,Bajo
2023-08-14,0.171355,0.563121,0.751123,2192,Bajo
2023-08-15,0.173113,0.562953,0.750843,2192,Bajo
2023-08-16,0.180831,0.562866,0.750656,2192,Bajo
2023-08-17,0.311206,0.562521,0.750154,2192,Bajo
2023-08-18,0.317154,0.562287,0.74949,2192,Bajo
2023-08-19,0.317926,0.562199,0.749461,2192,Bajo
2023-08-20,0.317995,0.561948,0.749395,2192,Bajo
2023-08-21,0.318058,0.561702,0.749209,2192,Bajo
2023-08-22,0.313922,0.56163,0.748884,2192,Bajo
2023-08-23,0.30681,0.561411,0.748753,2192,Bajo
2023-08-24,0.307146,0.561222,0.748581,2192,Bajo
2023-08-25,0.305753,0.561026,0.748428,2192,Bajo
2023-08-26,0.305862,0.56083,0.748291,2192,Bajo
2023-08-27,0.305803,0.560699,0.748108,2192,Bajo
2023-08-28,0.305608,0.560632,0.747752,2192,Bajo
2023-08-29,0.379012,0.560503,0.747752,2192,Bajo
2023-08-30,0.381995,0.560424,0.747752,2192,Bajo
2023-08-31,0.412677,0.560068,0.747752,2192,Bajo
2023-09-01,0.409785,0.55982,0.747752,2192,Bajo
2023-09-02,0.410197,0.559764,0.747752,2192,Bajo
2023-09-03,0.411113,0.559517,0.747566,2192,Bajo
2023-09-04,0.411045,0.559287,0.74746,2192,Bajo
2023-09-05,0.410935,0.559183,0.74746,2192,Bajo
2023-09-06,0.409848,0.55913,0.74746,2192,Bajo
2023-09-07,0.409366,0.558994,0.74746,2192,Bajo
2023-09-08,0.41042,0.55809,0.74746,2192,Bajo
2023-09-09,0.410659,0.557654,0.74746,2192,Bajo
2023-09-10,0.410531,0.557606,0.74746,2192,Bajo
2023-09-11,0.417423,0.557528,0.74746,2192,Bajo
2023-09-12,0.432318,0.55744,0.74746,2192,Bajo
2023-09-13,0.436386,0.557361,0.74746,2192,Bajo
2023-09-14,0.439311,0.557018,0.74746,2192,Bajo
2023-09-15,0.437201,0.556676,0.747367,2192,Bajo
2023-09-16,0.351884,0.556412,0.747126,2192,Bajo
2023-09-17,0.342597,0.556319,0.746914,2192,Bajo
2023-09-18,0.343777,0.556191,0.746791,2192,Bajo
2023-09-19,0.347964,0.555979,0.746518,2192,Bajo
2023-09-20,0.348054,0.555876,0.746383,2192,Bajo
2023-09-21,0.3564,0.555718,0.746247,2192,Bajo
2023-09-22,0.352719,0.55537,0.746037,2192,Bajo
2023-09-23,0.350802,0.555231,0.745835,2192,Bajo
2023-09-24,0.353411,0.555201,0.745584,2192,Bajo
2023-09-25,0.353393,0.554822,0.744978,2192,Bajo
2023-09-26,0.353482,0.554568,0.744567,2192,Bajo
2023-09-27,0.354035,0.554224,0.743815,2192,Bajo
2023-09-28,0.295167,0.553925,0.74208,2192,Bajo
2023-09-29,0.290728,0.553715,0.741519,2192,Bajo
2023-09-30,0.225292,0.553593,0.741236,2192,Bajo
2023-10-01,0.256728,0.553565,0.740905,2192,Bajo
2023-10-02,0.26632,0.553362,0.740523,2192,Bajo
2023-10-03,0.266724,0.553032,0.739764,2192,Bajo
2023-10-04,0.267931,0.552567,0.739482,2192,Bajo
2023-10-05,0.273399,0.552378,0.738602,2192,Bajo
2023-10-06,0.279498,0.552317,0.736137,2192,Bajo
2023-10-07,0.273213,0.552235,0.734541,2192,Bajo
2023-10-08,0.268127,0.552198,0.734238,2192,Bajo
2023-10-09,0.272869,0.552164,0.733871,2192,Bajo
2023-10-10,0.274386,0.552144,0.7334,2192,Bajo
2023-10-11,0.265621,0.552116,0.732597,2192,Bajo
2023-10-12,0.250872,0.551789,0.732166,2192,Bajo
2023-10-13,0.246379,0.551406,0.731641,2192,Bajo
2023-10-14,0.243365,0.550942,0.731099,2192,Bajo
2023-10-15,0.246473,0.550556,0.730366,2192,Bajo
2023-10-16,0.296894,0.550432,0.729992,2192,Bajo
2023-10-17,0.297418,0.550332,0.729329,2192,Bajo
2023-10-18,0.296965,0.550233,0.729074,2192,Bajo
2023-10-19,0.295675,0.550037,0.729043,2192,Bajo
2023-10-20,0.313973,0.549886,0.729043,2192,Bajo
2023-10-21,0.302091,0.549734,0.729043,2192,Bajo
2023-10-22,0.301907,0.54925,0.729043,2192,Bajo
2023-10-23,0.443711,0.548875,0.729043,2192,Bajo
2023-10-24,0.441914,0.548769,0.729043,2192,Bajo
2023-10-25,0.442185,0.548641,0.729043,2192,Bajo
2023-10-26,0.444957,0.548188,0.729043,2192,Bajo
2023-10-27,0.448555,0.547914,0.729043,2192,Bajo
2023-10-28,0.444652,0.547688,0.729043,2192,Bajo
2023-10-29,0.442863,0.547481,0.729043,2192,Bajo
2023-10-30,0.443597,0.547422,0.729043,2192,Bajo
2023-10-31,0.430948,0.547308,0.729043,2192,Bajo
2023-11-01,0.424548,0.547154,0.729043,2192,Bajo
2023-11-02,0.430292,0.547049,0.729043,2192,Bajo
2023-11-03,0.432677,0.547014,0.729043,2192,Bajo
2023-11-04,0.426093,0.54693,0.729043,2192,Bajo
2023-11-05,0.425416,0.546853,0.729043,2192,Bajo
2023-11-06,0.425609,0.546789,0.729043,2192,Bajo
2023-11-07,0.424511,0.546759,0.729043,2192,Bajo
2023-11-08,0.41833,0.546613,0.729043,2192,Bajo
2023-11-09,0.420299,0.546296,0.729043,2192,Bajo
2023-11-10,0.407688,0.54596,0.729043,2192,Bajo
2023-11-11,0.407728,0.545847,0.728656,2192,Bajo
2023-11-12,0.409489,0.545774,0.728656,2192,Bajo
2023-11-13,0.418606,0.545717,0.728407,2192,Bajo
2023-11-14,0.436724,0.545666,0.728394,2192,Bajo
2023-11-15,0.456014,0.545572,0.728329,2192,Bajo
2023-11-16,0.493991,0.545526,0.727954,2192,Bajo
2023-11-17,0.492651,0.54547,0.727373,2192,Bajo
2023-11-18,0.493305,0.545439,0.727285,2192,Bajo
2023-11-19,0.488185,0.545312,0.727249,2192,Bajo
2023-11-20,0.488673,0.5452,0.727061,2192,Bajo
2023-11-21,0.5243,0.545033,0.72675,2192,Bajo
2023-11-22,0.433476,0.544604,0.726606,2192,Bajo
2023-11-23,0.427406,0.544396,0.726431,2192,Bajo
2023-11-24,0.425691,0.544302,0.726012,2192,Bajo
2023-11-25,0.423263,0.544135,0.725757,2192,Bajo
2023-11-26,0.423846,0.544009,0.72556,2192,Bajo
2023-11-27,0.424974,0.543745,0.725498,2192,Bajo
2023-11-28,0.425971,0.543327,0.725389,2192,Bajo
2023-11-29,0.425783,0.543111,0.725213,2192,Bajo
2023-11-30,0.42641,0.542994,0.724842,2192,Bajo
2023-12-01,0.428672,0.542827,0.724682,2192,Bajo
2023-12-02,0.427834,0.542752,0.724525,2192,Bajo
2023-12-03,0.42732,0.542502,0.724196,2192,Bajo
2023-12-04,0.453832,0.542278,0.724037,2192,Bajo
2023-12-05,0.476569,0.542132,0.723911,2192,Bajo
2023-12-06,0.478617,0.542017,0.723727,2192,Bajo
2023-12-07,0.48266,0.5419,0.723377,2192,Bajo
2023-12-08,0.485093,0.541843,0.722642,2192,Bajo
2023-12-09,0.482399,0.541832,0.722398,2192,Bajo
2023-12-10,0.480918,0.541824,0.722073,2192,Bajo
2023-12-11,0.531283,0.541672,0.721518,2192,Bajo
2023-12-12,0.530972,0.541318,0.720543,2192,Bajo
2023-12-13,0.535992,0.540981,0.720445,2192,Bajo
2023-12-14,0.524336,0.540797,0.720126,2192,Bajo
2023-12-15,0.494373,0.540009,0.719687,2192,Bajo
2023-12-16,0.460872,0.539457,0.719465,2192,Bajo
2023-12-17,0.469267,0.539078,0.718958,2192,Bajo
2023-12-18,0.47819,0.538871,0.718136,2192,Bajo
2023-12-19,0.476427,0.538658,0.717091,2192,Bajo
2023-12-20,0.48668,0.538517,0.716744,2192,Bajo
2023-12-21,0.448929,0.538383,0.716165,2192,Bajo
2023-12-22,0.426726,0.538239,0.715855,2192,Bajo
2023-12-23,0.427568,0.538089,0.7157,2192,Bajo
2023-12-24,0.433277,0.537802,0.715466,2192,Bajo
2023-12-25,0.434162,0.53763,0.715262,2192,Bajo
2023-12-26,0.444001,0.537579,0.71483,2192,Bajo
2023-12-27,0.446853,0.537163,0.714734,2192,Bajo
2023-12-28,0.453931,0.536625,0.714544,2192,Bajo
2023-12-29,0.457246,0.536417,0.714183,2192,Bajo
2023-12-30,0.456533,0.536298,0.713965,2192,Bajo
2023-12-31,0.44948,0.536077,0.713836,2192,Bajo
2024-01-01,0.469211,0.535677,0.713683,2192,Bajo
2024-01-02,0.47062,0.534946,0.713419,2192,Bajo
2024-01-03,0.475552,0.534431,0.713246,2192,Bajo
2024-01-04,0.45631,0.534193,0.713105,2192,Bajo
2024-01-05,0.455579,0.533937,0.712783,2192,Bajo
2024-01-06,0.45411,0.533822,0.712518,2192,Bajo
2024-01-07,0.448308,0.533617,0.71217,2192,Bajo
2024-01-08,0.503981,0.533516,0.712008,2192,Bajo
2024-01-09,0.509343,0.533489,0.711857,2192,Bajo
2024-01-10,0.45918,0.53308,0.711711,2192,Bajo
2024-01-11,0.460761,0.532676,0.711469,2192,Bajo
2024-01-12,0.533338,0.532676,0.711342,2192,Normal
2024-01-13,0.53323,0.532676,0.711189,2192,Normal
2024-01-14,0.533627,0.532676,0.710996,2192,Normal
2024-01-15,0.536954,0.532676,0.710637,2192,Normal
2024-01-16,0.533413,0.532676,0.710109,2192,Normal
2024-01-17,0.52362,0.532549,0.70994,2192,Bajo
2024-01-18,0.536636,0.532549,0.709788,2192,Normal
2024-01-19,0.524041,0.53252,0.709446,2192,Bajo
2024-01-20,0.523638,0.532306,0.708886,2192,Bajo
2024-01-21,0.523377,0.532165,0.708281,2192,Bajo
2024-01-22,0.54969,0.532165,0.707412,2192,Normal
2024-01-23,0.549221,0.532165,0.707228,2192,Normal
2024-01-24,0.547146,0.532165,0.707182,2192,Normal
2024-01-25,0.541234,0.532165,0.707,2192,Normal
2024-01-26,0.56118,0.532165,0.706775,2192,Normal
2024-01-27,0.557485,0.532165,0.706674,2192,Normal
2024-01-28,0.555942,0.532165,0.706441,2192,Normal
2024-01-29,0.565717,0.532165,0.7062,2192,Normal
2024-01-30,0.566587,0.532165,0.705701,2192,Normal
2024-01-31,0.544516,0.532165,0.704987,2192,Normal
2024-02-01,0.542432,0.532165,0.704576,2192,Normal
2024-02-02,0.515896,0.532033,0.704147,2192,Bajo
2024-02-03,0.504485,0.531892,0.703389,2192,Bajo
2024-02-04,0.505444,0.531819,0.702473,2192,Bajo
2024-02-05,0.505457,0.531625,0.702433,2192,Bajo
2024-02-06,0.506943,0.531367,0.702339,2192,Bajo
2024-02-07,0.457587,0.531076,0.702251,2192,Bajo
2024-02-08,0.46039,0.530961,0.702119,2192,Bajo
2024-02-09,0.480248,0.530705,0.701965,2192,Bajo
2024-02-10,0.481434,0.530279,0.701668,2192,Bajo
2024-02-11,0.382317,0.530047,0.701353,2192,Bajo
2024-02-12,0.395293,0.529902,0.701107,2192,Bajo
2024-02-13,0.380073,0.529231,0.700797,2192,Bajo
2024-02-14,0.398138,0.528911,0.700474,2192,Bajo
2024-02-15,0.397322,0.528552,0.700041,2192,Bajo
2024-02-16,0.39354,0.528354,0.69993,2192,Bajo
2024-02-17,0.369423,0.528245,0.699708,2192,Bajo
2024-02-18,0.369449,0.527928,0.699426,2192,Bajo
2024-02-19,0.372073,0.527698,0.699307,2192,Bajo
2024-02-20,0.370384,0.527623,0.699062,2192,Bajo
2024-02-21,0.31247,0.527599,0.698794,2192,Bajo
2024-02-22,0.320545,0.527227,0.698549,2192,Bajo
2024-02-23,0.326759,0.526867,0.698241,2192,Bajo
2024-02-24,0.325086,0.526763,0.697834,2192,Bajo
2024-02-25,0.295077,0.52663,0.697651,2192,Bajo
2024-02-26,0.335347,0.526446,0.697304,2192,Bajo
2024-02-27,0.356682,0.526245,0.697106,2192,Bajo
2024-02-28,0.450707,0.526142,0.696866,2192,Bajo
2024-02-29,0.460828,0.526105,0.696756,2193,Bajo
2024-03-01,0.455549,0.526012,0.696251,2193,Bajo
2024-03-02,0.46047,0.525796,0.695476,2193,Bajo
2024-03-03,0.459516,0.525453,0.695174,2193,Bajo
2024-03-04,0.510474,0.52513,0.69476,2193,Bajo
2024-03-05,0.583925,0.52513,0.693465,2193,Normal
2024-03-06,0.587464,0.52513,0.692839,2193,Normal
2024-03-07,0.5873,0.52513,0.692098,2193,Normal
2024-03-08,0.585457,0.52513,0.691602,2193,Normal
2024-03-09,0.586314,0.52513,0.691466,2193,Normal
2024-03-10,0.578696,0.52513,0.691007,2193,Normal
2024-03-11,0.588793,0.52513,0.690772,2193,Normal
2024-03-12,0.594074,0.52513,0.69065,2193,Normal
2024-03-13,0.590793,0.52513,0.690467,2193,Normal
2024-03-14,0.601976,0.52513,0.690236,2193,Normal
2024-03-15,0.60647,0.52513,0.68993,2193,Normal
2024-03-16,0.657696,0.52513,0.689508,2193,Normal
2024-03-17,0.671333,0.52513,0.68927,2193,Normal
2024-03-18,0.6718,0.52513,0.689063,2193,Normal
2024-03-19,0.752656,0.52513,0.689063,2193,Elevado
2024-03-20,0.809023,0.52513,0.689063,2193,Elevado
2024-03-21,0.82398,0.52513,0.689063,2193,Elevado
2024-03-22,0.830521,0.52513,0.689063,2193,Elevado
2024-03-23,0.828022,0.52513,0.689063,2193,Elevado
2024-03-24,0.837689,0.52513,0.689063,2193,Elevado
2024-03-25,0.844039,0.52513,0.689063,2193,Elevado
2024-03-26,0.844236,0.52513,0.689063,2193,Elevado
2024-03-27,0.832161,0.52513,0.689063,2193,Elevado
2024-03-28,0.822298,0.52513,0.689063,2193,Elevado
2024-03-29,0.766822,0.52513,0.689063,2193,Elevado
2024-03-30,0.761863,0.52513,0.689063,2193,Elevado
2024-03-31,0.762741,0.52513,0.689063,2193,Elevado
2024-04-01,0.767656,0.52513,0.689063,2193,Elevado
2024-04-02,0.799923,0.52513,0.689063,2193,Elevado
2024-04-03,0.749244,0.52513,0.689063,2193,Elevado
2024-04-04,0.719555,0.52513,0.689063,2193,Elevado
2024-04-05,0.710476,0.52513,0.689063,2193,Elevado
2024-04-06,0.711203,0.52513,0.689063,2193,Elevado
2024-04-07,0.708238,0.52513,0.689063,2193,Elevado
2024-04-08,0.716696,0.52513,0.689063,2193,Elevado
2024-04-09,0.727507,0.52513,0.689063,2193,Elevado
2024-04-10,0.714617,0.52513,0.689063,2193,Elevado
2024-04-11,0.714582,0.52513,0.689063,2193,Elevado
2024-04-12,0.72332,0.52513,0.689063,2193,Elevado
2024-04-13,0.736196,0.52513,0.689063,2193,Elevado
2024-04-14,0.738545,0.52513,0.689063,2193,Elevado
2024-04-15,0.715544,0.52513,0.689063,2193,Elevado
2024-04-16,0.695458,0.52513,0.689063,2193,Elevado
2024-04-17,0.707837,0.52513,0.689063,2193,Elevado
2024-04-18,0.650229,0.52513,0.688922,2193,Normal
2024-04-19,0.561158,0.52513,0.688457,2193,Normal
2024-04-20,0.551793,0.52513,0.688229,2193,Normal
2024-04-21,0.543959,0.52513,0.687774,2193,Normal
2024-04-22,0.552836,0.52513,0.687358,2193,Normal
2024-04-23,0.52648,0.52513,0.687148,2193,Normal
2024-04-24,0.518046,0.524915,0.686194,2193,Bajo
2024-04-25,0.518331,0.524712,0.685642,2193,Bajo
2024-04-26,0.518924,0.524324,0.685231,2193,Bajo
2024-04-27,0.512523,0.524256,0.684871,2193,Bajo
2024-04-28,0.511506,0.524126,0.68472,2193,Bajo
2024-04-29,0.514152,0.523947,0.684233,2193,Bajo
2024-04-30,0.531711,0.523947,0.683951,2193,Normal
2024-05-01,0.542178,0.523947,0.683907,2193,Normal
2024-05-02,0.506276,0.523719,0.683709,2193,Bajo
2024-05-03,0.555201,0.523719,0.683594,2193,Normal
2024-05-04,0.540444,0.523719,0.68349,2193,Normal
2024-05-05,0.539917,0.523719,0.68344,2193,Normal
2024-05-06,0.537592,0.523719,0.683376,2193,Normal
2024-05-07,0.537732,0.523719,0.683187,2193,Normal
2024-05-08,0.524364,0.523719,0.683065,2193,Normal
2024-05-09,0.527178,0.523719,0.682868,2193,Normal
2024-05-10,0.532297,0.523719,0.682387,2193,Normal
2024-05-11,0.53244,0.523719,0.682164,2193,Normal
2024-05-12,0.517653,0.523632,0.681653,2193,Bajo
2024-05-13,0.500127,0.523539,0.680696,2193,Bajo
2024-05-14,0.496111,0.523189,0.680308,2193,Bajo
2024-05-15,0.546992,0.523189,0.680028,2193,Normal
2024-05-16,0.549688,0.523189,0.679872,2193,Normal
2024-05-17,0.536035,0.523189,0.67946,2193,Normal
2024-05-18,0.522923,0.522886,0.67914,2193,Normal
2024-05-19,0.524336,0.522886,0.679017,2193,Normal
2024-05-20,0.580965,0.522886,0.678531,2193,Normal
2024-05-21,0.58547,0.522886,0.678531,2193,Normal
2024-05-22,0.580481,0.522886,0.678531,2193,Normal
2024-05-23,0.583404,0.522886,0.678284,2193,Normal
2024-05-24,0.570986,0.522886,0.678236,2193,Normal
2024-05-25,0.571721,0.522886,0.678236,2193,Normal
2024-05-26,0.571643,0.522886,0.678236,2193,Normal
2024-05-27,0.572188,0.522886,0.678236,2193,Normal
2024-05-28,0.575146,0.522886,0.678236,2193,Normal
2024-05-29,0.576195,0.522886,0.678236,2193,Normal
2024-05-30,0.543774,0.522886,0.678236,2193,Normal
2024-05-31,0.523972,0.522886,0.678236,2193,Normal
2024-06-01,0.522867,0.522849,0.678236,2193,Normal
2024-06-02,0.479164,0.522801,0.678236,2193,Bajo
2024-06-03,0.479112,0.522801,0.678236,2193,Bajo
2024-06-04,0.485674,0.522724,0.678236,2193,Bajo
2024-06-05,0.482115,0.522508,0.678236,2193,Bajo
2024-06-06,0.479131,0.522152,0.678236,2193,Bajo
2024-06-07,0.480527,0.521629,0.678236,2193,Bajo
2024-06-08,0.47121,0.520872,0.678236,2193,Bajo
2024-06-09,0.448573,0.520366,0.678236,2193,Bajo
2024-06-10,0.448926,0.520366,0.678236,2193,Bajo
2024-06-11,0.465947,0.52033,0.678236,2193,Bajo
2024-06-12,0.461705,0.520132,0.678236,2193,Bajo
2024-06-13,0.461722,0.519705,0.678236,2193,Bajo
2024-06-14,0.386451,0.519575,0.678236,2193,Bajo
2024-06-15,0.382769,0.519341,0.678236,2193,Bajo
2024-06-16,0.371216,0.518992,0.678236,2193,Bajo
2024-06-17,0.371238,0.518834,0.678236,2193,Bajo
2024-06-18,0.376347,0.518638,0.678236,2193,Bajo
2024-06-19,0.261261,0.518553,0.678236,2193,Bajo
2024-06-20,0.255835,0.51844,0.678236,2193,Bajo
2024-06-21,0.254229,0.51841,0.678236,2193,Bajo
2024-06-22,0.249107,0.518385,0.678236,2193,Bajo
2024-06-23,0.251376,0.518366,0.678236,2193,Bajo
2024-06-24,0.290324,0.518236,0.678236,2193,Bajo
2024-06-25,0.307179,0.517915,0.678236,2193,Bajo
2024-06-26,0.304235,0.517453,0.678018,2193,Bajo
2024-06-27,0.307605,0.517043,0.677831,2193,Bajo
2024-06-28,0.312874,0.517003,0.677786,2193,Bajo
2024-06-29,0.311684,0.516902,0.677786,2193,Bajo
2024-06-30,0.330293,0.516753,0.677759,2193,Bajo
2024-07-01,0.33004,0.516624,0.677465,2193,Bajo
2024-07-02,0.331765,0.516446,0.67716,2193,Bajo
2024-07-03,0.338868,0.516315,0.676921,2193,Bajo
2024-07-04,0.36134,0.516182,0.676766,2193,Bajo
2024-07-05,0.357307,0.516148,0.676721,2193,Bajo
2024-07-06,0.378455,0.516062,0.676626,2193,Bajo
2024-07-07,0.395959,0.515866,0.676039,2193,Bajo
2024-07-08,0.40331,0.515774,0.675509,2193,Bajo
2024-07-09,0.414721,0.515673,0.675218,2193,Bajo
2024-07-10,0.414476,0.515532,0.674956,2193,Bajo
2024-07-11,0.403825,0.515369,0.674956,2193,Bajo
2024-07-12,0.401465,0.515228,0.674956,2193,Bajo
2024-07-13,0.408435,0.515021,0.674956,2193,Bajo
2024-07-14,0.421138,0.514893,0.674956,2193,Bajo
2024-07-15,0.479154,0.514729,0.674956,2193,Bajo
2024-07-16,0.478845,0.514456,0.674956,2193,Bajo
2024-07-17,0.481517,0.514085,0.674956,2193,Bajo
2024-07-18,0.47664,0.513884,0.674749,2193,Bajo
2024-07-19,0.499067,0.513683,0.674537,2193,Bajo
2024-07-20,0.499392,0.513485,0.674208,2193,Bajo
2024-07-21,0.499421,0.513334,0.674057,2193,Bajo
2024-07-22,0.500848,0.513247,0.673825,2193,Bajo
2024-07-23,0.504895,0.512979,0.673825,2193,Bajo
2024-07-24,0.475393,0.512609,0.673825,2193,Bajo
2024-07-25,0.468687,0.512326,0.673825,2193,Bajo
2024-07-26,0.475052,0.511886,0.673825,2193,Bajo
2024-07-27,0.473964,0.511789,0.673825,2193,Bajo
2024-07-28,0.465556,0.511691,0.673825,2193,Bajo
2024-07-29,0.47389,0.511162,0.673825,2193,Bajo
2024-07-30,0.466189,0.510282,0.673825,2193,Bajo
2024-07-31,0.474678,0.509713,0.673825,2193,Bajo
2024-08-01,0.473164,0.509269,0.673825,2193,Bajo
2024-08-02,0.50968,0.509269,0.673825,2193,Normal
2024-08-03,0.474428,0.509084,0.673825,2193,Bajo
2024-08-04,0.498553,0.508957,0.673825,2193,Bajo
2024-08-05,0.552011,0.508957,0.673825,2193,Normal
2024-08-06,0.549257,0.508957,0.673825,2193,Normal
2024-08-07,0.549269,0.508957,0.673825,2193,Normal
2024-08-08,0.67302,0.508957,0.673825,2193,Normal
2024-08-09,0.674822,0.508957,0.673825,2193,Elevado
2024-08-10,0.674135,0.508957,0.673825,2193,Elevado
2024-08-11,0.68721,0.508957,0.673825,2193,Elevado
2024-08-12,0.683553,0.508957,0.673825,2193,Elevado
2024-08-13,0.681078,0.508957,0.673825,2193,Elevado
2024-08-14,0.650503,0.508957,0.673715,2193,Normal
2024-08-15,0.652256,0.508957,0.673696,2193,Normal
2024-08-16,0.657517,0.508957,0.673667,2193,Normal
2024-08-17,0.659086,0.508957,0.673667,2193,Normal
2024-08-18,0.641194,0.508957,0.673667,2193,Normal
2024-08-19,0.644897,0.508957,0.673667,2193,Normal
2024-08-20,0.641412,0.508957,0.673667,2193,Normal
2024-08-21,0.656554,0.508957,0.673667,2193,Normal
2024-08-22,0.653164,0.508957,0.673667,2193,Normal
2024-08-23,0.687992,0.508957,0.673696,2193,Elevado
2024-08-24,0.687566,0.508957,0.673715,2193,Elevado
2024-08-25,0.677517,0.508957,0.673825,2193,Elevado
2024-08-26,0.681184,0.508957,0.674057,2193,Elevado
2024-08-27,0.705399,0.508957,0.6741,2193,Elevado
2024-08-28,0.702672,0.508957,0.674244,2193,Elevado
2024-08-29,0.703224,0.508957,0.674537,2193,Elevado
2024-08-30,0.699443,0.508957,0.674734,2193,Elevado
2024-08-31,0.697765,0.508957,0.674836,2193,Elevado
2024-09-01,0.672612,0.508957,0.674836,2193,Normal
2024-09-02,0.681609,0.508957,0.674956,2193,Elevado
2024-09-03,0.672263,0.508957,0.674956,2193,Normal
2024-09-04,0.61843,0.508957,0.674956,2193,Normal
2024-09-05,0.616243,0.508957,0.674956,2193,Normal
2024-09-06,0.629517,0.508957,0.674956,2193,Normal
2024-09-07,0.479897,0.50883,0.674956,2193,Bajo
2024-09-08,0.482466,0.508722,0.674956,2193,Bajo
2024-09-09,0.504738,0.508428,0.674956,2193,Bajo
2024-09-10,0.490293,0.507906,0.674956,2193,Bajo
2024-09-11,0.488817,0.50743,0.674956,2193,Bajo
2024-09-12,0.485361,0.507422,0.674956,2193,Bajo
2024-09-13,0.493479,0.507296,0.674956,2193,Bajo
2024-09-14,0.489219,0.507023,0.674956,2193,Bajo
2024-09-15,0.486097,0.506851,0.674956,2193,Bajo
2024-09-16,0.48772,0.506664,0.674956,2193,Bajo
2024-09-17,0.499466,0.506664,0.674956,2193,Bajo
2024-09-18,0.502195,0.506627,0.674956,2193,Bajo
2024-09-19,0.504707,0.506515,0.674956,2193,Bajo
2024-09-20,0.490075,0.506515,0.674956,2193,Bajo
2024-09-21,0.487522,0.506515,0.674956,2193,Bajo
2024-09-22,0.440664,0.506515,0.674956,2193,Bajo
2024-09-23,0.440785,0.506515,0.674956,2193,Bajo
2024-09-24,0.443899,0.506515,0.674956,2193,Bajo
2024-09-25,0.44123,0.506515,0.674956,2193,Bajo
2024-09-26,0.405185,0.506515,0.674956,2193,Bajo
2024-09-27,0.404176,0.506515,0.674956,2193,Bajo
2024-09-28,0.404177,0.506515,0.674956,2193,Bajo
2024-09-29,0.40416,0.506515,0.674956,2193,Bajo
2024-09-30,0.426292,0.506515,0.674956,2193,Bajo
2024-10-01,0.438738,0.506515,0.674956,2193,Bajo
2024-10-02,0.425981,0.506515,0.674956,2193,Bajo
2024-10-03,0.412964,0.506515,0.674956,2193,Bajo
2024-10-04,0.418298,0.506515,0.674956,2193,Bajo
2024-10-05,0.400329,0.506515,0.674956,2193,Bajo
2024-10-06,0.369357,0.506515,0.674956,2193,Bajo
2024-10-07,0.372882,0.506515,0.674956,2193,Bajo
2024-10-08,0.372114,0.506515,0.674956,2193,Bajo
2024-10-09,0.363544,0.506515,0.674956,2193,Bajo
2024-10-10,0.36302,0.506515,0.674956,2193,Bajo
2024-10-11,0.380752,0.506515,0.674956,2193,Bajo
2024-10-12,0.380093,0.506515,0.674956,2193,Bajo
2024-10-13,0.355645,0.506515,0.674956,2193,Bajo
2024-10-14,0.391975,0.506515,0.674956,2193,Bajo
2024-10-15,0.388469,0.506515,0.674956,2193,Bajo
2024-10-16,0.382004,0.506515,0.674956,2193,Bajo
2024-10-17,0.366693,0.506515,0.674956,2193,Bajo
2024-10-18,0.362064,0.506515,0.674956,2193,Bajo
2024-10-19,0.357926,0.506515,0.674956,2193,Bajo
2024-10-20,0.358667,0.506515,0.674956,2193,Bajo
2024-10-21,0.371227,0.506515,0.674956,2193,Bajo
2024-10-22,0.371236,0.506515,0.674956,2193,Bajo
2024-10-23,0.373779,0.506515,0.674956,2193,Bajo
2024-10-24,0.378572,0.506515,0.674956,2193,Bajo
2024-10-25,0.38295,0.506515,0.674956,2193,Bajo
2024-10-26,0.368018,0.506515,0.674956,2193,Bajo
2024-10-27,0.369677,0.506515,0.674956,2193,Bajo
2024-10-28,0.382061,0.506515,0.674956,2193,Bajo
2024-10-29,0.402902,0.506515,0.674956,2193,Bajo
2024-10-30,0.379073,0.506515,0.674956,2193,Bajo
2024-10-31,0.364717,0.506515,0.674956,2193,Bajo
2024-11-01,0.367757,0.506515,0.674956,2193,Bajo
2024-11-02,0.368423,0.506515,0.674956,2193,Bajo
2024-11-03,0.365627,0.506515,0.674956,2193,Bajo
2024-11-04,0.370163,0.506515,0.674956,2193,Bajo
2024-11-05,0.375394,0.506515,0.674956,2193,Bajo
2024-11-06,0.470682,0.506515,0.674956,2193,Bajo
2024-11-07,0.469963,0.506515,0.674956,2193,Bajo
2024-11-08,0.455599,0.506515,0.674956,2193,Bajo
2024-11-09,0.453746,0.506515,0.674956,2193,Bajo
2024-11-10,0.464352,0.506515,0.674956,2193,Bajo
2024-11-11,0.56118,0.506627,0.674956,2193,Normal
2024-11-12,0.562356,0.506664,0.674956,2193,Normal
2024-11-13,0.548303,0.506851,0.674956,2193,Normal
2024-11-14,0.571272,0.507023,0.674956,2193,Normal
2024-11-15,0.582805,0.507296,0.674956,2193,Normal
2024-11-16,0.583318,0.507422,0.674956,2193,Normal
2024-11-17,0.586365,0.50743,0.674956,2193,Normal
2024-11-18,0.58531,0.507906,0.674956,2193,Normal
2024-11-19,0.586695,0.508428,0.674956,2193,Normal
2024-11-20,0.57458,0.508428,0.674836,2193,Normal
2024-11-21,0.583207,0.508428,0.674734,2193,Normal
2024-11-22,0.577218,0.508428,0.674537,2193,Normal
2024-11-23,0.582928,0.508428,0.674244,2193,Normal
2024-11-24,0.569993,0.508428,0.6741,2193,Normal
2024-11-25,0.613207,0.508428,0.674057,2193,Normal
2024-11-26,0.618257,0.508428,0.673825,2193,Normal
2024-11-27,0.62571,0.508428,0.673715,2193,Normal
2024-11-28,0.618617,0.508428,0.673696,2193,Normal
2024-11-29,0.617257,0.508428,0.673667,2193,Normal
2024-11-30,0.605687,0.508428,0.673494,2193,Normal
2024-12-01,0.600911,0.508428,0.673303,2193,Normal
2024-12-02,0.606024,0.508428,0.673201,2193,Normal
2024-12-03,0.603149,0.508428,0.673073,2193,Normal
2024-12-04,0.599631,0.508428,0.672748,2193,Normal
2024-12-05,0.607374,0.508428,0.672541,2193,Normal
2024-12-06,0.54819,0.508428,0.672343,2193,Normal
2024-12-07,0.548756,0.508428,0.672197,2193,Normal
2024-12-08,0.548885,0.508428,0.671921,2193,Normal
2024-12-09,0.572419,0.508428,0.671489,2193,Normal
2024-12-10,0.557193,0.508428,0.670945,2193,Normal
2024-12-11,0.470557,0.507906,0.670666,2193,Bajo
2024-12-12,0.471651,0.50743,0.670617,2193,Bajo
2024-12-13,0.465225,0.507422,0.670483,2193,Bajo
2024-12-14,0.443125,0.507296,0.670349,2193,Bajo
2024-12-15,0.43216,0.507023,0.670285,2193,Bajo
2024-12-16,0.432383,0.506851,0.670228,2193,Bajo
2024-12-17,0.429923,0.506664,0.670183,2193,Bajo
2024-12-18,0.484405,0.506627,0.669816,2193,Bajo
2024-12-19,0.492203,0.506515,0.669577,2193,Bajo
2024-12-20,0.487441,0.50638,0.66953,2193,Bajo
2024-12-21,0.46468,0.506267,0.669415,2193,Bajo
2024-12-22,0.470088,0.506076,0.669332,2193,Bajo
2024-12-23,0.468432,0.50564,0.669192,2193,Bajo
2024-12-24,0.489574,0.505454,0.66906,2193,Bajo
2024-12-25,0.452257,0.505447,0.668935,2193,Bajo
2024-12-26,0.471034,0.505371,0.668593,2193,Bajo
2024-12-27,0.449693,0.505211,0.668203,2193,Bajo
2024-12-28,0.451165,0.505086,0.667578,2193,Bajo
2024-12-29,0.449176,0.504842,0.667226,2193,Bajo
2024-12-30,0.448903,0.504727,0.666808,2193,Bajo
2024-12-31,0.448717,0.504633,0.666527,2193,Bajo
2025-01-01,0.447921,0.504389,0.666463,2193,Bajo
2025-01-02,0.457618,0.504125,0.666438,2193,Bajo
2025-01-03,0.447954,0.503846,0.666175,2193,Bajo
2025-01-04,0.443581,0.503294,0.665719,2193,Bajo
2025-01-05,0.431577,0.502553,0.665526,2193,Bajo
2025-01-06,0.45353,0.502163,0.665502,2193,Bajo
2025-01-07,0.489105,0.502047,0.665446,2193,Bajo
2025-01-08,0.476196,0.501879,0.66526,2193,Bajo
2025-01-09,0.484191,0.501638,0.665159,2193,Bajo
2025-01-10,0.461966,0.50123,0.664912,2193,Bajo
2025-01-11,0.460815,0.500608,0.664738,2193,Bajo
2025-01-12,0.457466,0.500033,0.664648,2193,Bajo
2025-01-13,0.457501,0.499718,0.664613,2193,Bajo
2025-01-14,0.450971,0.499451,0.664564,2193,Bajo
2025-01-15,0.471507,0.499412,0.664452,2193,Bajo
2025-01-16,0.471548,0.499359,0.664395,2193,Bajo
2025-01-17,0.448257,0.499268,0.664327,2193,Bajo
2025-01-18,0.435509,0.499199,0.66425,2193,Bajo
2025-01-19,0.450774,0.49913,0.664112,2193,Bajo
2025-01-20,0.450864,0.498896,0.663998,2193,Bajo
2025-01-21,0.460219,0.498512,0.663965,2193,Bajo
2025-01-22,0.469663,0.498413,0.663891,2193,Bajo
2025-01-23,0.450517,0.498338,0.663817,2193,Bajo
2025-01-24,0.450695,0.498243,0.663633,2193,Bajo
2025-01-25,0.427707,0.498161,0.663527,2193,Bajo
2025-01-26,0.430769,0.498029,0.663508,2193,Bajo
2025-01-27,0.430695,0.497961,0.663508,2193,Bajo
2025-01-28,0.426817,0.497895,0.663508,2193,Bajo
2025-01-29,0.430573,0.497674,0.663508,2193,Bajo
2025-01-30,0.430779,0.497282,0.663508,2193,Bajo
2025-01-31,0.43955,0.497139,0.663508,2193,Bajo
2025-02-01,0.436476,0.496961,0.663508,2193,Bajo
2025-02-02,0.447606,0.496834,0.663508,2193,Bajo
2025-02-03,0.466983,0.496448,0.663508,2193,Bajo
2025-02-04,0.485367,0.495974,0.663508,2193,Bajo
2025-02-05,0.465304,0.495651,0.663508,2193,Bajo
2025-02-06,0.426334,0.495651,0.663508,2193,Bajo
2025-02-07,0.420521,0.495651,0.663508,2193,Bajo
2025-02-08,0.408791,0.495651,0.663508,2193,Bajo
2025-02-09,0.401237,0.495449,0.663508,2193,Bajo
2025-02-10,0.402548,0.495449,0.663508,2193,Bajo
2025-02-11,0.407816,0.495449,0.663508,2193,Bajo
2025-02-12,0.414669,0.495449,0.663508,2193,Bajo
2025-02-13,0.411028,0.495449,0.663508,2193,Bajo
2025-02-14,0.385988,0.495449,0.663508,2193,Bajo
2025-02-15,0.385708,0.495449,0.663508,2193,Bajo
2025-02-16,0.358381,0.495449,0.663508,2193,Bajo
2025-02-17,0.357804,0.495449,0.663508,2193,Bajo
2025-02-18,0.343006,0.495449,0.663508,2193,Bajo
2025-02-19,0.343787,0.495449,0.663508,2193,Bajo
2025-02-20,0.319659,0.495449,0.663508,2193,Bajo
2025-02-21,0.318584,0.495449,0.663508,2193,Bajo
2025-02-22,0.318996,0.495449,0.663508,2193,Bajo
2025-02-23,0.316391,0.495449,0.663508,2193,Bajo
2025-02-24,0.356664,0.495449,0.663508,2193,Bajo
2025-02-25,0.36612,0.494952,0.663508,2193,Bajo
2025-02-26,0.401581,0.494281,0.663508,2193,Bajo
2025-02-27,0.404165,0.494061,0.663508,2193,Bajo
2025-02-28,0.389629,0.493977,0.663508,2193,Bajo
2025-03-01,0.396931,0.493934,0.663508,2193,Bajo
2025-03-02,0.519479,0.493934,0.663508,2193,Normal
2025-03-03,0.600578,0.493934,0.663508,2193,Normal
2025-03-04,0.596802,0.493934,0.663508,2193,Normal
2025-03-05,0.596734,0.493934,0.663508,2193,Normal
2025-03-06,0.584936,0.493934,0.663508,2193,Normal
2025-03-07,0.595411,0.493934,0.663508,2193,Normal
2025-03-08,0.595385,0.493934,0.663508,2193,Normal
2025-03-09,0.633126,0.493934,0.663508,2193,Normal
2025-03-10,0.636985,0.493934,0.663508,2193,Normal
2025-03-11,0.670536,0.493934,0.663527,2193,Elevado
2025-03-12,0.670202,0.493934,0.663633,2193,Elevado
2025-03-13,0.674857,0.493934,0.663817,2193,Elevado
2025-03-14,0.68309,0.493977,0.663891,2193,Elevado
2025-03-15,0.683274,0.494061,0.663965,2193,Elevado
2025-03-16,0.683893,0.494246,0.663998,2193,Elevado
2025-03-17,0.688545,0.494246,0.664112,2193,Elevado
2025-03-18,0.688747,0.494246,0.66425,2193,Elevado
2025-03-19,0.714063,0.494246,0.664327,2193,Elevado
2025-03-20,0.720873,0.494246,0.664395,2193,Elevado
2025-03-21,0.718957,0.494952,0.664452,2193,Elevado
2025-03-22,0.714603,0.495547,0.664564,2193,Elevado
2025-03-23,0.720196,0.495974,0.664643,2193,Elevado
2025-03-24,0.723095,0.496448,0.664738,2193,Elevado
2025-03-25,0.723144,0.496834,0.664912,2193,Elevado
2025-03-26,0.703198,0.496961,0.665159,2193,Elevado
2025-03-27,0.694201,0.497139,0.66526,2193,Elevado
2025-03-28,0.679343,0.497282,0.665446,2193,Elevado
2025-03-29,0.682904,0.497714,0.665502,2193,Elevado
2025-03-30,0.682868,0.497961,0.66569,2193,Elevado
2025-03-31,0.678818,0.498138,0.666175,2193,Elevado
2025-04-01,0.603573,0.498359,0.666175,2193,Normal
2025-04-02,0.527885,0.498512,0.666175,2193,Normal
2025-04-03,0.526547,0.498512,0.666175,2193,Normal
2025-04-04,0.508476,0.498512,0.666175,2193,Normal
2025-04-05,0.508179,0.498512,0.666175,2193,Normal
2025-04-06,0.539796,0.498512,0.666175,2193,Normal
2025-04-07,0.541655,0.498512,0.666175,2193,Normal
2025-04-08,0.507981,0.498512,0.666175,2193,Normal
2025-04-09,0.57426,0.498512,0.666175,2193,Normal
2025-04-10,0.558653,0.498512,0.666175,2193,Normal
2025-04-11,0.58289,0.498512,0.666175,2193,Normal
2025-04-12,0.577091,0.498512,0.666175,2193,Normal
2025-04-13,0.56824,0.498512,0.666175,2193,Normal
2025-04-14,0.56921,0.498512,0.666175,2193,Normal
2025-04-15,0.56529,0.498512,0.666175,2193,Normal
2025-04-16,0.56193,0.498512,0.66569,2193,Normal
2025-04-17,0.560048,0.498512,0.665502,2193,Normal
2025-04-18,0.53276,0.498512,0.665446,2193,Normal
2025-04-19,0.521635,0.498512,0.66526,2193,Normal
2025-04-20,0.521621,0.498512,0.665159,2193,Normal
2025-04-21,0.529408,0.498512,0.664912,2193,Normal
2025-04-22,0.569394,0.498512,0.664738,2193,Normal
2025-04-23,0.567244,0.498512,0.664643,2193,Normal
2025-04-24,0.567133,0.498512,0.664564,2193,Normal
2025-04-25,0.566576,0.498512,0.664452,2193,Normal
2025-04-26,0.566704,0.498512,0.664395,2193,Normal
2025-04-27,0.553745,0.498512,0.664281,2193,Normal
2025-04-28,0.547431,0.498512,0.664112,2193,Normal
2025-04-29,0.548582,0.498512,0.663998,2193,Normal
2025-04-30,0.548876,0.498512,0.663893,2193,Normal
2025-05-01,0.545213,0.498512,0.663817,2193,Normal
2025-05-02,0.529533,0.498512,0.663633,2193,Normal
2025-05-03,0.532316,0.498896,0.663633,2193,Normal
2025-05-04,0.537374,0.49913,0.663633,2193,Normal
2025-05-05,0.536592,0.499315,0.663633,2193,Normal
2025-05-06,0.480078,0.499315,0.663633,2193,Bajo
2025-05-07,0.480218,0.499315,0.663633,2193,Bajo
2025-05-08,0.490446,0.499315,0.663633,2193,Bajo
2025-05-09,0.422156,0.499315,0.663633,2193,Bajo
2025-05-10,0.390818,0.499315,0.663633,2193,Bajo
2025-05-11,0.369451,0.499315,0.663633,2193,Bajo
2025-05-12,0.371911,0.49913,0.663633,2193,Bajo
2025-05-13,0.361638,0.498896,0.663633,2193,Bajo
2025-05-14,0.364295,0.498512,0.663527,2193,Bajo
2025-05-15,0.359237,0.498359,0.663508,2193,Bajo
2025-05-16,0.360791,0.498138,0.663295,2193,Bajo
2025-05-17,0.362291,0.497961,0.663129,2193,Bajo
2025-05-18,0.370214,0.497714,0.66305,2193,Bajo
2025-05-19,0.374505,0.497282,0.662985,2193,Bajo
2025-05-20,0.374226,0.497139,0.662825,2193,Bajo
2025-05-21,0.373842,0.496961,0.662609,2193,Bajo
2025-05-22,0.311832,0.496834,0.662447,2193,Bajo
2025-05-23,0.351073,0.496448,0.662398,2193,Bajo
2025-05-24,0.35103,0.495974,0.662083,2193,Bajo
2025-05-25,0.351769,0.495547,0.661674,2193,Bajo
2025-05-26,0.35126,0.494952,0.661476,2193,Bajo
2025-05-27,0.349117,0.494246,0.661296,2193,Bajo
2025-05-28,0.351958,0.493977,0.660994,2193,Bajo
2025-05-29,0.360394,0.493934,0.660788,2193,Bajo
2025-05-30,0.365809,0.493878,0.660401,2193,Bajo
2025-05-31,0.357773,0.493714,0.659739,2193,Bajo
2025-06-01,0.358676,0.493421,0.659319,2193,Bajo
2025-06-02,0.355461,0.4932,0.659135,2193,Bajo
2025-06-03,0.349156,0.492906,0.658687,2193,Bajo
2025-06-04,0.351046,0.492725,0.658412,2193,Bajo
2025-06-05,0.364052,0.492684,0.658197,2193,Bajo
2025-06-06,0.37513,0.492502,0.657867,2193,Bajo
2025-06-07,0.309974,0.491888,0.657713,2193,Bajo
2025-06-08,0.309747,0.490988,0.657681,2193,Bajo
2025-06-09,0.336568,0.490445,0.657584,2193,Bajo
2025-06-10,0.335343,0.490418,0.657525,2193,Bajo
2025-06-11,0.336436,0.490365,0.657156,2193,Bajo
2025-06-12,0.348992,0.490336,0.656743,2193,Bajo
2025-06-13,0.348395,0.49022,0.656579,2193,Bajo
2025-06-14,0.349182,0.489908,0.655682,2193,Bajo
2025-06-15,0.34899,0.48957,0.655172,2193,Bajo
2025-06-16,0.350631,0.489549,0.654775,2193,Bajo
2025-06-17,0.3406,0.489507,0.654575,2193,Bajo
2025-06-18,0.339647,0.489392,0.654536,2193,Bajo
2025-06-19,0.337001,0.489181,0.654536,2193,Bajo
2025-06-20,0.325352,0.489095,0.654536,2193,Bajo
2025-06-21,0.318208,0.489011,0.654536,2193,Bajo
2025-06-22,0.290171,0.488861,0.654505,2193,Bajo
2025-06-23,0.329668,0.488803,0.654478,2193,Bajo
2025-06-24,0.327637,0.488742,0.654389,2193,Bajo
2025-06-25,0.330407,0.488675,0.653819,2193,Bajo
2025-06-26,0.330325,0.488539,0.653819,2193,Bajo
2025-06-27,0.328303,0.488264,0.653294,2193,Bajo
2025-06-28,0.319749,0.488231,0.653153,2193,Bajo
2025-06-29,0.316355,0.488104,0.653095,2193,Bajo
2025-06-30,0.318881,0.487868,0.652604,2193,Bajo
2025-07-01,0.321013,0.487654,0.652295,2193,Bajo
2025-07-02,0.33721,0.487495,0.651881,2193,Bajo
2025-07-03,0.337313,0.48743,0.651472,2193,Bajo
2025-07-04,0.340904,0.487374,0.651189,2193,Bajo
2025-07-05,0.32086,0.4871,0.651055,2193,Bajo
2025-07-06,0.308719,0.486584,0.650679,2193,Bajo
2025-07-07,0.308456,0.486367,0.650446,2193,Bajo
2025-07-08,0.30899,0.486242,0.650398,2193,Bajo
2025-07-09,0.281966,0.485956,0.650282,2193,Bajo
2025-07-10,0.316846,0.485594,0.649742,2193,Bajo
2025-07-11,0.313602,0.485411,0.649456,2193,Bajo
2025-07-12,0.294618,0.485365,0.649431,2193,Bajo
2025-07-13,0.296938,0.485272,0.649387,2193,Bajo
2025-07-14,0.294805,0.484991,0.64929,2193,Bajo
2025-07-15,0.304569,0.4847,0.649144,2193,Bajo
2025-07-16,0.303709,0.484486,0.648925,2193,Bajo
2025-07-17,0.290277,0.484334,0.648679,2193,Bajo
2025-07-18,0.294914,0.484164,0.648407,2193,Bajo
2025-07-19,0.2946,0.483834,0.648267,2193,Bajo
2025-07-20,0.289906,0.483074,0.647522,2193,Bajo
2025-07-21,0.28465,0.482613,0.647051,2193,Bajo
2025-07-22,0.284809,0.482513,0.646776,2193,Bajo
2025-07-23,0.255929,0.482489,0.646226,2193,Bajo
2025-07-24,0.257242,0.482444,0.64598,2193,Bajo
2025-07-25,0.257458,0.482311,0.645784,2193,Bajo
2025-07-26,0.256263,0.482129,0.645616,2193,Bajo
2025-07-27,0.258197,0.481916,0.645492,2193,Bajo
2025-07-28,0.263845,0.481489,0.645081,2193,Bajo
2025-07-29,0.263192,0.481262,0.644494,2193,Bajo
2025-07-30,0.258695,0.480787,0.643916,2193,Bajo
2025-07-31,0.262381,0.480434,0.643517,2193,Bajo
2025-08-01,0.258182,0.480238,0.643258,2193,Bajo
2025-08-02,0.258695,0.480171,0.642844,2193,Bajo
2025-08-03,0.256851,0.480055,0.642658,2193,Bajo
2025-08-04,0.257525,0.479971,0.642381,2193,Bajo
2025-08-05,0.258519,0.479653,0.642231,2193,Bajo
2025-08-06,0.256764,0.479161,0.642162,2193,Bajo
2025-08-07,0.265215,0.479146,0.641652,2193,Bajo
2025-08-08,0.258398,0.479124,0.641363,2193,Bajo
2025-08-09,0.214003,0.479072,0.641242,2193,Bajo
2025-08-10,0.22512,0.478964,0.640908,2193,Bajo
2025-08-11,0.225893,0.478886,0.639827,2193,Bajo
2025-08-12,0.224173,0.478802,0.639049,2193,Bajo
2025-08-13,0.24174,0.478684,0.638771,2193,Bajo
2025-08-14,0.275772,0.478522,0.638623,2193,Bajo
2025-08-15,0.27571,0.478284,0.638535,2193,Bajo
2025-08-16,0.275119,0.477673,0.638258,2193,Bajo
2025-08-17,0.272723,0.47664,0.637898,2193,Bajo
2025-08-18,0.275092,0.476615,0.637898,2193,Bajo
2025-08-19,0.293048,0.476522,0.637898,2193,Bajo
2025-08-20,0.296783,0.47635,0.63738,2193,Bajo
2025-08-21,0.289575,0.475981,0.637075,2193,Bajo
2025-08-22,0.320833,0.475499,0.636997,2193,Bajo
2025-08-23,0.323542,0.475279,0.636979,2193,Bajo
2025-08-24,0.32785,0.475045,0.636069,2193,Bajo
2025-08-25,0.342369,0.475023,0.635528,2193,Bajo
2025-08-26,0.343661,0.474897,0.635095,2193,Bajo
2025-08-27,0.341998,0.474594,0.634722,2193,Bajo
2025-08-28,0.345299,0.47428,0.634611,2193,Bajo
2025-08-29,0.368161,0.473978,0.634471,2193,Bajo
2025-08-30,0.36485,0.473939,0.633985,2193,Bajo
2025-08-31,0.357999,0.473844,0.633688,2193,Bajo
2025-09-01,0.359362,0.473556,0.633536,2193,Bajo
2025-09-02,0.36123,0.473085,0.633245,2193,Bajo
2025-09-03,0.360627,0.472878,0.633002,2193,Bajo
2025-09-04,0.360913,0.472742,0.63253,2193,Bajo
2025-09-05,0.35951,0.472654,0.631836,2193,Bajo
2025-09-06,0.350154,0.472493,0.631836,2193,Bajo
2025-09-07,0.351516,0.472182,0.631836,2193,Bajo
2025-09-08,0.353301,0.472115,0.631836,2193,Bajo
2025-09-09,0.34159,0.471959,0.631836,2193,Bajo
2025-09-10,0.351508,0.471617,0.631836,2193,Bajo
2025-09-11,0.352393,0.471535,0.631836,2193,Bajo
2025-09-12,0.338518,0.471408,0.631836,2193,Bajo
2025-09-13,0.30777,0.471209,0.631836,2193,Bajo
2025-09-14,0.307138,0.471149,0.631836,2193,Bajo
2025-09-15,0.307148,0.470917,0.631836,2193,Bajo
2025-09-16,0.310519,0.470662,0.631836,2193,Bajo
2025-09-17,0.308497,0.470599,0.631836,2193,Bajo
2025-09-18,0.289709,0.47052,0.631836,2193,Bajo
2025-09-19,0.290563,0.47052,0.631836,2193,Bajo
2025-09-20,0.284616,0.47052,0.631836,2193,Bajo
2025-09-21,0.250575,0.47052,0.631836,2193,Bajo
2025-09-22,0.258545,0.47052,0.631836,2193,Bajo
2025-09-23,0.252966,0.47052,0.631836,2193,Bajo
2025-09-24,0.232769,0.47052,0.631836,2193,Bajo
2025-09-25,0.265448,0.470426,0.631836,2193,Bajo
2025-09-26,0.26618,0.470288,0.631836,2193,Bajo
2025-09-27,0.26255,0.470046,0.631836,2193,Bajo
2025-09-28,0.238459,0.469863,0.631836,2193,Bajo
2025-09-29,0.246467,0.469647,0.631836,2193,Bajo
2025-09-30,0.245776,0.4695,0.631836,2193,Bajo
2025-10-01,0.278139,0.469248,0.631836,2193,Bajo
2025-10-02,0.276935,0.469145,0.631836,2193,Bajo
2025-10-03,0.279652,0.469011,0.631836,2193,Bajo
2025-10-04,0.276341,0.468976,0.631836,2193,Bajo
2025-10-05,0.276568,0.468856,0.631836,2193,Bajo
2025-10-06,0.275915,0.468721,0.631836,2193,Bajo
2025-10-07,0.296038,0.468602,0.631836,2193,Bajo
2025-10-08,0.298907,0.468431,0.631836,2193,Bajo
2025-10-09,0.30323,0.468278,0.631836,2193,Bajo
2025-10-10,0.397947,0.467842,0.631836,2193,Bajo
2025-10-11,0.400471,0.467513,0.631836,2193,Bajo
2025-10-12,0.423385,0.467308,0.631836,2193,Bajo
2025-10-13,0.423421,0.467098,0.631836,2193,Bajo
2025-10-14,0.428218,0.466833,0.631836,2193,Bajo
2025-10-15,0.433634,0.466419,0.631836,2193,Bajo
2025-10-16,0.437469,0.466108,0.631836,2193,Bajo
2025-10-17,0.440021,0.465816,0.631836,2193,Bajo
2025-10-18,0.440394,0.465521,0.631836,2193,Bajo
2025-10-19,0.442735,0.465403,0.631836,2193,Bajo
2025-10-20,0.447816,0.465277,0.631836,2193,Bajo
2025-10-21,0.452466,0.465093,0.631836,2193,Bajo
2025-10-22,0.446954,0.46478,0.631836,2193,Bajo
2025-10-23,0.454723,0.464571,0.631836,2193,Bajo
2025-10-24,0.453757,0.464165,0.631518,2193,Bajo
2025-10-25,0.432715,0.46372,0.631518,2193,Bajo
2025-10-26,0.440903,0.463431,0.63137,2193,Bajo
2025-10-27,0.441273,0.46278,0.631261,2193,Bajo
2025-10-28,0.436114,0.462031,0.630931,2193,Bajo
2025-10-29,0.439753,0.461885,0.630638,2193,Bajo
2025-10-30,0.442671,0.461716,0.630484,2193,Bajo
2025-10-31,0.41995,0.461594,0.630381,2193,Bajo
2025-11-01,0.415262,0.461207,0.630123,2193,Bajo
2025-11-02,0.411648,0.460857,0.629926,2193,Bajo
2025-11-03,0.427288,0.460823,0.629861,2193,Bajo
2025-11-04,0.451167,0.460797,0.629691,2193,Bajo
2025-11-05,0.459784,0.460692,0.629549,2193,Bajo
2025-11-06,0.458728,0.460527,0.628901,2193,Bajo
2025-11-07,0.461016,0.460527,0.627826,2193,Normal
2025-11-08,0.460419,0.460453,0.627185,2193,Bajo
2025-11-09,0.399824,0.460409,0.626959,2193,Bajo
2025-11-10,0.397852,0.460333,0.626856,2193,Bajo
2025-11-11,0.381521,0.460089,0.626367,2193,Bajo
2025-11-12,0.382529,0.459813,0.625964,2193,Bajo
2025-11-13,0.382979,0.459695,0.625766,2193,Bajo
2025-11-14,0.415317,0.459476,0.625624,2193,Bajo
2025-11-15,0.413514,0.459324,0.625447,2193,Bajo
2025-11-16,0.412886,0.459029,0.625268,2193,Bajo
2025-11-17,0.41568,0.458358,0.625163,2193,Bajo
2025-11-18,0.413296,0.457608,0.625009,2193,Bajo
2025-11-19,0.406605,0.457558,0.624904,2193,Bajo
2025-11-20,0.439258,0.457489,0.624464,2193,Bajo
2025-11-21,0.440527,0.457393,0.624202,2193,Bajo
2025-11-22,0.426416,0.457032,0.623571,2193,Bajo
2025-11-23,0.438367,0.45658,0.623243,2193,Bajo
2025-11-24,0.444513,0.456459,0.623106,2193,Bajo
2025-11-25,0.427985,0.456212,0.623106,2193,Bajo
2025-11-26,0.455021,0.455876,0.623106,2193,Bajo
2025-11-27,0.458757,0.455876,0.623106,2193,Normal
2025-11-28,0.453751,0.455592,0.623106,2193,Bajo
2025-11-29,0.45281,0.455569,0.623106,2193,Bajo
2025-11-30,0.448506,0.455373,0.623106,2193,Bajo
2025-12-01,0.467571,0.455373,0.623106,2193,Normal
2025-12-02,0.517627,0.455373,0.623106,2193,Normal
2025-12-03,0.515834,0.455373,0.623106,2193,Normal
2025-12-04,0.491959,0.455373,0.623106,2193,Normal
2025-12-05,0.491102,0.455373,0.623106,2193,Normal
2025-12-06,0.485822,0.455373,0.623106,2193,Normal
2025-12-07,0.482306,0.455373,0.623106,2193,Normal
2025-12-08,0.482553,0.455373,0.623106,2193,Normal
2025-12-09,0.481813,0.455373,0.623106,2193,Normal
2025-12-10,0.478383,0.455373,0.623106,2193,Normal
2025-12-11,0.471847,0.455373,0.623106,2193,Normal
2025-12-12,0.476401,0.455373,0.623106,2193,Normal
2025-12-13,0.472986,0.455373,0.623106,2193,Normal
2025-12-14,0.44481,0.454921,0.623106,2193,Bajo
2025-12-15,0.446369,0.454678,0.623106,2193,Bajo
2025-12-16,0.449748,0.45443,0.623106,2193,Bajo
2025-12-17,0.447862,0.45405,0.623106,2193,Bajo
2025-12-18,0.446643,0.453898,0.623106,2193,Bajo
2025-12-19,0.458668,0.453898,0.623106,2193,Normal
2025-12-20,0.414695,0.453807,0.623106,2193,Bajo
2025-12-21,0.409773,0.453755,0.622461,2193,Bajo
2025-12-22,0.409333,0.453749,0.622461,2193,Bajo
2025-12-23,0.403319,0.453674,0.622461,2193,Bajo
2025-12-24,0.398935,0.45329,0.622461,2193,Bajo
2025-12-25,0.397518,0.452695,0.622461,2193,Bajo
2025-12-26,0.376491,0.452396,0.622461,2193,Bajo
2025-12-27,0.375467,0.452162,0.622461,2193,Bajo
2025-12-28,0.375345,0.451916,0.622461,2193,Bajo
2025-12-29,0.37624,0.45159,0.622461,2193,Bajo
2025-12-30,0.380012,0.451166,0.622461,2193,Bajo
2025-12-31,0.344722,0.4511,0.622461,2193,Bajo
2026-01-01,0.284534,0.450935,0.622461,2193,Bajo
2026-01-02,0.275843,0.450834,0.622461,2193,Bajo
2026-01-03,0.272913,0.450752,0.622461,2193,Bajo
2026-01-04,0.253004,0.450703,0.622461,2193,Bajo
2026-01-05,0.267257,0.450667,0.622461,2193,Bajo
2026-01-06,0.264406,0.450579,0.622461,2193,Bajo
2026-01-07,0.281236,0.450261,0.622461,2193,Bajo
2026-01-08,0.269804,0.44973,0.622461,2193,Bajo
2026-01-09,0.269423,0.449622,0.622461,2193,Bajo
2026-01-10,0.268584,0.449379,0.622461,2193,Bajo
2026-01-11,0.25505,0.449094,0.622461,2193,Bajo
2026-01-12,0.255309,0.448928,0.622461,2193,Bajo
2026-01-13,0.284322,0.448918,0.622035,2193,Bajo
2026-01-14,0.276024,0.448841,0.622035,2193,Bajo
2026-01-15,0.279078,0.448669,0.621289,2193,Bajo
2026-01-16,0.268447,0.448567,0.620836,2193,Bajo
2026-01-17,0.266315,0.448539,0.620416,2193,Bajo
2026-01-18,0.256211,0.44844,0.620416,2193,Bajo
2026-01-19,0.260539,0.448291,0.620416,2193,Bajo
2026-01-20,0.310429,0.448217,0.620416,2193,Bajo
2026-01-21,0.313217,0.448077,0.620416,2193,Bajo
2026-01-22,0.309687,0.447943,0.620416,2193,Bajo
2026-01-23,0.309654,0.44791,0.620416,2193,Bajo
2026-01-24,0.309558,0.44788,0.620416,2193,Bajo
2026-01-25,0.326113,0.447852,0.620416,2193,Bajo
2026-01-26,0.332543,0.447827,0.620416,2193,Bajo
2026-01-27,0.334313,0.447746,0.620416,2193,Bajo
2026-01-28,0.332714,0.447389,0.620416,2193,Bajo
2026-01-29,0.378629,0.44692,0.620416,2193,Bajo
2026-01-30,0.377536,0.446783,0.620416,2193,Bajo
2026-01-31,0.438206,0.446552,0.620416,2193,Bajo
2026-02-01,0.437952,0.445898,0.620416,2193,Bajo
2026-02-02,0.446907,0.445898,0.620416,2193,Normal
2026-02-03,0.45907,0.445898,0.620416,2193,Normal
2026-02-04,0.45524,0.445898,0.620416,2193,Normal
2026-02-05,0.672235,0.445898,0.620836,2193,Elevado
2026-02-06,0.807703,0.445898,0.621289,2193,Elevado
2026-02-07,0.808112,0.445898,0.622035,2193,Elevado
2026-02-08,0.81238,0.445898,0.622536,2193,Elevado
2026-02-09,0.812254,0.445898,0.623571,2193,Elevado
2026-02-10,0.811407,0.445898,0.624202,2193,Elevado
2026-02-11,0.812015,0.445898,0.624464,2193,Elevado
2026-02-12,0.787416,0.445898,0.624904,2193,Elevado
2026-02-13,0.801236,0.445898,0.625009,2193,Elevado
2026-02-14,0.80608,0.446552,0.625163,2193,Elevado
2026-02-15,0.805387,0.446783,0.625268,2193,Elevado
2026-02-16,0.806163,0.446783,0.625447,2193,Elevado
2026-02-17,0.806714,0.446783,0.625624,2193,Elevado
2026-02-18,0.806876,0.446783,0.625766,2193,Elevado
2026-02-19,0.798905,0.446783,0.625964,2193,Elevado
2026-02-20,0.800044,0.446783,0.626367,2193,Elevado
2026-02-21,0.799838,0.446783,0.626856,2193,Elevado
2026-02-22,0.799243,0.446783,0.626959,2193,Elevado
2026-02-23,0.808642,0.446783,0.627185,2193,Elevado
2026-02-24,0.806035,0.446783,0.627826,2193,Elevado
2026-02-25,0.836238,0.446783,0.628901,2193,Elevado
2026-02-26,0.833536,0.446783,0.629549,2193,Elevado
2026-02-27,0.834385,0.446783,0.629691,2193,Elevado
2026-02-28,0.824393,0.446783,0.629861,2193,Elevado
2026-03-01,0.825124,0.446713,0.629968,2192,Elevado
2026-03-02,0.816847,0.446713,0.630237,2192,Elevado
2026-03-03,0.814333,0.446713,0.630412,2192,Elevado
2026-03-04,0.841317,0.446713,0.630525,2192,Elevado
2026-03-05,0.835132,0.446713,0.630709,2192,Elevado
2026-03-06,0.837396,0.446713,0.631082,2192,Elevado
2026-03-07,0.64639,0.446713,0.631288,2192,Elevado
2026-03-08,0.5028,0.446713,0.631288,2192,Normal
2026-03-09,0.517184,0.446713,0.631082,2192,Normal
2026-03-10,0.520324,0.446713,0.630709,2192,Normal
2026-03-11,0.520377,0.446713,0.630525,2192,Normal
2026-03-12,0.516199,0.446713,0.630525,2192,Normal
2026-03-13,0.507424,0.446713,0.630412,2192,Normal
2026-03-14,0.504713,0.446713,0.630237,2192,Normal
2026-03-15,0.493138,0.446713,0.629968,2192,Normal
2026-03-16,0.499601,0.446713,0.629873,2192,Normal
2026-03-17,0.498927,0.446713,0.629738,2192,Normal
2026-03-18,0.517317,0.446713,0.629209,2192,Normal
2026-03-19,0.516519,0.446713,0.628209,2192,Normal
2026-03-20,0.513463,0.446713,0.627314,2192,Normal
2026-03-21,0.520104,0.446713,0.627008,2192,Normal
2026-03-22,0.520524,0.446713,0.626884,2192,Normal
2026-03-23,0.542321,0.446713,0.626598,2192,Normal
2026-03-24,0.54231,0.446713,0.62605,2192,Normal
2026-03-25,0.516447,0.446713,0.625821,2192,Normal
2026-03-26,0.532895,0.446713,0.625667,2192,Normal
2026-03-27,0.507214,0.446713,0.625514,2192,Normal
2026-03-28,0.506645,0.446713,0.625324,2192,Normal
2026-03-29,0.499773,0.446713,0.625188,2192,Normal
2026-03-30,0.497931,0.446713,0.625074,2192,Normal
2026-03-31,0.499261,0.446713,0.624924,2192,Normal
2026-04-01,0.47323,0.446713,0.624674,2192,Normal
2026-04-02,0.476686,0.446713,0.624228,2192,Normal
2026-04-03,0.420171,0.44646,0.623873,2192,Bajo
2026-04-04,0.413174,0.445428,0.622903,2192,Bajo
2026-04-05,0.399416,0.444859,0.622103,2192,Bajo
2026-04-06,0.396821,0.444705,0.621629,2192,Bajo
2026-04-07,0.417073,0.444559,0.620893,2192,Bajo
2026-04-08,0.401334,0.444172,0.620597,2192,Bajo
2026-04-09,0.395745,0.443933,0.620195,2192,Bajo
2026-04-10,0.399252,0.443773,0.620102,2192,Bajo
2026-04-11,0.39906,0.443652,0.619868,2192,Bajo
2026-04-12,0.415316,0.443606,0.619402,2192,Bajo
2026-04-13,0.451898,0.443606,0.619254,2192,Normal
2026-04-14,0.445801,0.443606,0.619128,2192,Normal
2026-04-15,0.436051,0.443586,0.618909,2192,Bajo
2026-04-16,0.433901,0.443351,0.618554,2192,Bajo
2026-04-17,0.420531,0.443162,0.618372,2192,Bajo
2026-04-18,0.41989,0.442951,0.618251,2192,Bajo
2026-04-19,0.430654,0.442778,0.618138,2192,Bajo
2026-04-20,0.430465,0.442692,0.617711,2192,Bajo
2026-04-21,0.425304,0.442347,0.61709,2192,Bajo
2026-04-22,0.407501,0.442004,0.6167,2192,Bajo
2026-04-23,0.406482,0.441646,0.616472,2192,Bajo
2026-04-24,0.408303,0.441352,0.616232,2192,Bajo
2026-04-25,0.383636,0.441244,0.616189,2192,Bajo
2026-04-26,0.356657,0.441152,0.616068,2192,Bajo
2026-04-27,0.364405,0.440973,0.615862,2192,Bajo
2026-04-28,0.368477,0.440824,0.615543,2192,Bajo
2026-04-29,0.370116,0.440705,0.61466,2192,Bajo
2026-04-30,0.364762,0.440573,0.613559,2192,Bajo
2026-05-01,0.371501,0.440439,0.613156,2192,Bajo
2026-05-02,0.36246,0.440326,0.613026,2192,Bajo
2026-05-03,0.362939,0.440235,0.612904,2192,Bajo
2026-05-04,0.364891,0.440083,0.612534,2192,Bajo
2026-05-05,0.359287,0.439842,0.611968,2192,Bajo
2026-05-06,0.358319,0.439618,0.611659,2192,Bajo
2026-05-07,0.339522,0.439391,0.610845,2192,Bajo
2026-05-08,0.33515,0.439276,0.609809,2192,Bajo
2026-05-09,0.334564,0.438912,0.609585,2192,Bajo
2026-05-10,0.335901,0.438491,0.608971,2192,Bajo
2026-05-11,0.337435,0.43826,0.608044,2192,Bajo
2026-05-12,0.319295,0.438037,0.607488,2192,Bajo
2026-05-13,0.278246,0.43763,0.607273,2192,Bajo
2026-05-14,0.286175,0.437444,0.606978,2192,Bajo
2026-05-15,0.301619,0.437278,0.606725,2192,Bajo
2026-05-16,0.305221,0.436883,0.606548,2192,Bajo
2026-05-17,0.294484,0.436558,0.606422,2192,Bajo
2026-05-18,0.288138,0.436416,0.606294,2192,Bajo
2026-05-19,0.272659,0.436341,0.606162,2192,Bajo
2026-05-20,0.257831,0.436182,0.605982,2192,Bajo
2026-05-21,0.257061,0.436072,0.605828,2192,Bajo
2026-05-22,0.260461,0.43569,0.605536,2192,Bajo
2026-05-23,0.267115,0.434611,0.605194,2192,Bajo
2026-05-24,0.265318,0.433988,0.605055,2192,Bajo
2026-05-25,0.265525,0.433788,0.604533,2192,Bajo
2026-05-26,0.268732,0.433667,0.603678,2192,Bajo
2026-05-27,0.271375,0.433529,0.603431,2192,Bajo
2026-05-28,0.269996,0.433343,0.602993,2192,Bajo
2026-05-29,0.269042,0.433194,0.602596,2192,Bajo
2026-05-30,0.268293,0.432861,0.602275,2192,Bajo
2026-05-31,0.251355,0.43269,0.601894,2192,Bajo
2026-06-01,0.269184,0.432517,0.601458,2192,Bajo
2026-06-02,0.349692,0.432401,0.600808,2192,Bajo
2026-06-03,0.360826,0.432339,0.600593,2192,Bajo
2026-06-04,0.353391,0.432213,0.600564,2192,Bajo
2026-06-05,0.371384,0.432156,0.600527,2192,Bajo
2026-06-06,0.370888,0.431825,0.600444,2192,Bajo
2026-06-07,0.40644,0.431605,0.600296,2192,Bajo
2026-06-08,0.403718,0.431157,0.600038,2192,Bajo
2026-06-09,0.394399,0.430835,0.599518,2192,Bajo
2026-06-10,0.394688,0.430772,0.599286,2192,Bajo
2026-06-11,0.421614,0.430719,0.599271,2192,Bajo
2026-06-12,0.421552,0.430668,0.599151,2192,Bajo
2026-06-13,0.415243,0.4306,0.598785,2192,Bajo
2026-06-14,0.420782,0.430501,0.598465,2192,Bajo
2026-06-15,0.423324,0.430419,0.598367,2192,Bajo
2026-06-16,0.423455,0.430327,0.597982,2192,Bajo
2026-06-17,0.425687,0.430046,0.597148,2192,Bajo
2026-06-18,0.430306,0.430046,0.596779,2192,Normal
2026-06-19,0.4304,0.430046,0.596401,2192,Normal
2026-06-20,0.434464,0.430046,0.596401,2192,Normal
2026-06-21,0.429167,0.429923,0.596401,2192,Bajo
2026-06-22,0.426501,0.429419,0.596401,2192,Bajo
2026-06-23,0.427751,0.429088,0.596401,2192,Bajo
2026-06-24,0.431578,0.429088,0.596401,2192,Normal
2026-06-25,0.432517,0.429088,0.596401,2192,Normal
2026-06-26,0.432753,0.429088,0.596401,2192,Normal
2026-06-27,0.432983,0.429088,0.596401,2192,Normal
2026-06-28,0.432643,0.429088,0.596401,2192,Normal
2026-06-29,0.435422,0.429088,0.596401,2192,Normal
2026-06-30,0.441092,0.429088,0.596401,2192,Normal
2026-07-01,0.446233,0.429088,0.596401,2192,Normal
2026-07-02,0.399646,0.428798,0.596401,2192,Bajo
2026-07-03,0.381466,0.428798,0.596401,2192,Bajo
2026-07-04,0.382823,0.428798,0.596401,2192,Bajo
2026-07-05,0.349086,0.428798,0.596401,2192,Bajo
2026-07-06,0.349159,0.428798,0.596401,2192,Bajo
2026-07-07,0.323622,0.428798,0.596401,2192,Bajo
2026-07-08,0.328841,0.428798,0.596401,2192,Bajo
2026-07-09,0.323596,0.428798,0.596401,2192,Bajo
2026-07-10,0.326662,0.428798,0.596401,2192,Bajo
2026-07-11,0.305887,0.428798,0.596401,2192,Bajo
2026-07-12,0.305891,0.428798,0.596401,2192,Bajo
2026-07-13,0.312321,0.428798,0.596401,2192,Bajo
2026-07-14,0.340844,0.428798,0.596401,2192,Bajo
2026-07-15,0.339492,0.428798,0.596401,2192,Bajo
2026-07-16,0.34129,0.428798,0.596401,2192,Bajo
2026-07-17,0.335773,0.428798,0.596401,2192,Bajo
2026-07-18,0.327679,0.428798,0.596401,2192,Bajo
2026-07-19,0.326362,0.428798,0.596401,2192,Bajo
2026-07-20,0.325009,0.428798,0.596401,2192,Bajo
2026-07-21,0.326266,0.428798,0.596401,2192,Bajo
2026-07-22,0.325636,0.428798,0.596401,2192,Bajo
2026-07-23,0.322068,0.428798,0.596401,2192,Bajo
2026-07-24,0.311399,0.428798,0.596401,2192,Bajo
2026-07-25,0.300113,0.428798,0.596401,2192,Bajo
2026-07-26,0.303615,0.428798,0.596401,2192,Bajo
2026-07-27,0.319029,0.428798,0.596401,2192,Bajo
2026-07-28,0.317045,0.428798,0.596401,2192,Bajo
2026-07-29,0.315347,0.428798,0.596401,2192,Bajo
2026-07-30,0.298652,0.428369,0.596401,2192,Bajo
2026-07-31,0.31029,0.428369,0.596401,2192,Bajo
2026-08-01,0.298626,0.428085,0.596401,2192,Bajo
2026-08-02,0.29567,0.427996,0.596401,2192,Bajo
2026-08-03,0.294105,0.427884,0.596401,2192,Bajo
2026-08-04,0.294626,0.427779,0.596401,2192,Bajo
2026-08-05,0.295232,0.427722,0.596401,2192,Bajo
2026-08-06,0.293246,0.427614,0.596401,2192,Bajo
2026-08-07,0.287835,0.427543,0.596401,2192,Bajo
2026-08-08,0.283542,0.427447,0.596401,2192,Bajo
2026-08-09,0.279239,0.427348,0.596401,2192,Bajo
2026-08-10,0.283553,0.427298,0.596401,2192,Bajo
2026-08-11,0.284282,0.427274,0.596401,2192,Bajo
2026-08-12,0.271531,0.427048,0.596401,2192,Bajo
2026-08-13,0.225,0.426913,0.596401,2192,Bajo
2026-08-14,0.22577,0.426845,0.596401,2192,Bajo
2026-08-15,0.220492,0.426756,0.596401,2192,Bajo
2026-08-16,0.220559,0.426576,0.596401,2192,Bajo
2026-08-17,0.234048,0.426491,0.596401,2192,Bajo
2026-08-18,0.23425,0.426439,0.596401,2192,Bajo
2026-08-19,0.334925,0.426412,0.596401,2192,Bajo
2026-08-20,0.373325,0.426359,0.596401,2192,Bajo
2026-08-21,0.438805,0.426359,0.596401,2192,Normal
2026-08-22,0.439097,0.426359,0.596401,2192,Normal
2026-08-23,0.432833,0.426359,0.596401,2192,Normal
2026-08-24,0.434012,0.426359,0.596401,2192,Normal
2026-08-25,0.434892,0.426359,0.596401,2192,Normal
2026-08-26,0.419723,0.426306,0.596401,2192,Bajo
2026-08-27,0.420394,0.426159,0.596401,2192,Bajo
2026-08-28,0.440915,0.426159,0.596401,2192,Normal
2026-08-29,0.440367,0.426159,0.596401,2192,Normal
2026-08-30,0.423649,0.426018,0.596401,2192,Bajo
2026-08-31,0.422865,0.425974,0.596401,2192,Bajo
2026-09-01,0.429747,0.425974,0.596401,2192,Normal
2026-09-02,0.429881,0.426018,0.596401,2192,Normal
2026-09-03,0.455782,0.426159,0.596401,2192,Normal
2026-09-04,0.465873,0.426159,0.596401,2192,Normal
2026-09-05,0.464134,0.426159,0.596401,2192,Normal
2026-09-06,0.464062,0.426159,0.596401,2192,Normal
2026-09-07,0.470345,0.426159,0.596401,2192,Normal
2026-09-08,0.47249,0.426159,0.596401,2192,Normal
2026-09-09,0.467456,0.426159,0.596401,2192,Normal
2026-09-10,0.476761,0.426159,0.596401,2192,Normal
2026-09-11,0.475882,0.426159,0.596401,2192,Normal
2026-09-12,0.475793,0.426159,0.596401,2192,Normal
2026-09-13,0.475441,0.426159,0.596401,2192,Normal
2026-09-14,0.476506,0.426159,0.596401,2192,Normal
2026-09-15,0.496587,0.426159,0.596401,2192,Normal
2026-09-16,0.49146,0.426159,0.596401,2192,Normal
2026-09-17,0.491478,0.426159,0.596401,2192,Normal
2026-09-18,0.474423,0.426159,0.596401,2192,Normal
2026-09-19,0.443084,0.426159,0.596401,2192,Normal
2026-09-20,0.372002,0.426018,0.596401,2192,Bajo
2026-09-21,0.434336,0.426018,0.596401,2192,Normal
2026-09-23,0.427653,0.426018,0.596401,2192,Normal
2026-09-24,0.433466,0.426018,0.596401,2192,Normal
2026-09-25,0.433335,0.426018,0.596401,2192,Normal
2026-09-26,0.430839,0.426018,0.596401,2192,Normal
